{"type":"FeatureCollection","name":"env_catch_basins","crs":{"type":"name","properties":{"name":"urn:ogc:def:crs:OGC:1.3:CRS84"}},"features":[{"type":"Feature","id":"ENV_CATCH_BASINS-000000","geometry":{"type":"Point","coordinates":[39.253031,21.500282]},"properties":{"depth_m":-1.0,"invert_level_m":-1.0,"branch":"السليمانية","basin_id":"ENV_CATCH_BASINS-000000"}},{"type":"Feature","id":"ENV_CATCH_BASINS-000001","geometry":{"type":"Point","coordinates":[39.253981,21.492902]},"properties":{"depth_m":-1.0,"invert_level_m":-1.0,"branch":"السليمانية","basin_id":"ENV_CATCH_BASINS-000001"}},{"type":"Feature","id":"ENV_CATCH_BASINS-000002","geometry":{"type":"Point","coordinates":[39.252886,21.48985]},"properties":{"depth_m":-1.0,"invert_level_m":-1.0,"branch":"السليمانية","basin_id":"ENV_CATCH_BASINS-000002"}},{"type":"Feature","id":"ENV_CATCH_BASINS-000003","geometry":{"type":"Point","coordinates":[39.252624,21.489785]},"properties":{"depth_m":-1.0,"invert_level_m":-1.0,"branch":"السليمانية","basin_id":"ENV_CATCH_BASINS-000003"}},{"type":"Feature","id":"ENV_CATCH_BASINS-000004","geometry":{"type":"Point","coordinates":[39.252871,21.489666]},"properties":{"depth_m":-1.0,"invert_level_m":-1.0,"branch":"السليمانية","basin_id":"ENV_CATCH_BASINS-000004"}},{"type":"Feature","id":"ENV_CATCH_BASINS-000005","geometry":{"type":"Point","coordinates":[39.252142,21.488821]},"properties":{"depth_m":-1.0,"invert_level_m":-1.0,"branch":"السليمانية","basin_id":"ENV_CATCH_BASINS-000005"}},{"type":"Feature","id":"ENV_CATCH_BASINS-000006","geometry":{"type":"Point","coordinates":[39.25269,21.486549]},"properties":{"depth_m":-1.0,"invert_level_m":-1.0,"branch":"السليمانية","basin_id":"ENV_CATCH_BASINS-000006"}},{"type":"Feature","id":"ENV_CATCH_BASINS-000007","geometry":{"type":"Point","coordinates":[39.252729,21.486331]},"properties":{"depth_m":-1.0,"invert_level_m":-1.0,"branch":"السليمانية","basin_id":"ENV_CATCH_BASINS-000007"}},{"type":"Feature","id":"ENV_CATCH_BASINS-000008","geometry":{"type":"Point","coordinates":[39.252969,21.486363]},"properties":{"depth_m":-1.0,"invert_level_m":-1.0,"branch":"السليمانية","basin_id":"ENV_CATCH_BASINS-000008"}},{"type":"Feature","id":"ENV_CATCH_BASINS-000009","geometry":{"type":"Point","coordinates":[39.253283,21.488517]},"properties":{"depth_m":-1.0,"invert_level_m":-1.0,"branch":"السليمانية","basin_id":"ENV_CATCH_BASINS-000009"}},{"type":"Feature","id":"ENV_CATCH_BASINS-000010","geometry":{"type":"Point","coordinates":[39.25339,21.488679]},"properties":{"depth_m":-1.0,"invert_level_m":-1.0,"branch":"السليمانية","basin_id":"ENV_CATCH_BASINS-000010"}},{"type":"Feature","id":"ENV_CATCH_BASINS-000011","geometry":{"type":"Point","coordinates":[39.253852,21.493144]},"properties":{"depth_m":-1.0,"invert_level_m":-1.0,"branch":"السليمانية","basin_id":"ENV_CATCH_BASINS-000011"}},{"type":"Feature","id":"ENV_CATCH_BASINS-000012","geometry":{"type":"Point","coordinates":[39.253936,21.493724]},"properties":{"depth_m":-1.0,"invert_level_m":-1.0,"branch":"السليمانية","basin_id":"ENV_CATCH_BASINS-000012"}},{"type":"Feature","id":"ENV_CATCH_BASINS-000013","geometry":{"type":"Point","coordinates":[39.243487,21.4911]},"properties":{"depth_m":2.0,"invert_level_m":0.3,"branch":"السليمانية","basin_id":"ENV_CATCH_BASINS-000013"}},{"type":"Feature","id":"ENV_CATCH_BASINS-000014","geometry":{"type":"Point","coordinates":[39.244397,21.497257]},"properties":{"depth_m":-1.0,"invert_level_m":30.305,"branch":"السليمانية","basin_id":"ENV_CATCH_BASINS-000014"}},{"type":"Feature","id":"ENV_CATCH_BASINS-000015","geometry":{"type":"Point","coordinates":[39.243806,21.49143]},"properties":{"depth_m":1.8,"invert_level_m":0.3,"branch":"السليمانية","basin_id":"ENV_CATCH_BASINS-000015"}},{"type":"Feature","id":"ENV_CATCH_BASINS-000016","geometry":{"type":"Point","coordinates":[39.243046,21.491611]},"properties":{"depth_m":-1.0,"invert_level_m":-1.0,"branch":"السليمانية","basin_id":"ENV_CATCH_BASINS-000016"}},{"type":"Feature","id":"ENV_CATCH_BASINS-000017","geometry":{"type":"Point","coordinates":[39.243066,21.491775]},"properties":{"depth_m":1.9,"invert_level_m":0.3,"branch":"السليمانية","basin_id":"ENV_CATCH_BASINS-000017"}},{"type":"Feature","id":"ENV_CATCH_BASINS-000018","geometry":{"type":"Point","coordinates":[39.233544,21.49887]},"properties":{"depth_m":1.7,"invert_level_m":1.2,"branch":"السليمانية","basin_id":"ENV_CATCH_BASINS-000018"}},{"type":"Feature","id":"ENV_CATCH_BASINS-000019","geometry":{"type":"Point","coordinates":[39.234183,21.498986]},"properties":{"depth_m":1.7,"invert_level_m":1.2,"branch":"السليمانية","basin_id":"ENV_CATCH_BASINS-000019"}},{"type":"Feature","id":"ENV_CATCH_BASINS-000020","geometry":{"type":"Point","coordinates":[39.234158,21.498791]},"properties":{"depth_m":1.5,"invert_level_m":1.2,"branch":"السليمانية","basin_id":"ENV_CATCH_BASINS-000020"}},{"type":"Feature","id":"ENV_CATCH_BASINS-000021","geometry":{"type":"Point","coordinates":[39.253184,21.491496]},"properties":{"depth_m":1.5,"invert_level_m":0.5,"branch":"السليمانية","basin_id":"ENV_CATCH_BASINS-000021"}},{"type":"Feature","id":"ENV_CATCH_BASINS-000022","geometry":{"type":"Point","coordinates":[39.247022,21.497567]},"properties":{"depth_m":-1.0,"invert_level_m":-1.0,"branch":"السليمانية","basin_id":"ENV_CATCH_BASINS-000022"}},{"type":"Feature","id":"ENV_CATCH_BASINS-000023","geometry":{"type":"Point","coordinates":[39.24684,21.497537]},"properties":{"depth_m":-1.0,"invert_level_m":-1.0,"branch":"السليمانية","basin_id":"ENV_CATCH_BASINS-000023"}},{"type":"Feature","id":"ENV_CATCH_BASINS-000024","geometry":{"type":"Point","coordinates":[39.246557,21.49749]},"properties":{"depth_m":-1.0,"invert_level_m":-1.0,"branch":"السليمانية","basin_id":"ENV_CATCH_BASINS-000024"}},{"type":"Feature","id":"ENV_CATCH_BASINS-000025","geometry":{"type":"Point","coordinates":[39.244091,21.494375]},"properties":{"depth_m":-1.0,"invert_level_m":-1.0,"branch":"السليمانية","basin_id":"ENV_CATCH_BASINS-000025"}},{"type":"Feature","id":"ENV_CATCH_BASINS-000026","geometry":{"type":"Point","coordinates":[39.244326,21.494508]},"properties":{"depth_m":-1.0,"invert_level_m":-1.0,"branch":"السليمانية","basin_id":"ENV_CATCH_BASINS-000026"}},{"type":"Feature","id":"ENV_CATCH_BASINS-000027","geometry":{"type":"Point","coordinates":[39.244136,21.494548]},"properties":{"depth_m":-1.0,"invert_level_m":-1.0,"branch":"السليمانية","basin_id":"ENV_CATCH_BASINS-000027"}},{"type":"Feature","id":"ENV_CATCH_BASINS-000028","geometry":{"type":"Point","coordinates":[39.244622,21.497106]},"properties":{"depth_m":-1.0,"invert_level_m":30.305,"branch":"السليمانية","basin_id":"ENV_CATCH_BASINS-000028"}},{"type":"Feature","id":"ENV_CATCH_BASINS-000029","geometry":{"type":"Point","coordinates":[39.244593,21.497251]},"properties":{"depth_m":-1.0,"invert_level_m":30.305,"branch":"السليمانية","basin_id":"ENV_CATCH_BASINS-000029"}},{"type":"Feature","id":"ENV_CATCH_BASINS-000030","geometry":{"type":"Point","coordinates":[39.244432,21.497075]},"properties":{"depth_m":-1.0,"invert_level_m":31.438,"branch":"السليمانية","basin_id":"ENV_CATCH_BASINS-000030"}},{"type":"Feature","id":"ENV_CATCH_BASINS-000031","geometry":{"type":"Point","coordinates":[39.244405,21.497219]},"properties":{"depth_m":-1.0,"invert_level_m":30.305,"branch":"السليمانية","basin_id":"ENV_CATCH_BASINS-000031"}},{"type":"Feature","id":"ENV_CATCH_BASINS-000032","geometry":{"type":"Point","coordinates":[39.244521,21.497426]},"properties":{"depth_m":-1.0,"invert_level_m":31.432,"branch":"السليمانية","basin_id":"ENV_CATCH_BASINS-000032"}},{"type":"Feature","id":"ENV_CATCH_BASINS-000033","geometry":{"type":"Point","coordinates":[39.244479,21.49734]},"properties":{"depth_m":-1.0,"invert_level_m":30.345,"branch":"السليمانية","basin_id":"ENV_CATCH_BASINS-000033"}},{"type":"Feature","id":"ENV_CATCH_BASINS-000034","geometry":{"type":"Point","coordinates":[39.244408,21.497407]},"properties":{"depth_m":-1.0,"invert_level_m":31.422,"branch":"السليمانية","basin_id":"ENV_CATCH_BASINS-000034"}},{"type":"Feature","id":"ENV_CATCH_BASINS-000035","geometry":{"type":"Point","coordinates":[39.244586,21.497289]},"properties":{"depth_m":-1.0,"invert_level_m":30.305,"branch":"السليمانية","basin_id":"ENV_CATCH_BASINS-000035"}},{"type":"Feature","id":"ENV_CATCH_BASINS-000036","geometry":{"type":"Point","coordinates":[39.243614,21.498361]},"properties":{"depth_m":-1.0,"invert_level_m":31.537,"branch":"السليمانية","basin_id":"ENV_CATCH_BASINS-000036"}},{"type":"Feature","id":"ENV_CATCH_BASINS-000037","geometry":{"type":"Point","coordinates":[39.246151,21.499739]},"properties":{"depth_m":-1.0,"invert_level_m":-1.0,"branch":"السليمانية","basin_id":"ENV_CATCH_BASINS-000037"}},{"type":"Feature","id":"ENV_CATCH_BASINS-000038","geometry":{"type":"Point","coordinates":[39.24643,21.499874]},"properties":{"depth_m":-1.0,"invert_level_m":-1.0,"branch":"السليمانية","basin_id":"ENV_CATCH_BASINS-000038"}},{"type":"Feature","id":"ENV_CATCH_BASINS-000039","geometry":{"type":"Point","coordinates":[39.246316,21.49995]},"properties":{"depth_m":-1.0,"invert_level_m":-1.0,"branch":"السليمانية","basin_id":"ENV_CATCH_BASINS-000039"}},{"type":"Feature","id":"ENV_CATCH_BASINS-000040","geometry":{"type":"Point","coordinates":[39.246431,21.499962]},"properties":{"depth_m":-1.0,"invert_level_m":-1.0,"branch":"السليمانية","basin_id":"ENV_CATCH_BASINS-000040"}},{"type":"Feature","id":"ENV_CATCH_BASINS-000041","geometry":{"type":"Point","coordinates":[39.246601,21.499932]},"properties":{"depth_m":-1.0,"invert_level_m":-1.0,"branch":"السليمانية","basin_id":"ENV_CATCH_BASINS-000041"}},{"type":"Feature","id":"ENV_CATCH_BASINS-000042","geometry":{"type":"Point","coordinates":[39.246678,21.500017]},"properties":{"depth_m":-1.0,"invert_level_m":-1.0,"branch":"السليمانية","basin_id":"ENV_CATCH_BASINS-000042"}},{"type":"Feature","id":"ENV_CATCH_BASINS-000043","geometry":{"type":"Point","coordinates":[39.246858,21.50002]},"properties":{"depth_m":-1.0,"invert_level_m":-1.0,"branch":"السليمانية","basin_id":"ENV_CATCH_BASINS-000043"}},{"type":"Feature","id":"ENV_CATCH_BASINS-000044","geometry":{"type":"Point","coordinates":[39.246901,21.500018]},"properties":{"depth_m":-1.0,"invert_level_m":-1.0,"branch":"السليمانية","basin_id":"ENV_CATCH_BASINS-000044"}},{"type":"Feature","id":"ENV_CATCH_BASINS-000045","geometry":{"type":"Point","coordinates":[39.246958,21.500244]},"properties":{"depth_m":-1.0,"invert_level_m":-1.0,"branch":"السليمانية","basin_id":"ENV_CATCH_BASINS-000045"}},{"type":"Feature","id":"ENV_CATCH_BASINS-000046","geometry":{"type":"Point","coordinates":[39.247093,21.500127]},"properties":{"depth_m":-1.0,"invert_level_m":-1.0,"branch":"السليمانية","basin_id":"ENV_CATCH_BASINS-000046"}},{"type":"Feature","id":"ENV_CATCH_BASINS-000047","geometry":{"type":"Point","coordinates":[39.246494,21.500467]},"properties":{"depth_m":-1.0,"invert_level_m":-1.0,"branch":"السليمانية","basin_id":"ENV_CATCH_BASINS-000047"}},{"type":"Feature","id":"ENV_CATCH_BASINS-000048","geometry":{"type":"Point","coordinates":[39.24671,21.500851]},"properties":{"depth_m":-1.0,"invert_level_m":-1.0,"branch":"السليمانية","basin_id":"ENV_CATCH_BASINS-000048"}},{"type":"Feature","id":"ENV_CATCH_BASINS-000049","geometry":{"type":"Point","coordinates":[39.246741,21.500859]},"properties":{"depth_m":-1.0,"invert_level_m":-1.0,"branch":"السليمانية","basin_id":"ENV_CATCH_BASINS-000049"}},{"type":"Feature","id":"ENV_CATCH_BASINS-000050","geometry":{"type":"Point","coordinates":[39.2469,21.500901]},"properties":{"depth_m":-1.0,"invert_level_m":-1.0,"branch":"السليمانية","basin_id":"ENV_CATCH_BASINS-000050"}},{"type":"Feature","id":"ENV_CATCH_BASINS-000051","geometry":{"type":"Point","coordinates":[39.246932,21.500908]},"properties":{"depth_m":-1.0,"invert_level_m":-1.0,"branch":"السليمانية","basin_id":"ENV_CATCH_BASINS-000051"}},{"type":"Feature","id":"ENV_CATCH_BASINS-000052","geometry":{"type":"Point","coordinates":[39.247094,21.500947]},"properties":{"depth_m":-1.0,"invert_level_m":-1.0,"branch":"السليمانية","basin_id":"ENV_CATCH_BASINS-000052"}},{"type":"Feature","id":"ENV_CATCH_BASINS-000053","geometry":{"type":"Point","coordinates":[39.246551,21.500809]},"properties":{"depth_m":-1.0,"invert_level_m":-1.0,"branch":"السليمانية","basin_id":"ENV_CATCH_BASINS-000053"}},{"type":"Feature","id":"ENV_CATCH_BASINS-000054","geometry":{"type":"Point","coordinates":[39.247029,21.501119]},"properties":{"depth_m":-1.0,"invert_level_m":-1.0,"branch":"السليمانية","basin_id":"ENV_CATCH_BASINS-000054"}},{"type":"Feature","id":"ENV_CATCH_BASINS-000055","geometry":{"type":"Point","coordinates":[39.246876,21.501072]},"properties":{"depth_m":-1.0,"invert_level_m":-1.0,"branch":"السليمانية","basin_id":"ENV_CATCH_BASINS-000055"}},{"type":"Feature","id":"ENV_CATCH_BASINS-000056","geometry":{"type":"Point","coordinates":[39.246846,21.50106]},"properties":{"depth_m":-1.0,"invert_level_m":-1.0,"branch":"السليمانية","basin_id":"ENV_CATCH_BASINS-000056"}},{"type":"Feature","id":"ENV_CATCH_BASINS-000057","geometry":{"type":"Point","coordinates":[39.246695,21.500999]},"properties":{"depth_m":-1.0,"invert_level_m":-1.0,"branch":"السليمانية","basin_id":"ENV_CATCH_BASINS-000057"}},{"type":"Feature","id":"ENV_CATCH_BASINS-000058","geometry":{"type":"Point","coordinates":[39.246665,21.500987]},"properties":{"depth_m":-1.0,"invert_level_m":-1.0,"branch":"السليمانية","basin_id":"ENV_CATCH_BASINS-000058"}},{"type":"Feature","id":"ENV_CATCH_BASINS-000059","geometry":{"type":"Point","coordinates":[39.246515,21.500935]},"properties":{"depth_m":-1.0,"invert_level_m":-1.0,"branch":"السليمانية","basin_id":"ENV_CATCH_BASINS-000059"}},{"type":"Feature","id":"ENV_CATCH_BASINS-000060","geometry":{"type":"Point","coordinates":[39.246403,21.500949]},"properties":{"depth_m":-1.0,"invert_level_m":-1.0,"branch":"السليمانية","basin_id":"ENV_CATCH_BASINS-000060"}},{"type":"Feature","id":"ENV_CATCH_BASINS-000061","geometry":{"type":"Point","coordinates":[39.246817,21.501502]},"properties":{"depth_m":-1.0,"invert_level_m":-1.0,"branch":"السليمانية","basin_id":"ENV_CATCH_BASINS-000061"}},{"type":"Feature","id":"ENV_CATCH_BASINS-000062","geometry":{"type":"Point","coordinates":[39.246696,21.501398]},"properties":{"depth_m":-1.0,"invert_level_m":-1.0,"branch":"السليمانية","basin_id":"ENV_CATCH_BASINS-000062"}},{"type":"Feature","id":"ENV_CATCH_BASINS-000063","geometry":{"type":"Point","coordinates":[39.246552,21.501515]},"properties":{"depth_m":-1.0,"invert_level_m":-1.0,"branch":"السليمانية","basin_id":"ENV_CATCH_BASINS-000063"}},{"type":"Feature","id":"ENV_CATCH_BASINS-000064","geometry":{"type":"Point","coordinates":[39.246512,21.501561]},"properties":{"depth_m":-1.0,"invert_level_m":-1.0,"branch":"السليمانية","basin_id":"ENV_CATCH_BASINS-000064"}},{"type":"Feature","id":"ENV_CATCH_BASINS-000065","geometry":{"type":"Point","coordinates":[39.246346,21.501494]},"properties":{"depth_m":-1.0,"invert_level_m":-1.0,"branch":"السليمانية","basin_id":"ENV_CATCH_BASINS-000065"}},{"type":"Feature","id":"ENV_CATCH_BASINS-000066","geometry":{"type":"Point","coordinates":[39.246286,21.501504]},"properties":{"depth_m":-1.0,"invert_level_m":-1.0,"branch":"السليمانية","basin_id":"ENV_CATCH_BASINS-000066"}},{"type":"Feature","id":"ENV_CATCH_BASINS-000067","geometry":{"type":"Point","coordinates":[39.246157,21.501402]},"properties":{"depth_m":-1.0,"invert_level_m":-1.0,"branch":"السليمانية","basin_id":"ENV_CATCH_BASINS-000067"}},{"type":"Feature","id":"ENV_CATCH_BASINS-000068","geometry":{"type":"Point","coordinates":[39.246107,21.501475]},"properties":{"depth_m":-1.0,"invert_level_m":-1.0,"branch":"السليمانية","basin_id":"ENV_CATCH_BASINS-000068"}},{"type":"Feature","id":"ENV_CATCH_BASINS-000069","geometry":{"type":"Point","coordinates":[39.24559,21.501572]},"properties":{"depth_m":-1.0,"invert_level_m":-1.0,"branch":"السليمانية","basin_id":"ENV_CATCH_BASINS-000069"}},{"type":"Feature","id":"ENV_CATCH_BASINS-000070","geometry":{"type":"Point","coordinates":[39.245005,21.501559]},"properties":{"depth_m":-1.0,"invert_level_m":-1.0,"branch":"السليمانية","basin_id":"ENV_CATCH_BASINS-000070"}},{"type":"Feature","id":"ENV_CATCH_BASINS-000071","geometry":{"type":"Point","coordinates":[39.244319,21.501354]},"properties":{"depth_m":-1.0,"invert_level_m":-1.0,"branch":"السليمانية","basin_id":"ENV_CATCH_BASINS-000071"}},{"type":"Feature","id":"ENV_CATCH_BASINS-000072","geometry":{"type":"Point","coordinates":[39.244066,21.501376]},"properties":{"depth_m":-1.0,"invert_level_m":-1.0,"branch":"السليمانية","basin_id":"ENV_CATCH_BASINS-000072"}},{"type":"Feature","id":"ENV_CATCH_BASINS-000073","geometry":{"type":"Point","coordinates":[39.243544,21.501485]},"properties":{"depth_m":-1.0,"invert_level_m":-1.0,"branch":"السليمانية","basin_id":"ENV_CATCH_BASINS-000073"}},{"type":"Feature","id":"ENV_CATCH_BASINS-000074","geometry":{"type":"Point","coordinates":[39.252933,21.490198]},"properties":{"depth_m":1.5,"invert_level_m":0.4,"branch":"السليمانية","basin_id":"ENV_CATCH_BASINS-000074"}},{"type":"Feature","id":"ENV_CATCH_BASINS-000075","geometry":{"type":"Point","coordinates":[39.252689,21.490224]},"properties":{"depth_m":1.5,"invert_level_m":0.4,"branch":"السليمانية","basin_id":"ENV_CATCH_BASINS-000075"}},{"type":"Feature","id":"ENV_CATCH_BASINS-000076","geometry":{"type":"Point","coordinates":[39.252854,21.490602]},"properties":{"depth_m":1.5,"invert_level_m":0.4,"branch":"السليمانية","basin_id":"ENV_CATCH_BASINS-000076"}},{"type":"Feature","id":"ENV_CATCH_BASINS-000077","geometry":{"type":"Point","coordinates":[39.253012,21.490623]},"properties":{"depth_m":1.5,"invert_level_m":0.5,"branch":"السليمانية","basin_id":"ENV_CATCH_BASINS-000077"}},{"type":"Feature","id":"ENV_CATCH_BASINS-000078","geometry":{"type":"Point","coordinates":[39.253145,21.490969]},"properties":{"depth_m":1.5,"invert_level_m":0.5,"branch":"السليمانية","basin_id":"ENV_CATCH_BASINS-000078"}},{"type":"Feature","id":"ENV_CATCH_BASINS-000079","geometry":{"type":"Point","coordinates":[39.253011,21.491025]},"properties":{"depth_m":1.5,"invert_level_m":0.4,"branch":"السليمانية","basin_id":"ENV_CATCH_BASINS-000079"}},{"type":"Feature","id":"ENV_CATCH_BASINS-000080","geometry":{"type":"Point","coordinates":[39.253384,21.491362]},"properties":{"depth_m":1.5,"invert_level_m":0.5,"branch":"السليمانية","basin_id":"ENV_CATCH_BASINS-000080"}},{"type":"Feature","id":"ENV_CATCH_BASINS-000081","geometry":{"type":"Point","coordinates":[39.253189,21.491482]},"properties":{"depth_m":1.5,"invert_level_m":0.5,"branch":"السليمانية","basin_id":"ENV_CATCH_BASINS-000081"}},{"type":"Feature","id":"ENV_CATCH_BASINS-000082","geometry":{"type":"Point","coordinates":[39.253642,21.49175]},"properties":{"depth_m":1.5,"invert_level_m":0.5,"branch":"السليمانية","basin_id":"ENV_CATCH_BASINS-000082"}},{"type":"Feature","id":"ENV_CATCH_BASINS-000083","geometry":{"type":"Point","coordinates":[39.253453,21.49186]},"properties":{"depth_m":1.5,"invert_level_m":0.5,"branch":"السليمانية","basin_id":"ENV_CATCH_BASINS-000083"}},{"type":"Feature","id":"ENV_CATCH_BASINS-000084","geometry":{"type":"Point","coordinates":[39.253441,21.491869]},"properties":{"depth_m":1.5,"invert_level_m":0.5,"branch":"السليمانية","basin_id":"ENV_CATCH_BASINS-000084"}},{"type":"Feature","id":"ENV_CATCH_BASINS-000085","geometry":{"type":"Point","coordinates":[39.253789,21.492157]},"properties":{"depth_m":1.5,"invert_level_m":0.6,"branch":"السليمانية","basin_id":"ENV_CATCH_BASINS-000085"}},{"type":"Feature","id":"ENV_CATCH_BASINS-000086","geometry":{"type":"Point","coordinates":[39.253692,21.49221]},"properties":{"depth_m":1.2,"invert_level_m":0.8,"branch":"السليمانية","basin_id":"ENV_CATCH_BASINS-000086"}},{"type":"Feature","id":"ENV_CATCH_BASINS-000087","geometry":{"type":"Point","coordinates":[39.254219,21.493115]},"properties":{"depth_m":1.6,"invert_level_m":0.4,"branch":"السليمانية","basin_id":"ENV_CATCH_BASINS-000087"}},{"type":"Feature","id":"ENV_CATCH_BASINS-000088","geometry":{"type":"Point","coordinates":[39.25436,21.493783]},"properties":{"depth_m":1.2,"invert_level_m":0.2,"branch":"السليمانية","basin_id":"ENV_CATCH_BASINS-000088"}},{"type":"Feature","id":"ENV_CATCH_BASINS-000089","geometry":{"type":"Point","coordinates":[39.254184,21.493809]},"properties":{"depth_m":0.8,"invert_level_m":0.4,"branch":"السليمانية","basin_id":"ENV_CATCH_BASINS-000089"}},{"type":"Feature","id":"ENV_CATCH_BASINS-000090","geometry":{"type":"Point","coordinates":[39.254234,21.494238]},"properties":{"depth_m":1.2,"invert_level_m":0.5,"branch":"السليمانية","basin_id":"ENV_CATCH_BASINS-000090"}},{"type":"Feature","id":"ENV_CATCH_BASINS-000091","geometry":{"type":"Point","coordinates":[39.254345,21.494238]},"properties":{"depth_m":1.2,"invert_level_m":0.2,"branch":"السليمانية","basin_id":"ENV_CATCH_BASINS-000091"}},{"type":"Feature","id":"ENV_CATCH_BASINS-000092","geometry":{"type":"Point","coordinates":[39.254231,21.494693]},"properties":{"depth_m":1.5,"invert_level_m":1.0,"branch":"السليمانية","basin_id":"ENV_CATCH_BASINS-000092"}},{"type":"Feature","id":"ENV_CATCH_BASINS-000093","geometry":{"type":"Point","coordinates":[39.254343,21.49471]},"properties":{"depth_m":1.0,"invert_level_m":0.5,"branch":"السليمانية","basin_id":"ENV_CATCH_BASINS-000093"}},{"type":"Feature","id":"ENV_CATCH_BASINS-000094","geometry":{"type":"Point","coordinates":[39.254169,21.495163]},"properties":{"depth_m":1.1,"invert_level_m":0.9,"branch":"السليمانية","basin_id":"ENV_CATCH_BASINS-000094"}},{"type":"Feature","id":"ENV_CATCH_BASINS-000095","geometry":{"type":"Point","coordinates":[39.254342,21.495185]},"properties":{"depth_m":0.8,"invert_level_m":0.5,"branch":"السليمانية","basin_id":"ENV_CATCH_BASINS-000095"}},{"type":"Feature","id":"ENV_CATCH_BASINS-000096","geometry":{"type":"Point","coordinates":[39.254083,21.495619]},"properties":{"depth_m":1.0,"invert_level_m":0.7,"branch":"السليمانية","basin_id":"ENV_CATCH_BASINS-000096"}},{"type":"Feature","id":"ENV_CATCH_BASINS-000097","geometry":{"type":"Point","coordinates":[39.254255,21.495657]},"properties":{"depth_m":1.2,"invert_level_m":0.2,"branch":"السليمانية","basin_id":"ENV_CATCH_BASINS-000097"}},{"type":"Feature","id":"ENV_CATCH_BASINS-000098","geometry":{"type":"Point","coordinates":[39.253999,21.496079]},"properties":{"depth_m":0.8,"invert_level_m":0.5,"branch":"السليمانية","basin_id":"ENV_CATCH_BASINS-000098"}},{"type":"Feature","id":"ENV_CATCH_BASINS-000099","geometry":{"type":"Point","coordinates":[39.254172,21.496096]},"properties":{"depth_m":0.8,"invert_level_m":0.5,"branch":"السليمانية","basin_id":"ENV_CATCH_BASINS-000099"}},{"type":"Feature","id":"ENV_CATCH_BASINS-000100","geometry":{"type":"Point","coordinates":[39.253968,21.496238]},"properties":{"depth_m":0.8,"invert_level_m":0.5,"branch":"السليمانية","basin_id":"ENV_CATCH_BASINS-000100"}},{"type":"Feature","id":"ENV_CATCH_BASINS-000101","geometry":{"type":"Point","coordinates":[39.254141,21.496271]},"properties":{"depth_m":1.2,"invert_level_m":0.3,"branch":"السليمانية","basin_id":"ENV_CATCH_BASINS-000101"}},{"type":"Feature","id":"ENV_CATCH_BASINS-000102","geometry":{"type":"Point","coordinates":[39.253921,21.496498]},"properties":{"depth_m":0.8,"invert_level_m":0.4,"branch":"السليمانية","basin_id":"ENV_CATCH_BASINS-000102"}},{"type":"Feature","id":"ENV_CATCH_BASINS-000103","geometry":{"type":"Point","coordinates":[39.254096,21.496513]},"properties":{"depth_m":1.2,"invert_level_m":0.4,"branch":"السليمانية","basin_id":"ENV_CATCH_BASINS-000103"}},{"type":"Feature","id":"ENV_CATCH_BASINS-000104","geometry":{"type":"Point","coordinates":[39.253836,21.496957]},"properties":{"depth_m":0.8,"invert_level_m":0.4,"branch":"السليمانية","basin_id":"ENV_CATCH_BASINS-000104"}},{"type":"Feature","id":"ENV_CATCH_BASINS-000105","geometry":{"type":"Point","coordinates":[39.25401,21.496983]},"properties":{"depth_m":1.2,"invert_level_m":0.4,"branch":"السليمانية","basin_id":"ENV_CATCH_BASINS-000105"}},{"type":"Feature","id":"ENV_CATCH_BASINS-000106","geometry":{"type":"Point","coordinates":[39.253757,21.497386]},"properties":{"depth_m":1.0,"invert_level_m":0.5,"branch":"السليمانية","basin_id":"ENV_CATCH_BASINS-000106"}},{"type":"Feature","id":"ENV_CATCH_BASINS-000107","geometry":{"type":"Point","coordinates":[39.253928,21.497424]},"properties":{"depth_m":1.2,"invert_level_m":1.0,"branch":"السليمانية","basin_id":"ENV_CATCH_BASINS-000107"}},{"type":"Feature","id":"ENV_CATCH_BASINS-000108","geometry":{"type":"Point","coordinates":[39.253672,21.497847]},"properties":{"depth_m":1.2,"invert_level_m":0.5,"branch":"السليمانية","basin_id":"ENV_CATCH_BASINS-000108"}},{"type":"Feature","id":"ENV_CATCH_BASINS-000109","geometry":{"type":"Point","coordinates":[39.253845,21.497871]},"properties":{"depth_m":1.2,"invert_level_m":0.3,"branch":"السليمانية","basin_id":"ENV_CATCH_BASINS-000109"}},{"type":"Feature","id":"ENV_CATCH_BASINS-000110","geometry":{"type":"Point","coordinates":[39.253596,21.498261]},"properties":{"depth_m":1.2,"invert_level_m":0.5,"branch":"السليمانية","basin_id":"ENV_CATCH_BASINS-000110"}},{"type":"Feature","id":"ENV_CATCH_BASINS-000111","geometry":{"type":"Point","coordinates":[39.253768,21.498285]},"properties":{"depth_m":1.2,"invert_level_m":0.3,"branch":"السليمانية","basin_id":"ENV_CATCH_BASINS-000111"}},{"type":"Feature","id":"ENV_CATCH_BASINS-000112","geometry":{"type":"Point","coordinates":[39.253503,21.498757]},"properties":{"depth_m":1.2,"invert_level_m":0.5,"branch":"السليمانية","basin_id":"ENV_CATCH_BASINS-000112"}},{"type":"Feature","id":"ENV_CATCH_BASINS-000113","geometry":{"type":"Point","coordinates":[39.253677,21.498777]},"properties":{"depth_m":1.2,"invert_level_m":0.2,"branch":"السليمانية","basin_id":"ENV_CATCH_BASINS-000113"}},{"type":"Feature","id":"ENV_CATCH_BASINS-000114","geometry":{"type":"Point","coordinates":[39.253424,21.499176]},"properties":{"depth_m":1.2,"invert_level_m":0.5,"branch":"السليمانية","basin_id":"ENV_CATCH_BASINS-000114"}},{"type":"Feature","id":"ENV_CATCH_BASINS-000115","geometry":{"type":"Point","coordinates":[39.253599,21.499192]},"properties":{"depth_m":1.2,"invert_level_m":0.3,"branch":"السليمانية","basin_id":"ENV_CATCH_BASINS-000115"}},{"type":"Feature","id":"ENV_CATCH_BASINS-000116","geometry":{"type":"Point","coordinates":[39.253328,21.499628]},"properties":{"depth_m":1.2,"invert_level_m":0.5,"branch":"السليمانية","basin_id":"ENV_CATCH_BASINS-000116"}},{"type":"Feature","id":"ENV_CATCH_BASINS-000117","geometry":{"type":"Point","coordinates":[39.253514,21.499656]},"properties":{"depth_m":1.2,"invert_level_m":0.5,"branch":"السليمانية","basin_id":"ENV_CATCH_BASINS-000117"}},{"type":"Feature","id":"ENV_CATCH_BASINS-000118","geometry":{"type":"Point","coordinates":[39.253217,21.499824]},"properties":{"depth_m":1.2,"invert_level_m":0.5,"branch":"السليمانية","basin_id":"ENV_CATCH_BASINS-000118"}},{"type":"Feature","id":"ENV_CATCH_BASINS-000119","geometry":{"type":"Point","coordinates":[39.253532,21.499837]},"properties":{"depth_m":1.2,"invert_level_m":0.5,"branch":"السليمانية","basin_id":"ENV_CATCH_BASINS-000119"}},{"type":"Feature","id":"ENV_CATCH_BASINS-000120","geometry":{"type":"Point","coordinates":[39.253371,21.499986]},"properties":{"depth_m":1.2,"invert_level_m":0.5,"branch":"السليمانية","basin_id":"ENV_CATCH_BASINS-000120"}},{"type":"Feature","id":"ENV_CATCH_BASINS-000121","geometry":{"type":"Point","coordinates":[39.25313,21.500038]},"properties":{"depth_m":1.2,"invert_level_m":0.5,"branch":"السليمانية","basin_id":"ENV_CATCH_BASINS-000121"}},{"type":"Feature","id":"ENV_CATCH_BASINS-000122","geometry":{"type":"Point","coordinates":[39.25447,21.493455]},"properties":{"depth_m":1.6,"invert_level_m":0.4,"branch":"السليمانية","basin_id":"ENV_CATCH_BASINS-000122"}},{"type":"Feature","id":"ENV_CATCH_BASINS-000123","geometry":{"type":"Point","coordinates":[39.253559,21.492097]},"properties":{"depth_m":-1.0,"invert_level_m":-1.0,"branch":"السليمانية","basin_id":"ENV_CATCH_BASINS-000123"}},{"type":"Feature","id":"ENV_CATCH_BASINS-000124","geometry":{"type":"Point","coordinates":[39.253912,21.493299]},"properties":{"depth_m":1.8,"invert_level_m":0.8,"branch":"السليمانية","basin_id":"ENV_CATCH_BASINS-000124"}},{"type":"Feature","id":"ENV_CATCH_BASINS-000125","geometry":{"type":"Point","coordinates":[39.253909,21.493472]},"properties":{"depth_m":1.7,"invert_level_m":0.4,"branch":"السليمانية","basin_id":"ENV_CATCH_BASINS-000125"}},{"type":"Feature","id":"ENV_CATCH_BASINS-000126","geometry":{"type":"Point","coordinates":[39.239649,21.498007]},"properties":{"depth_m":1.2,"invert_level_m":1.1,"branch":"السليمانية","basin_id":"ENV_CATCH_BASINS-000126"}},{"type":"Feature","id":"ENV_CATCH_BASINS-000127","geometry":{"type":"Point","coordinates":[39.239396,21.498052]},"properties":{"depth_m":1.2,"invert_level_m":0.5,"branch":"السليمانية","basin_id":"ENV_CATCH_BASINS-000127"}},{"type":"Feature","id":"ENV_CATCH_BASINS-000128","geometry":{"type":"Point","coordinates":[39.239127,21.498049]},"properties":{"depth_m":1.2,"invert_level_m":0.4,"branch":"السليمانية","basin_id":"ENV_CATCH_BASINS-000128"}},{"type":"Feature","id":"ENV_CATCH_BASINS-000129","geometry":{"type":"Point","coordinates":[39.24095,21.498068]},"properties":{"depth_m":1.1,"invert_level_m":0.5,"branch":"السليمانية","basin_id":"ENV_CATCH_BASINS-000129"}},{"type":"Feature","id":"ENV_CATCH_BASINS-000130","geometry":{"type":"Point","coordinates":[39.239975,21.498103]},"properties":{"depth_m":1.2,"invert_level_m":0.4,"branch":"السليمانية","basin_id":"ENV_CATCH_BASINS-000130"}},{"type":"Feature","id":"ENV_CATCH_BASINS-000131","geometry":{"type":"Point","coordinates":[39.240477,21.498102]},"properties":{"depth_m":1.2,"invert_level_m":0.7,"branch":"السليمانية","basin_id":"ENV_CATCH_BASINS-000131"}},{"type":"Feature","id":"ENV_CATCH_BASINS-000132","geometry":{"type":"Point","coordinates":[39.241434,21.498111]},"properties":{"depth_m":0.6,"invert_level_m":0.4,"branch":"السليمانية","basin_id":"ENV_CATCH_BASINS-000132"}},{"type":"Feature","id":"ENV_CATCH_BASINS-000133","geometry":{"type":"Point","coordinates":[39.240951,21.498173]},"properties":{"depth_m":0.6,"invert_level_m":0.4,"branch":"السليمانية","basin_id":"ENV_CATCH_BASINS-000133"}},{"type":"Feature","id":"ENV_CATCH_BASINS-000134","geometry":{"type":"Point","coordinates":[39.240766,21.498179]},"properties":{"depth_m":0.6,"invert_level_m":0.3,"branch":"السليمانية","basin_id":"ENV_CATCH_BASINS-000134"}},{"type":"Feature","id":"ENV_CATCH_BASINS-000135","geometry":{"type":"Point","coordinates":[39.236157,21.498748]},"properties":{"depth_m":2.2,"invert_level_m":1.7,"branch":"السليمانية","basin_id":"ENV_CATCH_BASINS-000135"}},{"type":"Feature","id":"ENV_CATCH_BASINS-000136","geometry":{"type":"Point","coordinates":[39.240493,21.498205]},"properties":{"depth_m":0.8,"invert_level_m":0.4,"branch":"السليمانية","basin_id":"ENV_CATCH_BASINS-000136"}},{"type":"Feature","id":"ENV_CATCH_BASINS-000137","geometry":{"type":"Point","coordinates":[39.241402,21.49821]},"properties":{"depth_m":0.7,"invert_level_m":0.4,"branch":"السليمانية","basin_id":"ENV_CATCH_BASINS-000137"}},{"type":"Feature","id":"ENV_CATCH_BASINS-000138","geometry":{"type":"Point","coordinates":[39.241876,21.498216]},"properties":{"depth_m":0.6,"invert_level_m":0.3,"branch":"السليمانية","basin_id":"ENV_CATCH_BASINS-000138"}},{"type":"Feature","id":"ENV_CATCH_BASINS-000139","geometry":{"type":"Point","coordinates":[39.239623,21.498225]},"properties":{"depth_m":1.2,"invert_level_m":0.9,"branch":"السليمانية","basin_id":"ENV_CATCH_BASINS-000139"}},{"type":"Feature","id":"ENV_CATCH_BASINS-000140","geometry":{"type":"Point","coordinates":[39.238459,21.498266]},"properties":{"depth_m":1.5,"invert_level_m":1.0,"branch":"السليمانية","basin_id":"ENV_CATCH_BASINS-000140"}},{"type":"Feature","id":"ENV_CATCH_BASINS-000141","geometry":{"type":"Point","coordinates":[39.239996,21.498266]},"properties":{"depth_m":1.2,"invert_level_m":1.0,"branch":"السليمانية","basin_id":"ENV_CATCH_BASINS-000141"}},{"type":"Feature","id":"ENV_CATCH_BASINS-000142","geometry":{"type":"Point","coordinates":[39.239198,21.498274]},"properties":{"depth_m":1.3,"invert_level_m":0.6,"branch":"السليمانية","basin_id":"ENV_CATCH_BASINS-000142"}},{"type":"Feature","id":"ENV_CATCH_BASINS-000143","geometry":{"type":"Point","coordinates":[39.242333,21.498284]},"properties":{"depth_m":0.7,"invert_level_m":0.3,"branch":"السليمانية","basin_id":"ENV_CATCH_BASINS-000143"}},{"type":"Feature","id":"ENV_CATCH_BASINS-000144","geometry":{"type":"Point","coordinates":[39.241843,21.498316]},"properties":{"depth_m":1.1,"invert_level_m":0.5,"branch":"السليمانية","basin_id":"ENV_CATCH_BASINS-000144"}},{"type":"Feature","id":"ENV_CATCH_BASINS-000145","geometry":{"type":"Point","coordinates":[39.237535,21.49838]},"properties":{"depth_m":1.7,"invert_level_m":1.2,"branch":"السليمانية","basin_id":"ENV_CATCH_BASINS-000145"}},{"type":"Feature","id":"ENV_CATCH_BASINS-000146","geometry":{"type":"Point","coordinates":[39.242764,21.498405]},"properties":{"depth_m":0.7,"invert_level_m":0.3,"branch":"السليمانية","basin_id":"ENV_CATCH_BASINS-000146"}},{"type":"Feature","id":"ENV_CATCH_BASINS-000147","geometry":{"type":"Point","coordinates":[39.242274,21.498438]},"properties":{"depth_m":0.8,"invert_level_m":0.4,"branch":"السليمانية","basin_id":"ENV_CATCH_BASINS-000147"}},{"type":"Feature","id":"ENV_CATCH_BASINS-000148","geometry":{"type":"Point","coordinates":[39.239412,21.498447]},"properties":{"depth_m":1.2,"invert_level_m":0.4,"branch":"السليمانية","basin_id":"ENV_CATCH_BASINS-000148"}},{"type":"Feature","id":"ENV_CATCH_BASINS-000149","geometry":{"type":"Point","coordinates":[39.238485,21.498457]},"properties":{"depth_m":1.5,"invert_level_m":1.2,"branch":"السليمانية","basin_id":"ENV_CATCH_BASINS-000149"}},{"type":"Feature","id":"ENV_CATCH_BASINS-000150","geometry":{"type":"Point","coordinates":[39.239623,21.498528]},"properties":{"depth_m":1.2,"invert_level_m":0.4,"branch":"السليمانية","basin_id":"ENV_CATCH_BASINS-000150"}},{"type":"Feature","id":"ENV_CATCH_BASINS-000151","geometry":{"type":"Point","coordinates":[39.236127,21.498553]},"properties":{"depth_m":1.7,"invert_level_m":1.2,"branch":"السليمانية","basin_id":"ENV_CATCH_BASINS-000151"}},{"type":"Feature","id":"ENV_CATCH_BASINS-000152","geometry":{"type":"Point","coordinates":[39.243253,21.498543]},"properties":{"depth_m":0.7,"invert_level_m":0.3,"branch":"السليمانية","basin_id":"ENV_CATCH_BASINS-000152"}},{"type":"Feature","id":"ENV_CATCH_BASINS-000153","geometry":{"type":"Point","coordinates":[39.242708,21.49856]},"properties":{"depth_m":0.9,"invert_level_m":0.5,"branch":"السليمانية","basin_id":"ENV_CATCH_BASINS-000153"}},{"type":"Feature","id":"ENV_CATCH_BASINS-000154","geometry":{"type":"Point","coordinates":[39.239243,21.498565]},"properties":{"depth_m":-1.0,"invert_level_m":-1.0,"branch":"السليمانية","basin_id":"ENV_CATCH_BASINS-000154"}},{"type":"Feature","id":"ENV_CATCH_BASINS-000155","geometry":{"type":"Point","coordinates":[39.237562,21.498569]},"properties":{"depth_m":1.5,"invert_level_m":1.2,"branch":"السليمانية","basin_id":"ENV_CATCH_BASINS-000155"}},{"type":"Feature","id":"ENV_CATCH_BASINS-000156","geometry":{"type":"Point","coordinates":[39.23587,21.498592]},"properties":{"depth_m":1.5,"invert_level_m":1.0,"branch":"السليمانية","basin_id":"ENV_CATCH_BASINS-000156"}},{"type":"Feature","id":"ENV_CATCH_BASINS-000157","geometry":{"type":"Point","coordinates":[39.23957,21.498637]},"properties":{"depth_m":1.2,"invert_level_m":0.4,"branch":"السليمانية","basin_id":"ENV_CATCH_BASINS-000157"}},{"type":"Feature","id":"ENV_CATCH_BASINS-000158","geometry":{"type":"Point","coordinates":[39.236891,21.498653]},"properties":{"depth_m":1.5,"invert_level_m":1.2,"branch":"السليمانية","basin_id":"ENV_CATCH_BASINS-000158"}},{"type":"Feature","id":"ENV_CATCH_BASINS-000159","geometry":{"type":"Point","coordinates":[39.243715,21.498675]},"properties":{"depth_m":0.9,"invert_level_m":0.5,"branch":"السليمانية","basin_id":"ENV_CATCH_BASINS-000159"}},{"type":"Feature","id":"ENV_CATCH_BASINS-000160","geometry":{"type":"Point","coordinates":[39.23498,21.498701]},"properties":{"depth_m":1.5,"invert_level_m":1.2,"branch":"السليمانية","basin_id":"ENV_CATCH_BASINS-000160"}},{"type":"Feature","id":"ENV_CATCH_BASINS-000161","geometry":{"type":"Point","coordinates":[39.235858,21.498778]},"properties":{"depth_m":1.5,"invert_level_m":1.2,"branch":"السليمانية","basin_id":"ENV_CATCH_BASINS-000161"}},{"type":"Feature","id":"ENV_CATCH_BASINS-000162","geometry":{"type":"Point","coordinates":[39.244174,21.498804]},"properties":{"depth_m":1.2,"invert_level_m":0.2,"branch":"السليمانية","basin_id":"ENV_CATCH_BASINS-000162"}},{"type":"Feature","id":"ENV_CATCH_BASINS-000163","geometry":{"type":"Point","coordinates":[39.235006,21.498885]},"properties":{"depth_m":2.3,"invert_level_m":2.0,"branch":"السليمانية","basin_id":"ENV_CATCH_BASINS-000163"}},{"type":"Feature","id":"ENV_CATCH_BASINS-000164","geometry":{"type":"Point","coordinates":[39.243747,21.498889]},"properties":{"depth_m":0.8,"invert_level_m":0.4,"branch":"السليمانية","basin_id":"ENV_CATCH_BASINS-000164"}},{"type":"Feature","id":"ENV_CATCH_BASINS-000165","geometry":{"type":"Point","coordinates":[39.239546,21.498995]},"properties":{"depth_m":1.2,"invert_level_m":0.5,"branch":"السليمانية","basin_id":"ENV_CATCH_BASINS-000165"}},{"type":"Feature","id":"ENV_CATCH_BASINS-000166","geometry":{"type":"Point","coordinates":[39.239297,21.499]},"properties":{"depth_m":1.2,"invert_level_m":0.5,"branch":"السليمانية","basin_id":"ENV_CATCH_BASINS-000166"}},{"type":"Feature","id":"ENV_CATCH_BASINS-000167","geometry":{"type":"Point","coordinates":[39.24511,21.499068]},"properties":{"depth_m":0.7,"invert_level_m":0.5,"branch":"السليمانية","basin_id":"ENV_CATCH_BASINS-000167"}},{"type":"Feature","id":"ENV_CATCH_BASINS-000168","geometry":{"type":"Point","coordinates":[39.244502,21.499103]},"properties":{"depth_m":0.7,"invert_level_m":0.5,"branch":"السليمانية","basin_id":"ENV_CATCH_BASINS-000168"}},{"type":"Feature","id":"ENV_CATCH_BASINS-000169","geometry":{"type":"Point","coordinates":[39.245544,21.499191]},"properties":{"depth_m":0.9,"invert_level_m":0.4,"branch":"السليمانية","basin_id":"ENV_CATCH_BASINS-000169"}},{"type":"Feature","id":"ENV_CATCH_BASINS-000170","geometry":{"type":"Point","coordinates":[39.245064,21.499261]},"properties":{"depth_m":0.8,"invert_level_m":0.4,"branch":"السليمانية","basin_id":"ENV_CATCH_BASINS-000170"}},{"type":"Feature","id":"ENV_CATCH_BASINS-000171","geometry":{"type":"Point","coordinates":[39.245266,21.499315]},"properties":{"depth_m":0.8,"invert_level_m":0.4,"branch":"السليمانية","basin_id":"ENV_CATCH_BASINS-000171"}},{"type":"Feature","id":"ENV_CATCH_BASINS-000172","geometry":{"type":"Point","coordinates":[39.246017,21.499324]},"properties":{"depth_m":0.7,"invert_level_m":0.3,"branch":"السليمانية","basin_id":"ENV_CATCH_BASINS-000172"}},{"type":"Feature","id":"ENV_CATCH_BASINS-000173","geometry":{"type":"Point","coordinates":[39.246367,21.499421]},"properties":{"depth_m":0.7,"invert_level_m":0.3,"branch":"السليمانية","basin_id":"ENV_CATCH_BASINS-000173"}},{"type":"Feature","id":"ENV_CATCH_BASINS-000174","geometry":{"type":"Point","coordinates":[39.245814,21.499472]},"properties":{"depth_m":1.2,"invert_level_m":0.6,"branch":"السليمانية","basin_id":"ENV_CATCH_BASINS-000174"}},{"type":"Feature","id":"ENV_CATCH_BASINS-000175","geometry":{"type":"Point","coordinates":[39.246828,21.499552]},"properties":{"depth_m":0.7,"invert_level_m":0.4,"branch":"السليمانية","basin_id":"ENV_CATCH_BASINS-000175"}},{"type":"Feature","id":"ENV_CATCH_BASINS-000176","geometry":{"type":"Point","coordinates":[39.24759,21.499564]},"properties":{"depth_m":1.0,"invert_level_m":0.5,"branch":"السليمانية","basin_id":"ENV_CATCH_BASINS-000176"}},{"type":"Feature","id":"ENV_CATCH_BASINS-000177","geometry":{"type":"Point","coordinates":[39.24779,21.499705]},"properties":{"depth_m":1.4,"invert_level_m":0.5,"branch":"السليمانية","basin_id":"ENV_CATCH_BASINS-000177"}},{"type":"Feature","id":"ENV_CATCH_BASINS-000178","geometry":{"type":"Point","coordinates":[39.246779,21.499713]},"properties":{"depth_m":0.9,"invert_level_m":0.5,"branch":"السليمانية","basin_id":"ENV_CATCH_BASINS-000178"}},{"type":"Feature","id":"ENV_CATCH_BASINS-000179","geometry":{"type":"Point","coordinates":[39.247246,21.499759]},"properties":{"depth_m":1.4,"invert_level_m":0.6,"branch":"السليمانية","basin_id":"ENV_CATCH_BASINS-000179"}},{"type":"Feature","id":"ENV_CATCH_BASINS-000180","geometry":{"type":"Point","coordinates":[39.248142,21.49978]},"properties":{"depth_m":1.1,"invert_level_m":0.8,"branch":"السليمانية","basin_id":"ENV_CATCH_BASINS-000180"}},{"type":"Feature","id":"ENV_CATCH_BASINS-000181","geometry":{"type":"Point","coordinates":[39.248917,21.499854]},"properties":{"depth_m":0.5,"invert_level_m":0.3,"branch":"السليمانية","basin_id":"ENV_CATCH_BASINS-000181"}},{"type":"Feature","id":"ENV_CATCH_BASINS-000182","geometry":{"type":"Point","coordinates":[39.247237,21.49988]},"properties":{"depth_m":1.4,"invert_level_m":0.6,"branch":"السليمانية","basin_id":"ENV_CATCH_BASINS-000182"}},{"type":"Feature","id":"ENV_CATCH_BASINS-000183","geometry":{"type":"Point","coordinates":[39.249382,21.499889]},"properties":{"depth_m":1.0,"invert_level_m":0.6,"branch":"السليمانية","basin_id":"ENV_CATCH_BASINS-000183"}},{"type":"Feature","id":"ENV_CATCH_BASINS-000184","geometry":{"type":"Point","coordinates":[39.249872,21.499923]},"properties":{"depth_m":0.6,"invert_level_m":0.4,"branch":"السليمانية","basin_id":"ENV_CATCH_BASINS-000184"}},{"type":"Feature","id":"ENV_CATCH_BASINS-000185","geometry":{"type":"Point","coordinates":[39.250356,21.499958]},"properties":{"depth_m":1.0,"invert_level_m":0.7,"branch":"السليمانية","basin_id":"ENV_CATCH_BASINS-000185"}},{"type":"Feature","id":"ENV_CATCH_BASINS-000186","geometry":{"type":"Point","coordinates":[39.248171,21.499976]},"properties":{"depth_m":0.8,"invert_level_m":0.3,"branch":"السليمانية","basin_id":"ENV_CATCH_BASINS-000186"}},{"type":"Feature","id":"ENV_CATCH_BASINS-000187","geometry":{"type":"Point","coordinates":[39.250794,21.49999]},"properties":{"depth_m":0.8,"invert_level_m":0.4,"branch":"السليمانية","basin_id":"ENV_CATCH_BASINS-000187"}},{"type":"Feature","id":"ENV_CATCH_BASINS-000188","geometry":{"type":"Point","coordinates":[39.248889,21.500019]},"properties":{"depth_m":0.8,"invert_level_m":0.4,"branch":"السليمانية","basin_id":"ENV_CATCH_BASINS-000188"}},{"type":"Feature","id":"ENV_CATCH_BASINS-000189","geometry":{"type":"Point","coordinates":[39.247741,21.500028]},"properties":{"depth_m":1.1,"invert_level_m":0.5,"branch":"السليمانية","basin_id":"ENV_CATCH_BASINS-000189"}},{"type":"Feature","id":"ENV_CATCH_BASINS-000190","geometry":{"type":"Point","coordinates":[39.251234,21.500022]},"properties":{"depth_m":0.7,"invert_level_m":0.4,"branch":"السليمانية","basin_id":"ENV_CATCH_BASINS-000190"}},{"type":"Feature","id":"ENV_CATCH_BASINS-000191","geometry":{"type":"Point","coordinates":[39.247342,21.500052]},"properties":{"depth_m":1.4,"invert_level_m":0.4,"branch":"السليمانية","basin_id":"ENV_CATCH_BASINS-000191"}},{"type":"Feature","id":"ENV_CATCH_BASINS-000192","geometry":{"type":"Point","coordinates":[39.249376,21.500053]},"properties":{"depth_m":0.7,"invert_level_m":0.3,"branch":"السليمانية","basin_id":"ENV_CATCH_BASINS-000192"}},{"type":"Feature","id":"ENV_CATCH_BASINS-000193","geometry":{"type":"Point","coordinates":[39.251568,21.500046]},"properties":{"depth_m":0.9,"invert_level_m":0.5,"branch":"السليمانية","basin_id":"ENV_CATCH_BASINS-000193"}},{"type":"Feature","id":"ENV_CATCH_BASINS-000194","geometry":{"type":"Point","coordinates":[39.24986,21.500088]},"properties":{"depth_m":0.7,"invert_level_m":0.3,"branch":"السليمانية","basin_id":"ENV_CATCH_BASINS-000194"}},{"type":"Feature","id":"ENV_CATCH_BASINS-000195","geometry":{"type":"Point","coordinates":[39.252098,21.500085]},"properties":{"depth_m":1.2,"invert_level_m":0.5,"branch":"السليمانية","basin_id":"ENV_CATCH_BASINS-000195"}},{"type":"Feature","id":"ENV_CATCH_BASINS-000196","geometry":{"type":"Point","coordinates":[39.250342,21.500122]},"properties":{"depth_m":0.9,"invert_level_m":0.6,"branch":"السليمانية","basin_id":"ENV_CATCH_BASINS-000196"}},{"type":"Feature","id":"ENV_CATCH_BASINS-000197","geometry":{"type":"Point","coordinates":[39.252568,21.50012]},"properties":{"depth_m":1.0,"invert_level_m":0.5,"branch":"السليمانية","basin_id":"ENV_CATCH_BASINS-000197"}},{"type":"Feature","id":"ENV_CATCH_BASINS-000198","geometry":{"type":"Point","coordinates":[39.250781,21.500155]},"properties":{"depth_m":0.9,"invert_level_m":0.6,"branch":"السليمانية","basin_id":"ENV_CATCH_BASINS-000198"}},{"type":"Feature","id":"ENV_CATCH_BASINS-000199","geometry":{"type":"Point","coordinates":[39.251224,21.500187]},"properties":{"depth_m":0.9,"invert_level_m":0.6,"branch":"السليمانية","basin_id":"ENV_CATCH_BASINS-000199"}},{"type":"Feature","id":"ENV_CATCH_BASINS-000200","geometry":{"type":"Point","coordinates":[39.251605,21.500215]},"properties":{"depth_m":0.9,"invert_level_m":0.6,"branch":"السليمانية","basin_id":"ENV_CATCH_BASINS-000200"}},{"type":"Feature","id":"ENV_CATCH_BASINS-000201","geometry":{"type":"Point","coordinates":[39.252085,21.500247]},"properties":{"depth_m":0.7,"invert_level_m":0.4,"branch":"السليمانية","basin_id":"ENV_CATCH_BASINS-000201"}},{"type":"Feature","id":"ENV_CATCH_BASINS-000202","geometry":{"type":"Point","coordinates":[39.252574,21.500285]},"properties":{"depth_m":0.7,"invert_level_m":0.4,"branch":"السليمانية","basin_id":"ENV_CATCH_BASINS-000202"}},{"type":"Feature","id":"ENV_CATCH_BASINS-000203","geometry":{"type":"Point","coordinates":[39.247326,21.50059]},"properties":{"depth_m":1.1,"invert_level_m":0.5,"branch":"السليمانية","basin_id":"ENV_CATCH_BASINS-000203"}},{"type":"Feature","id":"ENV_CATCH_BASINS-000204","geometry":{"type":"Point","coordinates":[39.247501,21.500604]},"properties":{"depth_m":1.1,"invert_level_m":0.5,"branch":"السليمانية","basin_id":"ENV_CATCH_BASINS-000204"}},{"type":"Feature","id":"ENV_CATCH_BASINS-000205","geometry":{"type":"Point","coordinates":[39.247293,21.500922]},"properties":{"depth_m":1.2,"invert_level_m":0.4,"branch":"السليمانية","basin_id":"ENV_CATCH_BASINS-000205"}},{"type":"Feature","id":"ENV_CATCH_BASINS-000206","geometry":{"type":"Point","coordinates":[39.24748,21.500934]},"properties":{"depth_m":1.2,"invert_level_m":0.4,"branch":"السليمانية","basin_id":"ENV_CATCH_BASINS-000206"}},{"type":"Feature","id":"ENV_CATCH_BASINS-000207","geometry":{"type":"Point","coordinates":[39.247239,21.501283]},"properties":{"depth_m":1.1,"invert_level_m":0.5,"branch":"السليمانية","basin_id":"ENV_CATCH_BASINS-000207"}},{"type":"Feature","id":"ENV_CATCH_BASINS-000208","geometry":{"type":"Point","coordinates":[39.247478,21.501324]},"properties":{"depth_m":1.1,"invert_level_m":0.5,"branch":"السليمانية","basin_id":"ENV_CATCH_BASINS-000208"}},{"type":"Feature","id":"ENV_CATCH_BASINS-000209","geometry":{"type":"Point","coordinates":[39.254058,21.500225]},"properties":{"depth_m":1.2,"invert_level_m":0.5,"branch":"السليمانية","basin_id":"ENV_CATCH_BASINS-000209"}},{"type":"Feature","id":"ENV_CATCH_BASINS-000210","geometry":{"type":"Point","coordinates":[39.257764,21.50026]},"properties":{"depth_m":1.2,"invert_level_m":0.5,"branch":"السليمانية","basin_id":"ENV_CATCH_BASINS-000210"}},{"type":"Feature","id":"ENV_CATCH_BASINS-000211","geometry":{"type":"Point","coordinates":[39.2546,21.500267]},"properties":{"depth_m":1.2,"invert_level_m":0.5,"branch":"السليمانية","basin_id":"ENV_CATCH_BASINS-000211"}},{"type":"Feature","id":"ENV_CATCH_BASINS-000212","geometry":{"type":"Point","coordinates":[39.257939,21.500273]},"properties":{"depth_m":1.2,"invert_level_m":0.5,"branch":"السليمانية","basin_id":"ENV_CATCH_BASINS-000212"}},{"type":"Feature","id":"ENV_CATCH_BASINS-000213","geometry":{"type":"Point","coordinates":[39.255326,21.500318]},"properties":{"depth_m":1.2,"invert_level_m":0.5,"branch":"السليمانية","basin_id":"ENV_CATCH_BASINS-000213"}},{"type":"Feature","id":"ENV_CATCH_BASINS-000214","geometry":{"type":"Point","coordinates":[39.256049,21.500371]},"properties":{"depth_m":1.2,"invert_level_m":0.5,"branch":"السليمانية","basin_id":"ENV_CATCH_BASINS-000214"}},{"type":"Feature","id":"ENV_CATCH_BASINS-000215","geometry":{"type":"Point","coordinates":[39.254026,21.500389]},"properties":{"depth_m":1.2,"invert_level_m":0.5,"branch":"السليمانية","basin_id":"ENV_CATCH_BASINS-000215"}},{"type":"Feature","id":"ENV_CATCH_BASINS-000216","geometry":{"type":"Point","coordinates":[39.254589,21.50043]},"properties":{"depth_m":1.2,"invert_level_m":0.5,"branch":"السليمانية","basin_id":"ENV_CATCH_BASINS-000216"}},{"type":"Feature","id":"ENV_CATCH_BASINS-000217","geometry":{"type":"Point","coordinates":[39.256771,21.500424]},"properties":{"depth_m":1.2,"invert_level_m":0.5,"branch":"السليمانية","basin_id":"ENV_CATCH_BASINS-000217"}},{"type":"Feature","id":"ENV_CATCH_BASINS-000218","geometry":{"type":"Point","coordinates":[39.255311,21.500481]},"properties":{"depth_m":1.2,"invert_level_m":0.5,"branch":"السليمانية","basin_id":"ENV_CATCH_BASINS-000218"}},{"type":"Feature","id":"ENV_CATCH_BASINS-000219","geometry":{"type":"Point","coordinates":[39.257495,21.500475]},"properties":{"depth_m":1.2,"invert_level_m":0.5,"branch":"السليمانية","basin_id":"ENV_CATCH_BASINS-000219"}},{"type":"Feature","id":"ENV_CATCH_BASINS-000220","geometry":{"type":"Point","coordinates":[39.258169,21.500525]},"properties":{"depth_m":1.2,"invert_level_m":0.5,"branch":"السليمانية","basin_id":"ENV_CATCH_BASINS-000220"}},{"type":"Feature","id":"ENV_CATCH_BASINS-000221","geometry":{"type":"Point","coordinates":[39.256037,21.500534]},"properties":{"depth_m":1.2,"invert_level_m":0.5,"branch":"السليمانية","basin_id":"ENV_CATCH_BASINS-000221"}},{"type":"Feature","id":"ENV_CATCH_BASINS-000222","geometry":{"type":"Point","coordinates":[39.256759,21.500586]},"properties":{"depth_m":1.2,"invert_level_m":0.5,"branch":"السليمانية","basin_id":"ENV_CATCH_BASINS-000222"}},{"type":"Feature","id":"ENV_CATCH_BASINS-000223","geometry":{"type":"Point","coordinates":[39.259016,21.500585]},"properties":{"depth_m":1.2,"invert_level_m":0.5,"branch":"السليمانية","basin_id":"ENV_CATCH_BASINS-000223"}},{"type":"Feature","id":"ENV_CATCH_BASINS-000224","geometry":{"type":"Point","coordinates":[39.257486,21.500638]},"properties":{"depth_m":1.2,"invert_level_m":0.5,"branch":"السليمانية","basin_id":"ENV_CATCH_BASINS-000224"}},{"type":"Feature","id":"ENV_CATCH_BASINS-000225","geometry":{"type":"Point","coordinates":[39.259883,21.500647]},"properties":{"depth_m":1.2,"invert_level_m":0.5,"branch":"السليمانية","basin_id":"ENV_CATCH_BASINS-000225"}},{"type":"Feature","id":"ENV_CATCH_BASINS-000226","geometry":{"type":"Point","coordinates":[39.258117,21.500684]},"properties":{"depth_m":1.2,"invert_level_m":0.5,"branch":"السليمانية","basin_id":"ENV_CATCH_BASINS-000226"}},{"type":"Feature","id":"ENV_CATCH_BASINS-000227","geometry":{"type":"Point","coordinates":[39.258997,21.500747]},"properties":{"depth_m":1.2,"invert_level_m":0.5,"branch":"السليمانية","basin_id":"ENV_CATCH_BASINS-000227"}},{"type":"Feature","id":"ENV_CATCH_BASINS-000228","geometry":{"type":"Point","coordinates":[39.259829,21.500808]},"properties":{"depth_m":1.2,"invert_level_m":0.5,"branch":"السليمانية","basin_id":"ENV_CATCH_BASINS-000228"}},{"type":"Feature","id":"ENV_CATCH_BASINS-000229","geometry":{"type":"Point","coordinates":[39.25771,21.500889]},"properties":{"depth_m":1.2,"invert_level_m":0.5,"branch":"السليمانية","basin_id":"ENV_CATCH_BASINS-000229"}},{"type":"Feature","id":"ENV_CATCH_BASINS-000230","geometry":{"type":"Point","coordinates":[39.257886,21.500927]},"properties":{"depth_m":1.2,"invert_level_m":0.5,"branch":"السليمانية","basin_id":"ENV_CATCH_BASINS-000230"}},{"type":"Feature","id":"ENV_CATCH_BASINS-000231","geometry":{"type":"Point","coordinates":[39.253551,21.500422]},"properties":{"depth_m":1.2,"invert_level_m":0.4,"branch":"السليمانية","basin_id":"ENV_CATCH_BASINS-000231"}},{"type":"Feature","id":"ENV_CATCH_BASINS-000232","geometry":{"type":"Point","coordinates":[39.253582,21.500134]},"properties":{"depth_m":1.2,"invert_level_m":0.5,"branch":"السليمانية","basin_id":"ENV_CATCH_BASINS-000232"}},{"type":"Feature","id":"ENV_CATCH_BASINS-000233","geometry":{"type":"Point","coordinates":[39.253143,21.500482]},"properties":{"depth_m":0.2,"invert_level_m":0.5,"branch":"السليمانية","basin_id":"ENV_CATCH_BASINS-000233"}},{"type":"Feature","id":"ENV_CATCH_BASINS-000234","geometry":{"type":"Point","coordinates":[39.261272,21.500223]},"properties":{"depth_m":1.2,"invert_level_m":-1.0,"branch":"السليمانية","basin_id":"ENV_CATCH_BASINS-000234"}},{"type":"Feature","id":"ENV_CATCH_BASINS-000235","geometry":{"type":"Point","coordinates":[39.26121,21.500185]},"properties":{"depth_m":1.2,"invert_level_m":-1.0,"branch":"السليمانية","basin_id":"ENV_CATCH_BASINS-000235"}},{"type":"Feature","id":"ENV_CATCH_BASINS-000236","geometry":{"type":"Point","coordinates":[39.261613,21.499786]},"properties":{"depth_m":1.2,"invert_level_m":-1.0,"branch":"السليمانية","basin_id":"ENV_CATCH_BASINS-000236"}},{"type":"Feature","id":"ENV_CATCH_BASINS-000237","geometry":{"type":"Point","coordinates":[39.261552,21.499748]},"properties":{"depth_m":1.2,"invert_level_m":-1.0,"branch":"السليمانية","basin_id":"ENV_CATCH_BASINS-000237"}},{"type":"Feature","id":"ENV_CATCH_BASINS-000238","geometry":{"type":"Point","coordinates":[39.261955,21.499348]},"properties":{"depth_m":1.2,"invert_level_m":-1.0,"branch":"السليمانية","basin_id":"ENV_CATCH_BASINS-000238"}},{"type":"Feature","id":"ENV_CATCH_BASINS-000239","geometry":{"type":"Point","coordinates":[39.261894,21.49931]},"properties":{"depth_m":1.2,"invert_level_m":-1.0,"branch":"السليمانية","basin_id":"ENV_CATCH_BASINS-000239"}},{"type":"Feature","id":"ENV_CATCH_BASINS-000240","geometry":{"type":"Point","coordinates":[39.262279,21.498932]},"properties":{"depth_m":1.2,"invert_level_m":-1.0,"branch":"السليمانية","basin_id":"ENV_CATCH_BASINS-000240"}},{"type":"Feature","id":"ENV_CATCH_BASINS-000241","geometry":{"type":"Point","coordinates":[39.262216,21.498896]},"properties":{"depth_m":1.2,"invert_level_m":-1.0,"branch":"السليمانية","basin_id":"ENV_CATCH_BASINS-000241"}},{"type":"Feature","id":"ENV_CATCH_BASINS-000242","geometry":{"type":"Point","coordinates":[39.262577,21.498437]},"properties":{"depth_m":1.2,"invert_level_m":-1.0,"branch":"السليمانية","basin_id":"ENV_CATCH_BASINS-000242"}},{"type":"Feature","id":"ENV_CATCH_BASINS-000243","geometry":{"type":"Point","coordinates":[39.262638,21.498475]},"properties":{"depth_m":1.2,"invert_level_m":-1.0,"branch":"السليمانية","basin_id":"ENV_CATCH_BASINS-000243"}},{"type":"Feature","id":"ENV_CATCH_BASINS-000244","geometry":{"type":"Point","coordinates":[39.262981,21.498036]},"properties":{"depth_m":1.2,"invert_level_m":-1.0,"branch":"السليمانية","basin_id":"ENV_CATCH_BASINS-000244"}},{"type":"Feature","id":"ENV_CATCH_BASINS-000245","geometry":{"type":"Point","coordinates":[39.262917,21.498003]},"properties":{"depth_m":1.2,"invert_level_m":-1.0,"branch":"السليمانية","basin_id":"ENV_CATCH_BASINS-000245"}},{"type":"Feature","id":"ENV_CATCH_BASINS-000246","geometry":{"type":"Point","coordinates":[39.26325,21.497572]},"properties":{"depth_m":1.2,"invert_level_m":-1.0,"branch":"السليمانية","basin_id":"ENV_CATCH_BASINS-000246"}},{"type":"Feature","id":"ENV_CATCH_BASINS-000247","geometry":{"type":"Point","coordinates":[39.263315,21.497605]},"properties":{"depth_m":1.2,"invert_level_m":-1.0,"branch":"السليمانية","basin_id":"ENV_CATCH_BASINS-000247"}},{"type":"Feature","id":"ENV_CATCH_BASINS-000248","geometry":{"type":"Point","coordinates":[39.263528,21.497091]},"properties":{"depth_m":-1.0,"invert_level_m":-1.0,"branch":"السليمانية","basin_id":"ENV_CATCH_BASINS-000248"}},{"type":"Feature","id":"ENV_CATCH_BASINS-000249","geometry":{"type":"Point","coordinates":[39.239273,21.484551]},"properties":{"depth_m":-1.0,"invert_level_m":-1.0,"branch":"السليمانية","basin_id":"ENV_CATCH_BASINS-000249"}},{"type":"Feature","id":"ENV_CATCH_BASINS-000250","geometry":{"type":"Point","coordinates":[39.239285,21.485282]},"properties":{"depth_m":1.2,"invert_level_m":0.4,"branch":"السليمانية","basin_id":"ENV_CATCH_BASINS-000250"}},{"type":"Feature","id":"ENV_CATCH_BASINS-000251","geometry":{"type":"Point","coordinates":[39.239386,21.485391]},"properties":{"depth_m":1.2,"invert_level_m":0.4,"branch":"السليمانية","basin_id":"ENV_CATCH_BASINS-000251"}},{"type":"Feature","id":"ENV_CATCH_BASINS-000252","geometry":{"type":"Point","coordinates":[39.239643,21.486002]},"properties":{"depth_m":-1.0,"invert_level_m":-1.0,"branch":"السليمانية","basin_id":"ENV_CATCH_BASINS-000252"}},{"type":"Feature","id":"ENV_CATCH_BASINS-000253","geometry":{"type":"Point","coordinates":[39.239495,21.485837]},"properties":{"depth_m":-1.0,"invert_level_m":-1.0,"branch":"السليمانية","basin_id":"ENV_CATCH_BASINS-000253"}},{"type":"Feature","id":"ENV_CATCH_BASINS-000254","geometry":{"type":"Point","coordinates":[39.239295,21.485681]},"properties":{"depth_m":-1.0,"invert_level_m":-1.0,"branch":"السليمانية","basin_id":"ENV_CATCH_BASINS-000254"}},{"type":"Feature","id":"ENV_CATCH_BASINS-000255","geometry":{"type":"Point","coordinates":[39.239302,21.486195]},"properties":{"depth_m":1.2,"invert_level_m":0.4,"branch":"السليمانية","basin_id":"ENV_CATCH_BASINS-000255"}},{"type":"Feature","id":"ENV_CATCH_BASINS-000256","geometry":{"type":"Point","coordinates":[39.239313,21.486324]},"properties":{"depth_m":-1.0,"invert_level_m":-1.0,"branch":"السليمانية","basin_id":"ENV_CATCH_BASINS-000256"}},{"type":"Feature","id":"ENV_CATCH_BASINS-000257","geometry":{"type":"Point","coordinates":[39.239308,21.486357]},"properties":{"depth_m":1.2,"invert_level_m":0.4,"branch":"السليمانية","basin_id":"ENV_CATCH_BASINS-000257"}},{"type":"Feature","id":"ENV_CATCH_BASINS-000258","geometry":{"type":"Point","coordinates":[39.239314,21.486775]},"properties":{"depth_m":1.2,"invert_level_m":0.4,"branch":"السليمانية","basin_id":"ENV_CATCH_BASINS-000258"}},{"type":"Feature","id":"ENV_CATCH_BASINS-000259","geometry":{"type":"Point","coordinates":[39.239322,21.487276]},"properties":{"depth_m":-1.0,"invert_level_m":-1.0,"branch":"السليمانية","basin_id":"ENV_CATCH_BASINS-000259"}},{"type":"Feature","id":"ENV_CATCH_BASINS-000260","geometry":{"type":"Point","coordinates":[39.239331,21.487734]},"properties":{"depth_m":1.2,"invert_level_m":0.4,"branch":"السليمانية","basin_id":"ENV_CATCH_BASINS-000260"}},{"type":"Feature","id":"ENV_CATCH_BASINS-000261","geometry":{"type":"Point","coordinates":[39.239339,21.488185]},"properties":{"depth_m":1.2,"invert_level_m":0.4,"branch":"السليمانية","basin_id":"ENV_CATCH_BASINS-000261"}},{"type":"Feature","id":"ENV_CATCH_BASINS-000262","geometry":{"type":"Point","coordinates":[39.239348,21.488641]},"properties":{"depth_m":-1.0,"invert_level_m":-1.0,"branch":"السليمانية","basin_id":"ENV_CATCH_BASINS-000262"}},{"type":"Feature","id":"ENV_CATCH_BASINS-000263","geometry":{"type":"Point","coordinates":[39.239356,21.489093]},"properties":{"depth_m":1.2,"invert_level_m":0.4,"branch":"السليمانية","basin_id":"ENV_CATCH_BASINS-000263"}},{"type":"Feature","id":"ENV_CATCH_BASINS-000264","geometry":{"type":"Point","coordinates":[39.239365,21.489546]},"properties":{"depth_m":1.2,"invert_level_m":0.4,"branch":"السليمانية","basin_id":"ENV_CATCH_BASINS-000264"}},{"type":"Feature","id":"ENV_CATCH_BASINS-000265","geometry":{"type":"Point","coordinates":[39.239374,21.49005]},"properties":{"depth_m":-1.0,"invert_level_m":-1.0,"branch":"السليمانية","basin_id":"ENV_CATCH_BASINS-000265"}},{"type":"Feature","id":"ENV_CATCH_BASINS-000266","geometry":{"type":"Point","coordinates":[39.239499,21.490769]},"properties":{"depth_m":1.2,"invert_level_m":0.3,"branch":"السليمانية","basin_id":"ENV_CATCH_BASINS-000266"}},{"type":"Feature","id":"ENV_CATCH_BASINS-000267","geometry":{"type":"Point","coordinates":[39.23947,21.490966]},"properties":{"depth_m":1.2,"invert_level_m":0.3,"branch":"السليمانية","basin_id":"ENV_CATCH_BASINS-000267"}},{"type":"Feature","id":"ENV_CATCH_BASINS-000268","geometry":{"type":"Point","coordinates":[39.239399,21.491042]},"properties":{"depth_m":1.2,"invert_level_m":0.8,"branch":"السليمانية","basin_id":"ENV_CATCH_BASINS-000268"}},{"type":"Feature","id":"ENV_CATCH_BASINS-000269","geometry":{"type":"Point","coordinates":[39.239411,21.491653]},"properties":{"depth_m":1.2,"invert_level_m":0.9,"branch":"السليمانية","basin_id":"ENV_CATCH_BASINS-000269"}},{"type":"Feature","id":"ENV_CATCH_BASINS-000270","geometry":{"type":"Point","coordinates":[39.239413,21.491821]},"properties":{"depth_m":1.2,"invert_level_m":0.4,"branch":"السليمانية","basin_id":"ENV_CATCH_BASINS-000270"}},{"type":"Feature","id":"ENV_CATCH_BASINS-000271","geometry":{"type":"Point","coordinates":[39.239514,21.491931]},"properties":{"depth_m":-1.0,"invert_level_m":-1.0,"branch":"السليمانية","basin_id":"ENV_CATCH_BASINS-000271"}},{"type":"Feature","id":"ENV_CATCH_BASINS-000272","geometry":{"type":"Point","coordinates":[39.239485,21.49202]},"properties":{"depth_m":-1.0,"invert_level_m":-1.0,"branch":"السليمانية","basin_id":"ENV_CATCH_BASINS-000272"}},{"type":"Feature","id":"ENV_CATCH_BASINS-000273","geometry":{"type":"Point","coordinates":[39.239508,21.49214]},"properties":{"depth_m":-1.0,"invert_level_m":-1.0,"branch":"السليمانية","basin_id":"ENV_CATCH_BASINS-000273"}},{"type":"Feature","id":"ENV_CATCH_BASINS-000274","geometry":{"type":"Point","coordinates":[39.239752,21.493338]},"properties":{"depth_m":-1.0,"invert_level_m":-1.0,"branch":"السليمانية","basin_id":"ENV_CATCH_BASINS-000274"}},{"type":"Feature","id":"ENV_CATCH_BASINS-000275","geometry":{"type":"Point","coordinates":[39.263598,21.497112]},"properties":{"depth_m":-1.0,"invert_level_m":-1.0,"branch":"السليمانية","basin_id":"ENV_CATCH_BASINS-000275"}},{"type":"Feature","id":"ENV_CATCH_BASINS-000276","geometry":{"type":"Point","coordinates":[39.263811,21.496623]},"properties":{"depth_m":1.2,"invert_level_m":-1.0,"branch":"السليمانية","basin_id":"ENV_CATCH_BASINS-000276"}},{"type":"Feature","id":"ENV_CATCH_BASINS-000277","geometry":{"type":"Point","coordinates":[39.264179,21.496029]},"properties":{"depth_m":1.2,"invert_level_m":-1.0,"branch":"السليمانية","basin_id":"ENV_CATCH_BASINS-000277"}},{"type":"Feature","id":"ENV_CATCH_BASINS-000278","geometry":{"type":"Point","coordinates":[39.264239,21.496072]},"properties":{"depth_m":1.2,"invert_level_m":-1.0,"branch":"السليمانية","basin_id":"ENV_CATCH_BASINS-000278"}},{"type":"Feature","id":"ENV_CATCH_BASINS-000279","geometry":{"type":"Point","coordinates":[39.264395,21.495682]},"properties":{"depth_m":1.2,"invert_level_m":-1.0,"branch":"السليمانية","basin_id":"ENV_CATCH_BASINS-000279"}},{"type":"Feature","id":"ENV_CATCH_BASINS-000280","geometry":{"type":"Point","coordinates":[39.264456,21.495722]},"properties":{"depth_m":1.2,"invert_level_m":-1.0,"branch":"السليمانية","basin_id":"ENV_CATCH_BASINS-000280"}},{"type":"Feature","id":"ENV_CATCH_BASINS-000281","geometry":{"type":"Point","coordinates":[39.264671,21.495252]},"properties":{"depth_m":1.2,"invert_level_m":-1.0,"branch":"السليمانية","basin_id":"ENV_CATCH_BASINS-000281"}},{"type":"Feature","id":"ENV_CATCH_BASINS-000282","geometry":{"type":"Point","coordinates":[39.264861,21.494567]},"properties":{"depth_m":1.5,"invert_level_m":0.8,"branch":"السليمانية","basin_id":"ENV_CATCH_BASINS-000282"}},{"type":"Feature","id":"ENV_CATCH_BASINS-000283","geometry":{"type":"Point","coordinates":[39.264923,21.494476]},"properties":{"depth_m":1.5,"invert_level_m":0.8,"branch":"السليمانية","basin_id":"ENV_CATCH_BASINS-000283"}},{"type":"Feature","id":"ENV_CATCH_BASINS-000284","geometry":{"type":"Point","coordinates":[39.264663,21.494029]},"properties":{"depth_m":1.5,"invert_level_m":0.8,"branch":"السليمانية","basin_id":"ENV_CATCH_BASINS-000284"}},{"type":"Feature","id":"ENV_CATCH_BASINS-000285","geometry":{"type":"Point","coordinates":[39.264597,21.494058]},"properties":{"depth_m":1.5,"invert_level_m":0.8,"branch":"السليمانية","basin_id":"ENV_CATCH_BASINS-000285"}},{"type":"Feature","id":"ENV_CATCH_BASINS-000286","geometry":{"type":"Point","coordinates":[39.264501,21.493512]},"properties":{"depth_m":1.2,"invert_level_m":0.8,"branch":"السليمانية","basin_id":"ENV_CATCH_BASINS-000286"}},{"type":"Feature","id":"ENV_CATCH_BASINS-000287","geometry":{"type":"Point","coordinates":[39.264433,21.493535]},"properties":{"depth_m":1.2,"invert_level_m":0.8,"branch":"السليمانية","basin_id":"ENV_CATCH_BASINS-000287"}},{"type":"Feature","id":"ENV_CATCH_BASINS-000288","geometry":{"type":"Point","coordinates":[39.264336,21.492987]},"properties":{"depth_m":1.2,"invert_level_m":0.8,"branch":"السليمانية","basin_id":"ENV_CATCH_BASINS-000288"}},{"type":"Feature","id":"ENV_CATCH_BASINS-000289","geometry":{"type":"Point","coordinates":[39.26427,21.493013]},"properties":{"depth_m":1.2,"invert_level_m":0.8,"branch":"السليمانية","basin_id":"ENV_CATCH_BASINS-000289"}},{"type":"Feature","id":"ENV_CATCH_BASINS-000290","geometry":{"type":"Point","coordinates":[39.264158,21.49242]},"properties":{"depth_m":1.5,"invert_level_m":0.8,"branch":"السليمانية","basin_id":"ENV_CATCH_BASINS-000290"}},{"type":"Feature","id":"ENV_CATCH_BASINS-000291","geometry":{"type":"Point","coordinates":[39.264092,21.492446]},"properties":{"depth_m":1.5,"invert_level_m":0.8,"branch":"السليمانية","basin_id":"ENV_CATCH_BASINS-000291"}},{"type":"Feature","id":"ENV_CATCH_BASINS-000292","geometry":{"type":"Point","coordinates":[39.264,21.491914]},"properties":{"depth_m":1.2,"invert_level_m":0.8,"branch":"السليمانية","basin_id":"ENV_CATCH_BASINS-000292"}},{"type":"Feature","id":"ENV_CATCH_BASINS-000293","geometry":{"type":"Point","coordinates":[39.263931,21.491936]},"properties":{"depth_m":1.2,"invert_level_m":0.8,"branch":"السليمانية","basin_id":"ENV_CATCH_BASINS-000293"}},{"type":"Feature","id":"ENV_CATCH_BASINS-000294","geometry":{"type":"Point","coordinates":[39.266424,21.490213]},"properties":{"depth_m":1.2,"invert_level_m":0.8,"branch":"السليمانية","basin_id":"ENV_CATCH_BASINS-000294"}},{"type":"Feature","id":"ENV_CATCH_BASINS-000295","geometry":{"type":"Point","coordinates":[39.266618,21.490546]},"properties":{"depth_m":1.5,"invert_level_m":1.0,"branch":"السليمانية","basin_id":"ENV_CATCH_BASINS-000295"}},{"type":"Feature","id":"ENV_CATCH_BASINS-000296","geometry":{"type":"Point","coordinates":[39.266,21.489888]},"properties":{"depth_m":1.4,"invert_level_m":0.8,"branch":"السليمانية","basin_id":"ENV_CATCH_BASINS-000296"}},{"type":"Feature","id":"ENV_CATCH_BASINS-000297","geometry":{"type":"Point","coordinates":[39.265935,21.489908]},"properties":{"depth_m":1.4,"invert_level_m":1.0,"branch":"السليمانية","basin_id":"ENV_CATCH_BASINS-000297"}},{"type":"Feature","id":"ENV_CATCH_BASINS-000298","geometry":{"type":"Point","coordinates":[39.266048,21.489978]},"properties":{"depth_m":1.4,"invert_level_m":1.0,"branch":"السليمانية","basin_id":"ENV_CATCH_BASINS-000298"}},{"type":"Feature","id":"ENV_CATCH_BASINS-000299","geometry":{"type":"Point","coordinates":[39.252611,21.489688]},"properties":{"depth_m":1.9,"invert_level_m":0.5,"branch":"السليمانية","basin_id":"ENV_CATCH_BASINS-000299"}},{"type":"Feature","id":"ENV_CATCH_BASINS-000300","geometry":{"type":"Point","coordinates":[39.252888,21.489299]},"properties":{"depth_m":1.5,"invert_level_m":0.4,"branch":"السليمانية","basin_id":"ENV_CATCH_BASINS-000300"}},{"type":"Feature","id":"ENV_CATCH_BASINS-000301","geometry":{"type":"Point","coordinates":[39.252464,21.489266]},"properties":{"depth_m":1.5,"invert_level_m":0.4,"branch":"السليمانية","basin_id":"ENV_CATCH_BASINS-000301"}},{"type":"Feature","id":"ENV_CATCH_BASINS-000302","geometry":{"type":"Point","coordinates":[39.252793,21.489036]},"properties":{"depth_m":1.5,"invert_level_m":0.4,"branch":"السليمانية","basin_id":"ENV_CATCH_BASINS-000302"}},{"type":"Feature","id":"ENV_CATCH_BASINS-000303","geometry":{"type":"Point","coordinates":[39.252459,21.489051]},"properties":{"depth_m":1.5,"invert_level_m":0.4,"branch":"السليمانية","basin_id":"ENV_CATCH_BASINS-000303"}},{"type":"Feature","id":"ENV_CATCH_BASINS-000304","geometry":{"type":"Point","coordinates":[39.252774,21.488588]},"properties":{"depth_m":1.5,"invert_level_m":0.4,"branch":"السليمانية","basin_id":"ENV_CATCH_BASINS-000304"}},{"type":"Feature","id":"ENV_CATCH_BASINS-000305","geometry":{"type":"Point","coordinates":[39.252051,21.488966]},"properties":{"depth_m":0.5,"invert_level_m":0.1,"branch":"السليمانية","basin_id":"ENV_CATCH_BASINS-000305"}},{"type":"Feature","id":"ENV_CATCH_BASINS-000306","geometry":{"type":"Point","coordinates":[39.252362,21.488677]},"properties":{"depth_m":1.5,"invert_level_m":0.4,"branch":"السليمانية","basin_id":"ENV_CATCH_BASINS-000306"}},{"type":"Feature","id":"ENV_CATCH_BASINS-000307","geometry":{"type":"Point","coordinates":[39.252694,21.488305]},"properties":{"depth_m":1.5,"invert_level_m":0.5,"branch":"السليمانية","basin_id":"ENV_CATCH_BASINS-000307"}},{"type":"Feature","id":"ENV_CATCH_BASINS-000308","geometry":{"type":"Point","coordinates":[39.252409,21.488324]},"properties":{"depth_m":1.5,"invert_level_m":0.5,"branch":"السليمانية","basin_id":"ENV_CATCH_BASINS-000308"}},{"type":"Feature","id":"ENV_CATCH_BASINS-000309","geometry":{"type":"Point","coordinates":[39.25243,21.488127]},"properties":{"depth_m":1.5,"invert_level_m":0.5,"branch":"السليمانية","basin_id":"ENV_CATCH_BASINS-000309"}},{"type":"Feature","id":"ENV_CATCH_BASINS-000310","geometry":{"type":"Point","coordinates":[39.23942,21.492226]},"properties":{"depth_m":1.2,"invert_level_m":0.4,"branch":"السليمانية","basin_id":"ENV_CATCH_BASINS-000310"}},{"type":"Feature","id":"ENV_CATCH_BASINS-000311","geometry":{"type":"Point","coordinates":[39.23943,21.492677]},"properties":{"depth_m":1.2,"invert_level_m":0.4,"branch":"السليمانية","basin_id":"ENV_CATCH_BASINS-000311"}},{"type":"Feature","id":"ENV_CATCH_BASINS-000312","geometry":{"type":"Point","coordinates":[39.239438,21.493142]},"properties":{"depth_m":1.2,"invert_level_m":0.4,"branch":"السليمانية","basin_id":"ENV_CATCH_BASINS-000312"}},{"type":"Feature","id":"ENV_CATCH_BASINS-000313","geometry":{"type":"Point","coordinates":[39.239443,21.493305]},"properties":{"depth_m":1.2,"invert_level_m":0.4,"branch":"السليمانية","basin_id":"ENV_CATCH_BASINS-000313"}},{"type":"Feature","id":"ENV_CATCH_BASINS-000314","geometry":{"type":"Point","coordinates":[39.239448,21.49339]},"properties":{"depth_m":1.2,"invert_level_m":0.4,"branch":"السليمانية","basin_id":"ENV_CATCH_BASINS-000314"}},{"type":"Feature","id":"ENV_CATCH_BASINS-000315","geometry":{"type":"Point","coordinates":[39.23954,21.493765]},"properties":{"depth_m":1.2,"invert_level_m":0.4,"branch":"السليمانية","basin_id":"ENV_CATCH_BASINS-000315"}},{"type":"Feature","id":"ENV_CATCH_BASINS-000316","geometry":{"type":"Point","coordinates":[39.23953,21.493574]},"properties":{"depth_m":1.2,"invert_level_m":1.1,"branch":"السليمانية","basin_id":"ENV_CATCH_BASINS-000316"}},{"type":"Feature","id":"ENV_CATCH_BASINS-000317","geometry":{"type":"Point","coordinates":[39.239832,21.493802]},"properties":{"depth_m":-1.0,"invert_level_m":-1.0,"branch":"السليمانية","basin_id":"ENV_CATCH_BASINS-000317"}},{"type":"Feature","id":"ENV_CATCH_BASINS-000318","geometry":{"type":"Point","coordinates":[39.239671,21.493979]},"properties":{"depth_m":1.2,"invert_level_m":0.4,"branch":"السليمانية","basin_id":"ENV_CATCH_BASINS-000318"}},{"type":"Feature","id":"ENV_CATCH_BASINS-000319","geometry":{"type":"Point","coordinates":[39.239604,21.494217]},"properties":{"depth_m":1.2,"invert_level_m":0.4,"branch":"السليمانية","basin_id":"ENV_CATCH_BASINS-000319"}},{"type":"Feature","id":"ENV_CATCH_BASINS-000320","geometry":{"type":"Point","coordinates":[39.239566,21.494466]},"properties":{"depth_m":1.2,"invert_level_m":0.4,"branch":"السليمانية","basin_id":"ENV_CATCH_BASINS-000320"}},{"type":"Feature","id":"ENV_CATCH_BASINS-000321","geometry":{"type":"Point","coordinates":[39.239471,21.49488]},"properties":{"depth_m":1.2,"invert_level_m":0.4,"branch":"السليمانية","basin_id":"ENV_CATCH_BASINS-000321"}},{"type":"Feature","id":"ENV_CATCH_BASINS-000322","geometry":{"type":"Point","coordinates":[39.239675,21.495278]},"properties":{"depth_m":1.0,"invert_level_m":0.3,"branch":"السليمانية","basin_id":"ENV_CATCH_BASINS-000322"}},{"type":"Feature","id":"ENV_CATCH_BASINS-000323","geometry":{"type":"Point","coordinates":[39.239688,21.495402]},"properties":{"depth_m":1.0,"invert_level_m":0.3,"branch":"السليمانية","basin_id":"ENV_CATCH_BASINS-000323"}},{"type":"Feature","id":"ENV_CATCH_BASINS-000324","geometry":{"type":"Point","coordinates":[39.239485,21.495776]},"properties":{"depth_m":1.2,"invert_level_m":0.4,"branch":"السليمانية","basin_id":"ENV_CATCH_BASINS-000324"}},{"type":"Feature","id":"ENV_CATCH_BASINS-000325","geometry":{"type":"Point","coordinates":[39.239495,21.496226]},"properties":{"depth_m":1.2,"invert_level_m":0.4,"branch":"السليمانية","basin_id":"ENV_CATCH_BASINS-000325"}},{"type":"Feature","id":"ENV_CATCH_BASINS-000326","geometry":{"type":"Point","coordinates":[39.239502,21.496696]},"properties":{"depth_m":1.2,"invert_level_m":0.4,"branch":"السليمانية","basin_id":"ENV_CATCH_BASINS-000326"}},{"type":"Feature","id":"ENV_CATCH_BASINS-000327","geometry":{"type":"Point","coordinates":[39.239512,21.497147]},"properties":{"depth_m":1.2,"invert_level_m":0.4,"branch":"السليمانية","basin_id":"ENV_CATCH_BASINS-000327"}},{"type":"Feature","id":"ENV_CATCH_BASINS-000328","geometry":{"type":"Point","coordinates":[39.239519,21.497598]},"properties":{"depth_m":1.2,"invert_level_m":0.4,"branch":"السليمانية","basin_id":"ENV_CATCH_BASINS-000328"}},{"type":"Feature","id":"ENV_CATCH_BASINS-000329","geometry":{"type":"Point","coordinates":[39.25238,21.498282]},"properties":{"depth_m":2.0,"invert_level_m":0.5,"branch":"السليمانية","basin_id":"ENV_CATCH_BASINS-000329"}},{"type":"Feature","id":"ENV_CATCH_BASINS-000330","geometry":{"type":"Point","coordinates":[39.252404,21.49816]},"properties":{"depth_m":2.0,"invert_level_m":0.5,"branch":"السليمانية","basin_id":"ENV_CATCH_BASINS-000330"}},{"type":"Feature","id":"ENV_CATCH_BASINS-000331","geometry":{"type":"Point","coordinates":[39.265812,21.490036]},"properties":{"depth_m":1.4,"invert_level_m":1.1,"branch":"السليمانية","basin_id":"ENV_CATCH_BASINS-000331"}},{"type":"Feature","id":"ENV_CATCH_BASINS-000332","geometry":{"type":"Point","coordinates":[39.265697,21.489977]},"properties":{"depth_m":1.2,"invert_level_m":0.8,"branch":"السليمانية","basin_id":"ENV_CATCH_BASINS-000332"}},{"type":"Feature","id":"ENV_CATCH_BASINS-000333","geometry":{"type":"Point","coordinates":[39.265624,21.489995]},"properties":{"depth_m":1.2,"invert_level_m":0.8,"branch":"السليمانية","basin_id":"ENV_CATCH_BASINS-000333"}},{"type":"Feature","id":"ENV_CATCH_BASINS-000334","geometry":{"type":"Point","coordinates":[39.265483,21.490048]},"properties":{"depth_m":1.2,"invert_level_m":0.5,"branch":"السليمانية","basin_id":"ENV_CATCH_BASINS-000334"}},{"type":"Feature","id":"ENV_CATCH_BASINS-000335","geometry":{"type":"Point","coordinates":[39.26553,21.490119]},"properties":{"depth_m":1.2,"invert_level_m":0.8,"branch":"السليمانية","basin_id":"ENV_CATCH_BASINS-000335"}},{"type":"Feature","id":"ENV_CATCH_BASINS-000336","geometry":{"type":"Point","coordinates":[39.26488,21.490444]},"properties":{"depth_m":1.2,"invert_level_m":0.9,"branch":"السليمانية","basin_id":"ENV_CATCH_BASINS-000336"}},{"type":"Feature","id":"ENV_CATCH_BASINS-000337","geometry":{"type":"Point","coordinates":[39.263821,21.491341]},"properties":{"depth_m":1.5,"invert_level_m":0.8,"branch":"السليمانية","basin_id":"ENV_CATCH_BASINS-000337"}},{"type":"Feature","id":"ENV_CATCH_BASINS-000338","geometry":{"type":"Point","coordinates":[39.263756,21.491372]},"properties":{"depth_m":1.5,"invert_level_m":0.8,"branch":"السليمانية","basin_id":"ENV_CATCH_BASINS-000338"}},{"type":"Feature","id":"ENV_CATCH_BASINS-000339","geometry":{"type":"Point","coordinates":[39.263653,21.490803]},"properties":{"depth_m":1.2,"invert_level_m":0.8,"branch":"السليمانية","basin_id":"ENV_CATCH_BASINS-000339"}},{"type":"Feature","id":"ENV_CATCH_BASINS-000340","geometry":{"type":"Point","coordinates":[39.263586,21.49083]},"properties":{"depth_m":1.2,"invert_level_m":0.8,"branch":"السليمانية","basin_id":"ENV_CATCH_BASINS-000340"}},{"type":"Feature","id":"ENV_CATCH_BASINS-000341","geometry":{"type":"Point","coordinates":[39.263491,21.49029]},"properties":{"depth_m":1.3,"invert_level_m":0.8,"branch":"السليمانية","basin_id":"ENV_CATCH_BASINS-000341"}},{"type":"Feature","id":"ENV_CATCH_BASINS-000342","geometry":{"type":"Point","coordinates":[39.263424,21.490314]},"properties":{"depth_m":1.5,"invert_level_m":0.8,"branch":"السليمانية","basin_id":"ENV_CATCH_BASINS-000342"}},{"type":"Feature","id":"ENV_CATCH_BASINS-000343","geometry":{"type":"Point","coordinates":[39.263326,21.489763]},"properties":{"depth_m":1.5,"invert_level_m":0.8,"branch":"السليمانية","basin_id":"ENV_CATCH_BASINS-000343"}},{"type":"Feature","id":"ENV_CATCH_BASINS-000344","geometry":{"type":"Point","coordinates":[39.26326,21.48979]},"properties":{"depth_m":1.5,"invert_level_m":0.8,"branch":"السليمانية","basin_id":"ENV_CATCH_BASINS-000344"}},{"type":"Feature","id":"ENV_CATCH_BASINS-000345","geometry":{"type":"Point","coordinates":[39.26316,21.489234]},"properties":{"depth_m":1.2,"invert_level_m":0.8,"branch":"السليمانية","basin_id":"ENV_CATCH_BASINS-000345"}},{"type":"Feature","id":"ENV_CATCH_BASINS-000346","geometry":{"type":"Point","coordinates":[39.263092,21.489259]},"properties":{"depth_m":1.5,"invert_level_m":1.0,"branch":"السليمانية","basin_id":"ENV_CATCH_BASINS-000346"}},{"type":"Feature","id":"ENV_CATCH_BASINS-000347","geometry":{"type":"Point","coordinates":[39.264721,21.489934]},"properties":{"depth_m":1.2,"invert_level_m":0.8,"branch":"السليمانية","basin_id":"ENV_CATCH_BASINS-000347"}},{"type":"Feature","id":"ENV_CATCH_BASINS-000348","geometry":{"type":"Point","coordinates":[39.264492,21.489697]},"properties":{"depth_m":1.4,"invert_level_m":1.0,"branch":"السليمانية","basin_id":"ENV_CATCH_BASINS-000348"}},{"type":"Feature","id":"ENV_CATCH_BASINS-000349","geometry":{"type":"Point","coordinates":[39.264471,21.489383]},"properties":{"depth_m":1.4,"invert_level_m":1.0,"branch":"السليمانية","basin_id":"ENV_CATCH_BASINS-000349"}},{"type":"Feature","id":"ENV_CATCH_BASINS-000350","geometry":{"type":"Point","coordinates":[39.264575,21.489465]},"properties":{"depth_m":-1.0,"invert_level_m":-1.0,"branch":"السليمانية","basin_id":"ENV_CATCH_BASINS-000350"}},{"type":"Feature","id":"ENV_CATCH_BASINS-000351","geometry":{"type":"Point","coordinates":[39.262823,21.488157]},"properties":{"depth_m":1.5,"invert_level_m":0.8,"branch":"السليمانية","basin_id":"ENV_CATCH_BASINS-000351"}},{"type":"Feature","id":"ENV_CATCH_BASINS-000352","geometry":{"type":"Point","coordinates":[39.262753,21.488182]},"properties":{"depth_m":1.3,"invert_level_m":0.8,"branch":"السليمانية","basin_id":"ENV_CATCH_BASINS-000352"}},{"type":"Feature","id":"ENV_CATCH_BASINS-000353","geometry":{"type":"Point","coordinates":[39.26293,21.488362]},"properties":{"depth_m":1.4,"invert_level_m":0.8,"branch":"السليمانية","basin_id":"ENV_CATCH_BASINS-000353"}},{"type":"Feature","id":"ENV_CATCH_BASINS-000354","geometry":{"type":"Point","coordinates":[39.246801,21.497414]},"properties":{"depth_m":-1.0,"invert_level_m":-1.0,"branch":"السليمانية","basin_id":"ENV_CATCH_BASINS-000354"}},{"type":"Feature","id":"ENV_CATCH_BASINS-000355","geometry":{"type":"Point","coordinates":[39.246529,21.497189]},"properties":{"depth_m":1.8,"invert_level_m":0.5,"branch":"السليمانية","basin_id":"ENV_CATCH_BASINS-000355"}},{"type":"Feature","id":"ENV_CATCH_BASINS-000356","geometry":{"type":"Point","coordinates":[39.246506,21.497311]},"properties":{"depth_m":1.8,"invert_level_m":0.5,"branch":"السليمانية","basin_id":"ENV_CATCH_BASINS-000356"}},{"type":"Feature","id":"ENV_CATCH_BASINS-000357","geometry":{"type":"Point","coordinates":[39.245589,21.497034]},"properties":{"depth_m":1.8,"invert_level_m":0.5,"branch":"السليمانية","basin_id":"ENV_CATCH_BASINS-000357"}},{"type":"Feature","id":"ENV_CATCH_BASINS-000358","geometry":{"type":"Point","coordinates":[39.245565,21.497156]},"properties":{"depth_m":1.8,"invert_level_m":0.5,"branch":"السليمانية","basin_id":"ENV_CATCH_BASINS-000358"}},{"type":"Feature","id":"ENV_CATCH_BASINS-000359","geometry":{"type":"Point","coordinates":[39.244773,21.496897]},"properties":{"depth_m":-1.0,"invert_level_m":-1.0,"branch":"السليمانية","basin_id":"ENV_CATCH_BASINS-000359"}},{"type":"Feature","id":"ENV_CATCH_BASINS-000360","geometry":{"type":"Point","coordinates":[39.244749,21.497021]},"properties":{"depth_m":2.0,"invert_level_m":0.5,"branch":"السليمانية","basin_id":"ENV_CATCH_BASINS-000360"}},{"type":"Feature","id":"ENV_CATCH_BASINS-000361","geometry":{"type":"Point","coordinates":[39.243916,21.495976]},"properties":{"depth_m":1.4,"invert_level_m":0.9,"branch":"السليمانية","basin_id":"ENV_CATCH_BASINS-000361"}},{"type":"Feature","id":"ENV_CATCH_BASINS-000362","geometry":{"type":"Point","coordinates":[39.244039,21.496005]},"properties":{"depth_m":-1.0,"invert_level_m":-1.0,"branch":"السليمانية","basin_id":"ENV_CATCH_BASINS-000362"}},{"type":"Feature","id":"ENV_CATCH_BASINS-000363","geometry":{"type":"Point","coordinates":[39.244006,21.495493]},"properties":{"depth_m":2.5,"invert_level_m":1.8,"branch":"السليمانية","basin_id":"ENV_CATCH_BASINS-000363"}},{"type":"Feature","id":"ENV_CATCH_BASINS-000364","geometry":{"type":"Point","coordinates":[39.244138,21.495514]},"properties":{"depth_m":2.5,"invert_level_m":1.8,"branch":"السليمانية","basin_id":"ENV_CATCH_BASINS-000364"}},{"type":"Feature","id":"ENV_CATCH_BASINS-000365","geometry":{"type":"Point","coordinates":[39.244716,21.498038]},"properties":{"depth_m":1.9,"invert_level_m":1.7,"branch":"السليمانية","basin_id":"ENV_CATCH_BASINS-000365"}},{"type":"Feature","id":"ENV_CATCH_BASINS-000366","geometry":{"type":"Point","coordinates":[39.244481,21.497997]},"properties":{"depth_m":2.4,"invert_level_m":2.0,"branch":"السليمانية","basin_id":"ENV_CATCH_BASINS-000366"}},{"type":"Feature","id":"ENV_CATCH_BASINS-000367","geometry":{"type":"Point","coordinates":[39.2442,21.497952]},"properties":{"depth_m":2.4,"invert_level_m":1.1,"branch":"السليمانية","basin_id":"ENV_CATCH_BASINS-000367"}},{"type":"Feature","id":"ENV_CATCH_BASINS-000368","geometry":{"type":"Point","coordinates":[39.244421,21.498338]},"properties":{"depth_m":2.1,"invert_level_m":1.8,"branch":"السليمانية","basin_id":"ENV_CATCH_BASINS-000368"}},{"type":"Feature","id":"ENV_CATCH_BASINS-000369","geometry":{"type":"Point","coordinates":[39.244173,21.498297]},"properties":{"depth_m":2.4,"invert_level_m":1.9,"branch":"السليمانية","basin_id":"ENV_CATCH_BASINS-000369"}},{"type":"Feature","id":"ENV_CATCH_BASINS-000370","geometry":{"type":"Point","coordinates":[39.24349,21.498351]},"properties":{"depth_m":2.2,"invert_level_m":1.2,"branch":"السليمانية","basin_id":"ENV_CATCH_BASINS-000370"}},{"type":"Feature","id":"ENV_CATCH_BASINS-000371","geometry":{"type":"Point","coordinates":[39.24357,21.497898]},"properties":{"depth_m":2.2,"invert_level_m":1.2,"branch":"السليمانية","basin_id":"ENV_CATCH_BASINS-000371"}},{"type":"Feature","id":"ENV_CATCH_BASINS-000372","geometry":{"type":"Point","coordinates":[39.243695,21.497918]},"properties":{"depth_m":2.2,"invert_level_m":1.2,"branch":"السليمانية","basin_id":"ENV_CATCH_BASINS-000372"}},{"type":"Feature","id":"ENV_CATCH_BASINS-000373","geometry":{"type":"Point","coordinates":[39.244644,21.497698]},"properties":{"depth_m":1.9,"invert_level_m":0.6,"branch":"السليمانية","basin_id":"ENV_CATCH_BASINS-000373"}},{"type":"Feature","id":"ENV_CATCH_BASINS-000374","geometry":{"type":"Point","coordinates":[39.244125,21.497611]},"properties":{"depth_m":1.9,"invert_level_m":0.6,"branch":"السليمانية","basin_id":"ENV_CATCH_BASINS-000374"}},{"type":"Feature","id":"ENV_CATCH_BASINS-000375","geometry":{"type":"Point","coordinates":[39.243776,21.497471]},"properties":{"depth_m":1.8,"invert_level_m":1.0,"branch":"السليمانية","basin_id":"ENV_CATCH_BASINS-000375"}},{"type":"Feature","id":"ENV_CATCH_BASINS-000376","geometry":{"type":"Point","coordinates":[39.252679,21.488135]},"properties":{"depth_m":1.5,"invert_level_m":0.5,"branch":"السليمانية","basin_id":"ENV_CATCH_BASINS-000376"}},{"type":"Feature","id":"ENV_CATCH_BASINS-000377","geometry":{"type":"Point","coordinates":[39.252536,21.487362]},"properties":{"depth_m":1.5,"invert_level_m":0.5,"branch":"السليمانية","basin_id":"ENV_CATCH_BASINS-000377"}},{"type":"Feature","id":"ENV_CATCH_BASINS-000378","geometry":{"type":"Point","coordinates":[39.252778,21.487396]},"properties":{"depth_m":1.5,"invert_level_m":0.5,"branch":"السليمانية","basin_id":"ENV_CATCH_BASINS-000378"}},{"type":"Feature","id":"ENV_CATCH_BASINS-000379","geometry":{"type":"Point","coordinates":[39.252461,21.487787]},"properties":{"depth_m":1.5,"invert_level_m":0.5,"branch":"السليمانية","basin_id":"ENV_CATCH_BASINS-000379"}},{"type":"Feature","id":"ENV_CATCH_BASINS-000380","geometry":{"type":"Point","coordinates":[39.252711,21.487798]},"properties":{"depth_m":1.5,"invert_level_m":0.5,"branch":"السليمانية","basin_id":"ENV_CATCH_BASINS-000380"}},{"type":"Feature","id":"ENV_CATCH_BASINS-000381","geometry":{"type":"Point","coordinates":[39.239151,21.491047]},"properties":{"depth_m":1.2,"invert_level_m":0.8,"branch":"السليمانية","basin_id":"ENV_CATCH_BASINS-000381"}},{"type":"Feature","id":"ENV_CATCH_BASINS-000382","geometry":{"type":"Point","coordinates":[39.239159,21.491518]},"properties":{"depth_m":1.0,"invert_level_m":0.3,"branch":"السليمانية","basin_id":"ENV_CATCH_BASINS-000382"}},{"type":"Feature","id":"ENV_CATCH_BASINS-000383","geometry":{"type":"Point","coordinates":[39.239165,21.491827]},"properties":{"depth_m":1.2,"invert_level_m":0.4,"branch":"السليمانية","basin_id":"ENV_CATCH_BASINS-000383"}},{"type":"Feature","id":"ENV_CATCH_BASINS-000384","geometry":{"type":"Point","coordinates":[39.239172,21.492225]},"properties":{"depth_m":1.3,"invert_level_m":0.4,"branch":"السليمانية","basin_id":"ENV_CATCH_BASINS-000384"}},{"type":"Feature","id":"ENV_CATCH_BASINS-000385","geometry":{"type":"Point","coordinates":[39.239179,21.492674]},"properties":{"depth_m":1.2,"invert_level_m":0.4,"branch":"السليمانية","basin_id":"ENV_CATCH_BASINS-000385"}},{"type":"Feature","id":"ENV_CATCH_BASINS-000386","geometry":{"type":"Point","coordinates":[39.239174,21.492966]},"properties":{"depth_m":1.2,"invert_level_m":0.5,"branch":"السليمانية","basin_id":"ENV_CATCH_BASINS-000386"}},{"type":"Feature","id":"ENV_CATCH_BASINS-000387","geometry":{"type":"Point","coordinates":[39.239153,21.493403]},"properties":{"depth_m":1.2,"invert_level_m":0.5,"branch":"السليمانية","basin_id":"ENV_CATCH_BASINS-000387"}},{"type":"Feature","id":"ENV_CATCH_BASINS-000388","geometry":{"type":"Point","coordinates":[39.239069,21.493581]},"properties":{"depth_m":1.2,"invert_level_m":0.9,"branch":"السليمانية","basin_id":"ENV_CATCH_BASINS-000388"}},{"type":"Feature","id":"ENV_CATCH_BASINS-000389","geometry":{"type":"Point","coordinates":[39.239058,21.493823]},"properties":{"depth_m":1.2,"invert_level_m":0.4,"branch":"السليمانية","basin_id":"ENV_CATCH_BASINS-000389"}},{"type":"Feature","id":"ENV_CATCH_BASINS-000390","geometry":{"type":"Point","coordinates":[39.238997,21.49368]},"properties":{"depth_m":1.2,"invert_level_m":0.9,"branch":"السليمانية","basin_id":"ENV_CATCH_BASINS-000390"}},{"type":"Feature","id":"ENV_CATCH_BASINS-000391","geometry":{"type":"Point","coordinates":[39.239,21.49394]},"properties":{"depth_m":1.2,"invert_level_m":0.4,"branch":"السليمانية","basin_id":"ENV_CATCH_BASINS-000391"}},{"type":"Feature","id":"ENV_CATCH_BASINS-000392","geometry":{"type":"Point","coordinates":[39.239121,21.494276]},"properties":{"depth_m":1.2,"invert_level_m":0.4,"branch":"السليمانية","basin_id":"ENV_CATCH_BASINS-000392"}},{"type":"Feature","id":"ENV_CATCH_BASINS-000393","geometry":{"type":"Point","coordinates":[39.239125,21.494464]},"properties":{"depth_m":1.2,"invert_level_m":0.4,"branch":"السليمانية","basin_id":"ENV_CATCH_BASINS-000393"}},{"type":"Feature","id":"ENV_CATCH_BASINS-000394","geometry":{"type":"Point","coordinates":[39.239198,21.494622]},"properties":{"depth_m":1.2,"invert_level_m":0.4,"branch":"السليمانية","basin_id":"ENV_CATCH_BASINS-000394"}},{"type":"Feature","id":"ENV_CATCH_BASINS-000395","geometry":{"type":"Point","coordinates":[39.239222,21.494912]},"properties":{"depth_m":1.2,"invert_level_m":0.4,"branch":"السليمانية","basin_id":"ENV_CATCH_BASINS-000395"}},{"type":"Feature","id":"ENV_CATCH_BASINS-000396","geometry":{"type":"Point","coordinates":[39.23923,21.495352]},"properties":{"depth_m":1.2,"invert_level_m":0.4,"branch":"السليمانية","basin_id":"ENV_CATCH_BASINS-000396"}},{"type":"Feature","id":"ENV_CATCH_BASINS-000397","geometry":{"type":"Point","coordinates":[39.239242,21.495906]},"properties":{"depth_m":1.2,"invert_level_m":0.4,"branch":"السليمانية","basin_id":"ENV_CATCH_BASINS-000397"}},{"type":"Feature","id":"ENV_CATCH_BASINS-000398","geometry":{"type":"Point","coordinates":[39.239143,21.496068]},"properties":{"depth_m":1.2,"invert_level_m":0.4,"branch":"السليمانية","basin_id":"ENV_CATCH_BASINS-000398"}},{"type":"Feature","id":"ENV_CATCH_BASINS-000399","geometry":{"type":"Point","coordinates":[39.239251,21.496458]},"properties":{"depth_m":1.2,"invert_level_m":0.4,"branch":"السليمانية","basin_id":"ENV_CATCH_BASINS-000399"}},{"type":"Feature","id":"ENV_CATCH_BASINS-000400","geometry":{"type":"Point","coordinates":[39.239263,21.497011]},"properties":{"depth_m":1.2,"invert_level_m":0.4,"branch":"السليمانية","basin_id":"ENV_CATCH_BASINS-000400"}},{"type":"Feature","id":"ENV_CATCH_BASINS-000401","geometry":{"type":"Point","coordinates":[39.239273,21.497602]},"properties":{"depth_m":1.2,"invert_level_m":0.4,"branch":"السليمانية","basin_id":"ENV_CATCH_BASINS-000401"}},{"type":"Feature","id":"ENV_CATCH_BASINS-000402","geometry":{"type":"Point","coordinates":[39.239265,21.48413]},"properties":{"depth_m":-1.0,"invert_level_m":-1.0,"branch":"السليمانية","basin_id":"ENV_CATCH_BASINS-000402"}},{"type":"Feature","id":"ENV_CATCH_BASINS-000403","geometry":{"type":"Point","coordinates":[39.233239,21.499238]},"properties":{"depth_m":-1.0,"invert_level_m":-1.0,"branch":"السليمانية","basin_id":"ENV_CATCH_BASINS-000403"}},{"type":"Feature","id":"ENV_CATCH_BASINS-000404","geometry":{"type":"Point","coordinates":[39.233454,21.499212]},"properties":{"depth_m":-1.0,"invert_level_m":-1.0,"branch":"السليمانية","basin_id":"ENV_CATCH_BASINS-000404"}},{"type":"Feature","id":"ENV_CATCH_BASINS-000405","geometry":{"type":"Point","coordinates":[39.233177,21.49877]},"properties":{"depth_m":1.5,"invert_level_m":1.2,"branch":"السليمانية","basin_id":"ENV_CATCH_BASINS-000405"}},{"type":"Feature","id":"ENV_CATCH_BASINS-000406","geometry":{"type":"Point","coordinates":[39.233382,21.498748]},"properties":{"depth_m":1.5,"invert_level_m":1.2,"branch":"السليمانية","basin_id":"ENV_CATCH_BASINS-000406"}},{"type":"Feature","id":"ENV_CATCH_BASINS-000407","geometry":{"type":"Point","coordinates":[39.233172,21.497227]},"properties":{"depth_m":1.7,"invert_level_m":1.4,"branch":"السليمانية","basin_id":"ENV_CATCH_BASINS-000407"}},{"type":"Feature","id":"ENV_CATCH_BASINS-000408","geometry":{"type":"Point","coordinates":[39.232963,21.497253]},"properties":{"depth_m":1.7,"invert_level_m":1.4,"branch":"السليمانية","basin_id":"ENV_CATCH_BASINS-000408"}},{"type":"Feature","id":"ENV_CATCH_BASINS-000409","geometry":{"type":"Point","coordinates":[39.233128,21.496906]},"properties":{"depth_m":-1.0,"invert_level_m":-1.0,"branch":"السليمانية","basin_id":"ENV_CATCH_BASINS-000409"}},{"type":"Feature","id":"ENV_CATCH_BASINS-000410","geometry":{"type":"Point","coordinates":[39.232916,21.496931]},"properties":{"depth_m":-1.0,"invert_level_m":-1.0,"branch":"السليمانية","basin_id":"ENV_CATCH_BASINS-000410"}},{"type":"Feature","id":"ENV_CATCH_BASINS-000411","geometry":{"type":"Point","coordinates":[39.238792,21.498409]},"properties":{"depth_m":11.2,"invert_level_m":0.5,"branch":"السليمانية","basin_id":"ENV_CATCH_BASINS-000411"}},{"type":"Feature","id":"ENV_CATCH_BASINS-000412","geometry":{"type":"Point","coordinates":[39.251309,21.498105]},"properties":{"depth_m":2.0,"invert_level_m":0.5,"branch":"السليمانية","basin_id":"ENV_CATCH_BASINS-000412"}},{"type":"Feature","id":"ENV_CATCH_BASINS-000413","geometry":{"type":"Point","coordinates":[39.251332,21.497984]},"properties":{"depth_m":2.0,"invert_level_m":0.5,"branch":"السليمانية","basin_id":"ENV_CATCH_BASINS-000413"}},{"type":"Feature","id":"ENV_CATCH_BASINS-000414","geometry":{"type":"Point","coordinates":[39.250476,21.497841]},"properties":{"depth_m":2.0,"invert_level_m":0.5,"branch":"السليمانية","basin_id":"ENV_CATCH_BASINS-000414"}},{"type":"Feature","id":"ENV_CATCH_BASINS-000415","geometry":{"type":"Point","coordinates":[39.250452,21.497964]},"properties":{"depth_m":2.0,"invert_level_m":0.5,"branch":"السليمانية","basin_id":"ENV_CATCH_BASINS-000415"}},{"type":"Feature","id":"ENV_CATCH_BASINS-000416","geometry":{"type":"Point","coordinates":[39.249713,21.497714]},"properties":{"depth_m":2.0,"invert_level_m":0.5,"branch":"السليمانية","basin_id":"ENV_CATCH_BASINS-000416"}},{"type":"Feature","id":"ENV_CATCH_BASINS-000417","geometry":{"type":"Point","coordinates":[39.249692,21.497838]},"properties":{"depth_m":2.0,"invert_level_m":0.5,"branch":"السليمانية","basin_id":"ENV_CATCH_BASINS-000417"}},{"type":"Feature","id":"ENV_CATCH_BASINS-000418","geometry":{"type":"Point","coordinates":[39.249269,21.499293]},"properties":{"depth_m":2.0,"invert_level_m":0.5,"branch":"السليمانية","basin_id":"ENV_CATCH_BASINS-000418"}},{"type":"Feature","id":"ENV_CATCH_BASINS-000419","geometry":{"type":"Point","coordinates":[39.249137,21.499271]},"properties":{"depth_m":2.0,"invert_level_m":0.5,"branch":"السليمانية","basin_id":"ENV_CATCH_BASINS-000419"}},{"type":"Feature","id":"ENV_CATCH_BASINS-000420","geometry":{"type":"Point","coordinates":[39.249201,21.498937]},"properties":{"depth_m":2.0,"invert_level_m":0.5,"branch":"السليمانية","basin_id":"ENV_CATCH_BASINS-000420"}},{"type":"Feature","id":"ENV_CATCH_BASINS-000421","geometry":{"type":"Point","coordinates":[39.249332,21.498959]},"properties":{"depth_m":2.0,"invert_level_m":0.5,"branch":"السليمانية","basin_id":"ENV_CATCH_BASINS-000421"}},{"type":"Feature","id":"ENV_CATCH_BASINS-000422","geometry":{"type":"Point","coordinates":[39.249395,21.498625]},"properties":{"depth_m":2.0,"invert_level_m":0.5,"branch":"السليمانية","basin_id":"ENV_CATCH_BASINS-000422"}},{"type":"Feature","id":"ENV_CATCH_BASINS-000423","geometry":{"type":"Point","coordinates":[39.249263,21.498604]},"properties":{"depth_m":2.0,"invert_level_m":0.5,"branch":"السليمانية","basin_id":"ENV_CATCH_BASINS-000423"}},{"type":"Feature","id":"ENV_CATCH_BASINS-000424","geometry":{"type":"Point","coordinates":[39.249492,21.498114]},"properties":{"depth_m":2.0,"invert_level_m":0.5,"branch":"السليمانية","basin_id":"ENV_CATCH_BASINS-000424"}},{"type":"Feature","id":"ENV_CATCH_BASINS-000425","geometry":{"type":"Point","coordinates":[39.249347,21.498159]},"properties":{"depth_m":2.0,"invert_level_m":0.5,"branch":"السليمانية","basin_id":"ENV_CATCH_BASINS-000425"}},{"type":"Feature","id":"ENV_CATCH_BASINS-000426","geometry":{"type":"Point","coordinates":[39.249593,21.497595]},"properties":{"depth_m":1.2,"invert_level_m":1.0,"branch":"السليمانية","basin_id":"ENV_CATCH_BASINS-000426"}},{"type":"Feature","id":"ENV_CATCH_BASINS-000427","geometry":{"type":"Point","coordinates":[39.249461,21.497574]},"properties":{"depth_m":1.2,"invert_level_m":1.0,"branch":"السليمانية","basin_id":"ENV_CATCH_BASINS-000427"}},{"type":"Feature","id":"ENV_CATCH_BASINS-000428","geometry":{"type":"Point","coordinates":[39.248307,21.497609]},"properties":{"depth_m":1.2,"invert_level_m":0.5,"branch":"السليمانية","basin_id":"ENV_CATCH_BASINS-000428"}},{"type":"Feature","id":"ENV_CATCH_BASINS-000429","geometry":{"type":"Point","coordinates":[39.24833,21.497486]},"properties":{"depth_m":1.2,"invert_level_m":0.5,"branch":"السليمانية","basin_id":"ENV_CATCH_BASINS-000429"}},{"type":"Feature","id":"ENV_CATCH_BASINS-000430","geometry":{"type":"Point","coordinates":[39.247631,21.499159]},"properties":{"depth_m":-1.0,"invert_level_m":-1.0,"branch":"السليمانية","basin_id":"ENV_CATCH_BASINS-000430"}},{"type":"Feature","id":"ENV_CATCH_BASINS-000431","geometry":{"type":"Point","coordinates":[39.247697,21.498808]},"properties":{"depth_m":-1.0,"invert_level_m":-1.0,"branch":"السليمانية","basin_id":"ENV_CATCH_BASINS-000431"}},{"type":"Feature","id":"ENV_CATCH_BASINS-000432","geometry":{"type":"Point","coordinates":[39.247784,21.498349]},"properties":{"depth_m":-1.0,"invert_level_m":-1.0,"branch":"السليمانية","basin_id":"ENV_CATCH_BASINS-000432"}},{"type":"Feature","id":"ENV_CATCH_BASINS-000433","geometry":{"type":"Point","coordinates":[39.247883,21.497852]},"properties":{"depth_m":3.0,"invert_level_m":2.8,"branch":"السليمانية","basin_id":"ENV_CATCH_BASINS-000433"}},{"type":"Feature","id":"ENV_CATCH_BASINS-000434","geometry":{"type":"Point","coordinates":[39.247575,21.497361]},"properties":{"depth_m":1.8,"invert_level_m":0.5,"branch":"السليمانية","basin_id":"ENV_CATCH_BASINS-000434"}},{"type":"Feature","id":"ENV_CATCH_BASINS-000435","geometry":{"type":"Point","coordinates":[39.247551,21.497483]},"properties":{"depth_m":1.8,"invert_level_m":0.5,"branch":"السليمانية","basin_id":"ENV_CATCH_BASINS-000435"}},{"type":"Feature","id":"ENV_CATCH_BASINS-000436","geometry":{"type":"Point","coordinates":[39.246739,21.497404]},"properties":{"depth_m":-1.0,"invert_level_m":-1.0,"branch":"السليمانية","basin_id":"ENV_CATCH_BASINS-000436"}},{"type":"Feature","id":"ENV_CATCH_BASINS-000437","geometry":{"type":"Point","coordinates":[39.262964,21.488473]},"properties":{"depth_m":1.5,"invert_level_m":0.8,"branch":"السليمانية","basin_id":"ENV_CATCH_BASINS-000437"}},{"type":"Feature","id":"ENV_CATCH_BASINS-000438","geometry":{"type":"Point","coordinates":[39.262984,21.488534]},"properties":{"depth_m":1.5,"invert_level_m":0.8,"branch":"السليمانية","basin_id":"ENV_CATCH_BASINS-000438"}},{"type":"Feature","id":"ENV_CATCH_BASINS-000439","geometry":{"type":"Point","coordinates":[39.263017,21.488641]},"properties":{"depth_m":1.5,"invert_level_m":0.8,"branch":"السليمانية","basin_id":"ENV_CATCH_BASINS-000439"}},{"type":"Feature","id":"ENV_CATCH_BASINS-000440","geometry":{"type":"Point","coordinates":[39.263003,21.488731]},"properties":{"depth_m":1.5,"invert_level_m":0.8,"branch":"السليمانية","basin_id":"ENV_CATCH_BASINS-000440"}},{"type":"Feature","id":"ENV_CATCH_BASINS-000441","geometry":{"type":"Point","coordinates":[39.262939,21.48876]},"properties":{"depth_m":2.6,"invert_level_m":2.4,"branch":"السليمانية","basin_id":"ENV_CATCH_BASINS-000441"}},{"type":"Feature","id":"ENV_CATCH_BASINS-000442","geometry":{"type":"Point","coordinates":[39.266469,21.489961]},"properties":{"depth_m":1.0,"invert_level_m":0.8,"branch":"السليمانية","basin_id":"ENV_CATCH_BASINS-000442"}},{"type":"Feature","id":"ENV_CATCH_BASINS-000443","geometry":{"type":"Point","coordinates":[39.266339,21.489699]},"properties":{"depth_m":1.4,"invert_level_m":0.8,"branch":"السليمانية","basin_id":"ENV_CATCH_BASINS-000443"}},{"type":"Feature","id":"ENV_CATCH_BASINS-000444","geometry":{"type":"Point","coordinates":[39.265971,21.489309]},"properties":{"depth_m":1.2,"invert_level_m":0.8,"branch":"السليمانية","basin_id":"ENV_CATCH_BASINS-000444"}},{"type":"Feature","id":"ENV_CATCH_BASINS-000445","geometry":{"type":"Point","coordinates":[39.265591,21.489044]},"properties":{"depth_m":1.5,"invert_level_m":1.0,"branch":"السليمانية","basin_id":"ENV_CATCH_BASINS-000445"}},{"type":"Feature","id":"ENV_CATCH_BASINS-000446","geometry":{"type":"Point","coordinates":[39.265632,21.48899]},"properties":{"depth_m":1.5,"invert_level_m":1.0,"branch":"السليمانية","basin_id":"ENV_CATCH_BASINS-000446"}},{"type":"Feature","id":"ENV_CATCH_BASINS-000447","geometry":{"type":"Point","coordinates":[39.265217,21.48878]},"properties":{"depth_m":1.2,"invert_level_m":0.8,"branch":"السليمانية","basin_id":"ENV_CATCH_BASINS-000447"}},{"type":"Feature","id":"ENV_CATCH_BASINS-000448","geometry":{"type":"Point","coordinates":[39.26518,21.488837]},"properties":{"depth_m":1.2,"invert_level_m":0.8,"branch":"السليمانية","basin_id":"ENV_CATCH_BASINS-000448"}},{"type":"Feature","id":"ENV_CATCH_BASINS-000449","geometry":{"type":"Point","coordinates":[39.264751,21.488563]},"properties":{"depth_m":1.2,"invert_level_m":0.8,"branch":"السليمانية","basin_id":"ENV_CATCH_BASINS-000449"}},{"type":"Feature","id":"ENV_CATCH_BASINS-000450","geometry":{"type":"Point","coordinates":[39.264719,21.48862]},"properties":{"depth_m":1.2,"invert_level_m":0.8,"branch":"السليمانية","basin_id":"ENV_CATCH_BASINS-000450"}},{"type":"Feature","id":"ENV_CATCH_BASINS-000451","geometry":{"type":"Point","coordinates":[39.264453,21.488459]},"properties":{"depth_m":1.4,"invert_level_m":1.0,"branch":"السليمانية","basin_id":"ENV_CATCH_BASINS-000451"}},{"type":"Feature","id":"ENV_CATCH_BASINS-000452","geometry":{"type":"Point","coordinates":[39.264433,21.488528]},"properties":{"depth_m":1.4,"invert_level_m":1.0,"branch":"السليمانية","basin_id":"ENV_CATCH_BASINS-000452"}},{"type":"Feature","id":"ENV_CATCH_BASINS-000453","geometry":{"type":"Point","coordinates":[39.264438,21.489037]},"properties":{"depth_m":1.2,"invert_level_m":0.8,"branch":"السليمانية","basin_id":"ENV_CATCH_BASINS-000453"}},{"type":"Feature","id":"ENV_CATCH_BASINS-000454","geometry":{"type":"Point","coordinates":[39.264376,21.489066]},"properties":{"depth_m":1.2,"invert_level_m":0.8,"branch":"السليمانية","basin_id":"ENV_CATCH_BASINS-000454"}},{"type":"Feature","id":"ENV_CATCH_BASINS-000455","geometry":{"type":"Point","coordinates":[39.264326,21.488677]},"properties":{"depth_m":1.2,"invert_level_m":1.0,"branch":"السليمانية","basin_id":"ENV_CATCH_BASINS-000455"}},{"type":"Feature","id":"ENV_CATCH_BASINS-000456","geometry":{"type":"Point","coordinates":[39.264262,21.488695]},"properties":{"depth_m":1.2,"invert_level_m":1.0,"branch":"السليمانية","basin_id":"ENV_CATCH_BASINS-000456"}},{"type":"Feature","id":"ENV_CATCH_BASINS-000457","geometry":{"type":"Point","coordinates":[39.264077,21.488422]},"properties":{"depth_m":1.4,"invert_level_m":1.0,"branch":"السليمانية","basin_id":"ENV_CATCH_BASINS-000457"}},{"type":"Feature","id":"ENV_CATCH_BASINS-000458","geometry":{"type":"Point","coordinates":[39.263806,21.488318]},"properties":{"depth_m":1.4,"invert_level_m":0.8,"branch":"السليمانية","basin_id":"ENV_CATCH_BASINS-000458"}},{"type":"Feature","id":"ENV_CATCH_BASINS-000459","geometry":{"type":"Point","coordinates":[39.263634,21.488263]},"properties":{"depth_m":1.2,"invert_level_m":0.8,"branch":"السليمانية","basin_id":"ENV_CATCH_BASINS-000459"}},{"type":"Feature","id":"ENV_CATCH_BASINS-000460","geometry":{"type":"Point","coordinates":[39.263467,21.488205]},"properties":{"depth_m":1.4,"invert_level_m":0.8,"branch":"السليمانية","basin_id":"ENV_CATCH_BASINS-000460"}},{"type":"Feature","id":"ENV_CATCH_BASINS-000461","geometry":{"type":"Point","coordinates":[39.26326,21.488146]},"properties":{"depth_m":1.2,"invert_level_m":0.8,"branch":"السليمانية","basin_id":"ENV_CATCH_BASINS-000461"}},{"type":"Feature","id":"ENV_CATCH_BASINS-000462","geometry":{"type":"Point","coordinates":[39.262908,21.488095]},"properties":{"depth_m":1.5,"invert_level_m":0.8,"branch":"السليمانية","basin_id":"ENV_CATCH_BASINS-000462"}},{"type":"Feature","id":"ENV_CATCH_BASINS-000463","geometry":{"type":"Point","coordinates":[39.261973,21.487861]},"properties":{"depth_m":-1.0,"invert_level_m":-1.0,"branch":"السليمانية","basin_id":"ENV_CATCH_BASINS-000463"}},{"type":"Feature","id":"ENV_CATCH_BASINS-000464","geometry":{"type":"Point","coordinates":[39.261995,21.487802]},"properties":{"depth_m":-1.0,"invert_level_m":-1.0,"branch":"السليمانية","basin_id":"ENV_CATCH_BASINS-000464"}},{"type":"Feature","id":"ENV_CATCH_BASINS-000465","geometry":{"type":"Point","coordinates":[39.261432,21.487688]},"properties":{"depth_m":-1.0,"invert_level_m":-1.0,"branch":"السليمانية","basin_id":"ENV_CATCH_BASINS-000465"}},{"type":"Feature","id":"ENV_CATCH_BASINS-000466","geometry":{"type":"Point","coordinates":[39.261406,21.487744]},"properties":{"depth_m":-1.0,"invert_level_m":-1.0,"branch":"السليمانية","basin_id":"ENV_CATCH_BASINS-000466"}},{"type":"Feature","id":"ENV_CATCH_BASINS-000467","geometry":{"type":"Point","coordinates":[39.260865,21.487594]},"properties":{"depth_m":-1.0,"invert_level_m":-1.0,"branch":"السليمانية","basin_id":"ENV_CATCH_BASINS-000467"}},{"type":"Feature","id":"ENV_CATCH_BASINS-000468","geometry":{"type":"Point","coordinates":[39.260841,21.487652]},"properties":{"depth_m":-1.0,"invert_level_m":-1.0,"branch":"السليمانية","basin_id":"ENV_CATCH_BASINS-000468"}},{"type":"Feature","id":"ENV_CATCH_BASINS-000469","geometry":{"type":"Point","coordinates":[39.260297,21.487498]},"properties":{"depth_m":-1.0,"invert_level_m":-1.0,"branch":"السليمانية","basin_id":"ENV_CATCH_BASINS-000469"}},{"type":"Feature","id":"ENV_CATCH_BASINS-000470","geometry":{"type":"Point","coordinates":[39.26027,21.487559]},"properties":{"depth_m":-1.0,"invert_level_m":-1.0,"branch":"السليمانية","basin_id":"ENV_CATCH_BASINS-000470"}},{"type":"Feature","id":"ENV_CATCH_BASINS-000471","geometry":{"type":"Point","coordinates":[39.259726,21.487404]},"properties":{"depth_m":1.2,"invert_level_m":0.8,"branch":"السليمانية","basin_id":"ENV_CATCH_BASINS-000471"}},{"type":"Feature","id":"ENV_CATCH_BASINS-000472","geometry":{"type":"Point","coordinates":[39.259699,21.487466]},"properties":{"depth_m":-1.0,"invert_level_m":-1.0,"branch":"السليمانية","basin_id":"ENV_CATCH_BASINS-000472"}},{"type":"Feature","id":"ENV_CATCH_BASINS-000473","geometry":{"type":"Point","coordinates":[39.259156,21.487307]},"properties":{"depth_m":-1.0,"invert_level_m":-1.0,"branch":"السليمانية","basin_id":"ENV_CATCH_BASINS-000473"}},{"type":"Feature","id":"ENV_CATCH_BASINS-000474","geometry":{"type":"Point","coordinates":[39.259129,21.487371]},"properties":{"depth_m":-1.0,"invert_level_m":-1.0,"branch":"السليمانية","basin_id":"ENV_CATCH_BASINS-000474"}},{"type":"Feature","id":"ENV_CATCH_BASINS-000475","geometry":{"type":"Point","coordinates":[39.258599,21.48722]},"properties":{"depth_m":1.2,"invert_level_m":0.8,"branch":"السليمانية","basin_id":"ENV_CATCH_BASINS-000475"}},{"type":"Feature","id":"ENV_CATCH_BASINS-000476","geometry":{"type":"Point","coordinates":[39.258572,21.48728]},"properties":{"depth_m":-1.0,"invert_level_m":-1.0,"branch":"السليمانية","basin_id":"ENV_CATCH_BASINS-000476"}},{"type":"Feature","id":"ENV_CATCH_BASINS-000477","geometry":{"type":"Point","coordinates":[39.258016,21.487121]},"properties":{"depth_m":-1.0,"invert_level_m":-1.0,"branch":"السليمانية","basin_id":"ENV_CATCH_BASINS-000477"}},{"type":"Feature","id":"ENV_CATCH_BASINS-000478","geometry":{"type":"Point","coordinates":[39.257989,21.487181]},"properties":{"depth_m":-1.0,"invert_level_m":-1.0,"branch":"السليمانية","basin_id":"ENV_CATCH_BASINS-000478"}},{"type":"Feature","id":"ENV_CATCH_BASINS-000479","geometry":{"type":"Point","coordinates":[39.25745,21.487027]},"properties":{"depth_m":-1.0,"invert_level_m":-1.0,"branch":"السليمانية","basin_id":"ENV_CATCH_BASINS-000479"}},{"type":"Feature","id":"ENV_CATCH_BASINS-000480","geometry":{"type":"Point","coordinates":[39.257424,21.487086]},"properties":{"depth_m":-1.0,"invert_level_m":-1.0,"branch":"السليمانية","basin_id":"ENV_CATCH_BASINS-000480"}},{"type":"Feature","id":"ENV_CATCH_BASINS-000481","geometry":{"type":"Point","coordinates":[39.256875,21.486933]},"properties":{"depth_m":1.0,"invert_level_m":0.6,"branch":"السليمانية","basin_id":"ENV_CATCH_BASINS-000481"}},{"type":"Feature","id":"ENV_CATCH_BASINS-000482","geometry":{"type":"Point","coordinates":[39.256849,21.486992]},"properties":{"depth_m":-1.0,"invert_level_m":-1.0,"branch":"السليمانية","basin_id":"ENV_CATCH_BASINS-000482"}},{"type":"Feature","id":"ENV_CATCH_BASINS-000483","geometry":{"type":"Point","coordinates":[39.256307,21.486833]},"properties":{"depth_m":-1.0,"invert_level_m":-1.0,"branch":"السليمانية","basin_id":"ENV_CATCH_BASINS-000483"}},{"type":"Feature","id":"ENV_CATCH_BASINS-000484","geometry":{"type":"Point","coordinates":[39.25628,21.486897]},"properties":{"depth_m":-1.0,"invert_level_m":-1.0,"branch":"السليمانية","basin_id":"ENV_CATCH_BASINS-000484"}},{"type":"Feature","id":"ENV_CATCH_BASINS-000485","geometry":{"type":"Point","coordinates":[39.239555,21.499445]},"properties":{"depth_m":1.2,"invert_level_m":0.5,"branch":"السليمانية","basin_id":"ENV_CATCH_BASINS-000485"}},{"type":"Feature","id":"ENV_CATCH_BASINS-000486","geometry":{"type":"Point","coordinates":[39.239557,21.499587]},"properties":{"depth_m":1.2,"invert_level_m":0.5,"branch":"السليمانية","basin_id":"ENV_CATCH_BASINS-000486"}},{"type":"Feature","id":"ENV_CATCH_BASINS-000487","geometry":{"type":"Point","coordinates":[39.239272,21.499593]},"properties":{"depth_m":1.2,"invert_level_m":0.5,"branch":"السليمانية","basin_id":"ENV_CATCH_BASINS-000487"}},{"type":"Feature","id":"ENV_CATCH_BASINS-000488","geometry":{"type":"Point","coordinates":[39.239305,21.499444]},"properties":{"depth_m":-1.0,"invert_level_m":-1.0,"branch":"السليمانية","basin_id":"ENV_CATCH_BASINS-000488"}},{"type":"Feature","id":"ENV_CATCH_BASINS-000489","geometry":{"type":"Point","coordinates":[39.239274,21.498646]},"properties":{"depth_m":-1.0,"invert_level_m":-1.0,"branch":"السليمانية","basin_id":"ENV_CATCH_BASINS-000489"}},{"type":"Feature","id":"ENV_CATCH_BASINS-000490","geometry":{"type":"Point","coordinates":[39.235267,21.49802]},"properties":{"depth_m":-1.0,"invert_level_m":-1.0,"branch":"السليمانية","basin_id":"ENV_CATCH_BASINS-000490"}},{"type":"Feature","id":"ENV_CATCH_BASINS-000491","geometry":{"type":"Point","coordinates":[39.234862,21.498162]},"properties":{"depth_m":-1.0,"invert_level_m":-1.0,"branch":"السليمانية","basin_id":"ENV_CATCH_BASINS-000491"}},{"type":"Feature","id":"ENV_CATCH_BASINS-000492","geometry":{"type":"Point","coordinates":[39.23377,21.497173]},"properties":{"depth_m":-1.0,"invert_level_m":-1.0,"branch":"السليمانية","basin_id":"ENV_CATCH_BASINS-000492"}},{"type":"Feature","id":"ENV_CATCH_BASINS-000493","geometry":{"type":"Point","coordinates":[39.233824,21.497237]},"properties":{"depth_m":-1.0,"invert_level_m":-1.0,"branch":"السليمانية","basin_id":"ENV_CATCH_BASINS-000493"}},{"type":"Feature","id":"ENV_CATCH_BASINS-000494","geometry":{"type":"Point","coordinates":[39.234124,21.498301]},"properties":{"depth_m":-1.0,"invert_level_m":-1.0,"branch":"السليمانية","basin_id":"ENV_CATCH_BASINS-000494"}},{"type":"Feature","id":"ENV_CATCH_BASINS-000495","geometry":{"type":"Point","coordinates":[39.234093,21.498517]},"properties":{"depth_m":-1.0,"invert_level_m":-1.0,"branch":"السليمانية","basin_id":"ENV_CATCH_BASINS-000495"}},{"type":"Feature","id":"ENV_CATCH_BASINS-000496","geometry":{"type":"Point","coordinates":[39.253492,21.486866]},"properties":{"depth_m":-1.0,"invert_level_m":-1.0,"branch":"السليمانية","basin_id":"ENV_CATCH_BASINS-000496"}},{"type":"Feature","id":"ENV_CATCH_BASINS-000497","geometry":{"type":"Point","coordinates":[39.253493,21.486795]},"properties":{"depth_m":1.5,"invert_level_m":-1.0,"branch":"السليمانية","basin_id":"ENV_CATCH_BASINS-000497"}},{"type":"Feature","id":"ENV_CATCH_BASINS-000498","geometry":{"type":"Point","coordinates":[39.252982,21.486821]},"properties":{"depth_m":1.2,"invert_level_m":-1.0,"branch":"السليمانية","basin_id":"ENV_CATCH_BASINS-000498"}},{"type":"Feature","id":"ENV_CATCH_BASINS-000499","geometry":{"type":"Point","coordinates":[39.252986,21.486895]},"properties":{"depth_m":1.2,"invert_level_m":-1.0,"branch":"السليمانية","basin_id":"ENV_CATCH_BASINS-000499"}},{"type":"Feature","id":"ENV_CATCH_BASINS-000500","geometry":{"type":"Point","coordinates":[39.252893,21.486698]},"properties":{"depth_m":1.5,"invert_level_m":0.5,"branch":"السليمانية","basin_id":"ENV_CATCH_BASINS-000500"}},{"type":"Feature","id":"ENV_CATCH_BASINS-000501","geometry":{"type":"Point","coordinates":[39.252861,21.486891]},"properties":{"depth_m":1.5,"invert_level_m":0.5,"branch":"السليمانية","basin_id":"ENV_CATCH_BASINS-000501"}},{"type":"Feature","id":"ENV_CATCH_BASINS-000502","geometry":{"type":"Point","coordinates":[39.252609,21.486899]},"properties":{"depth_m":1.5,"invert_level_m":0.5,"branch":"السليمانية","basin_id":"ENV_CATCH_BASINS-000502"}},{"type":"Feature","id":"ENV_CATCH_BASINS-000503","geometry":{"type":"Point","coordinates":[39.25287,21.489754]},"properties":{"depth_m":1.5,"invert_level_m":0.4,"branch":"السليمانية","basin_id":"ENV_CATCH_BASINS-000503"}},{"type":"Feature","id":"ENV_CATCH_BASINS-000504","geometry":{"type":"Point","coordinates":[39.252852,21.489564]},"properties":{"depth_m":1.25,"invert_level_m":0.4,"branch":"السليمانية","basin_id":"ENV_CATCH_BASINS-000504"}},{"type":"Feature","id":"ENV_CATCH_BASINS-000505","geometry":{"type":"Point","coordinates":[39.233055,21.496395]},"properties":{"depth_m":1.6,"invert_level_m":1.0,"branch":"السليمانية","basin_id":"ENV_CATCH_BASINS-000505"}},{"type":"Feature","id":"ENV_CATCH_BASINS-000506","geometry":{"type":"Point","coordinates":[39.232849,21.49642]},"properties":{"depth_m":1.7,"invert_level_m":1.4,"branch":"السليمانية","basin_id":"ENV_CATCH_BASINS-000506"}},{"type":"Feature","id":"ENV_CATCH_BASINS-000507","geometry":{"type":"Point","coordinates":[39.232903,21.495317]},"properties":{"depth_m":1.8,"invert_level_m":1.1,"branch":"السليمانية","basin_id":"ENV_CATCH_BASINS-000507"}},{"type":"Feature","id":"ENV_CATCH_BASINS-000508","geometry":{"type":"Point","coordinates":[39.232698,21.495342]},"properties":{"depth_m":1.9,"invert_level_m":1.1,"branch":"السليمانية","basin_id":"ENV_CATCH_BASINS-000508"}},{"type":"Feature","id":"ENV_CATCH_BASINS-000509","geometry":{"type":"Point","coordinates":[39.232877,21.49513]},"properties":{"depth_m":1.8,"invert_level_m":1.1,"branch":"السليمانية","basin_id":"ENV_CATCH_BASINS-000509"}},{"type":"Feature","id":"ENV_CATCH_BASINS-000510","geometry":{"type":"Point","coordinates":[39.23267,21.495155]},"properties":{"depth_m":1.8,"invert_level_m":1.1,"branch":"السليمانية","basin_id":"ENV_CATCH_BASINS-000510"}},{"type":"Feature","id":"ENV_CATCH_BASINS-000511","geometry":{"type":"Point","coordinates":[39.231832,21.494791]},"properties":{"depth_m":1.8,"invert_level_m":1.1,"branch":"السليمانية","basin_id":"ENV_CATCH_BASINS-000511"}},{"type":"Feature","id":"ENV_CATCH_BASINS-000512","geometry":{"type":"Point","coordinates":[39.232436,21.494716]},"properties":{"depth_m":1.8,"invert_level_m":1.1,"branch":"السليمانية","basin_id":"ENV_CATCH_BASINS-000512"}},{"type":"Feature","id":"ENV_CATCH_BASINS-000513","geometry":{"type":"Point","coordinates":[39.237378,21.494409]},"properties":{"depth_m":1.8,"invert_level_m":1.1,"branch":"السليمانية","basin_id":"ENV_CATCH_BASINS-000513"}},{"type":"Feature","id":"ENV_CATCH_BASINS-000514","geometry":{"type":"Point","coordinates":[39.237339,21.494119]},"properties":{"depth_m":1.8,"invert_level_m":1.1,"branch":"السليمانية","basin_id":"ENV_CATCH_BASINS-000514"}},{"type":"Feature","id":"ENV_CATCH_BASINS-000515","geometry":{"type":"Point","coordinates":[39.237038,21.494609]},"properties":{"depth_m":-1.0,"invert_level_m":-1.0,"branch":"السليمانية","basin_id":"ENV_CATCH_BASINS-000515"}},{"type":"Feature","id":"ENV_CATCH_BASINS-000516","geometry":{"type":"Point","coordinates":[39.237243,21.494584]},"properties":{"depth_m":-1.0,"invert_level_m":-1.0,"branch":"السليمانية","basin_id":"ENV_CATCH_BASINS-000516"}},{"type":"Feature","id":"ENV_CATCH_BASINS-000517","geometry":{"type":"Point","coordinates":[39.237135,21.493959]},"properties":{"depth_m":-1.0,"invert_level_m":-1.0,"branch":"السليمانية","basin_id":"ENV_CATCH_BASINS-000517"}},{"type":"Feature","id":"ENV_CATCH_BASINS-000518","geometry":{"type":"Point","coordinates":[39.236973,21.49397]},"properties":{"depth_m":-1.0,"invert_level_m":-1.0,"branch":"السليمانية","basin_id":"ENV_CATCH_BASINS-000518"}},{"type":"Feature","id":"ENV_CATCH_BASINS-000519","geometry":{"type":"Point","coordinates":[39.236953,21.494006]},"properties":{"depth_m":-1.0,"invert_level_m":-1.0,"branch":"السليمانية","basin_id":"ENV_CATCH_BASINS-000519"}},{"type":"Feature","id":"ENV_CATCH_BASINS-000520","geometry":{"type":"Point","coordinates":[39.237158,21.49398]},"properties":{"depth_m":-1.0,"invert_level_m":-1.0,"branch":"السليمانية","basin_id":"ENV_CATCH_BASINS-000520"}},{"type":"Feature","id":"ENV_CATCH_BASINS-000521","geometry":{"type":"Point","coordinates":[39.236804,21.494181]},"properties":{"depth_m":1.8,"invert_level_m":1.1,"branch":"السليمانية","basin_id":"ENV_CATCH_BASINS-000521"}},{"type":"Feature","id":"ENV_CATCH_BASINS-000522","geometry":{"type":"Point","coordinates":[39.236845,21.494476]},"properties":{"depth_m":1.8,"invert_level_m":1.1,"branch":"السليمانية","basin_id":"ENV_CATCH_BASINS-000522"}},{"type":"Feature","id":"ENV_CATCH_BASINS-000523","geometry":{"type":"Point","coordinates":[39.235723,21.494316]},"properties":{"depth_m":1.8,"invert_level_m":1.1,"branch":"السليمانية","basin_id":"ENV_CATCH_BASINS-000523"}},{"type":"Feature","id":"ENV_CATCH_BASINS-000524","geometry":{"type":"Point","coordinates":[39.235767,21.49461]},"properties":{"depth_m":1.8,"invert_level_m":1.1,"branch":"السليمانية","basin_id":"ENV_CATCH_BASINS-000524"}},{"type":"Feature","id":"ENV_CATCH_BASINS-000525","geometry":{"type":"Point","coordinates":[39.235267,21.49437]},"properties":{"depth_m":1.8,"invert_level_m":1.1,"branch":"السليمانية","basin_id":"ENV_CATCH_BASINS-000525"}},{"type":"Feature","id":"ENV_CATCH_BASINS-000526","geometry":{"type":"Point","coordinates":[39.235307,21.494665]},"properties":{"depth_m":1.8,"invert_level_m":1.1,"branch":"السليمانية","basin_id":"ENV_CATCH_BASINS-000526"}},{"type":"Feature","id":"ENV_CATCH_BASINS-000527","geometry":{"type":"Point","coordinates":[39.233928,21.494835]},"properties":{"depth_m":1.8,"invert_level_m":1.1,"branch":"السليمانية","basin_id":"ENV_CATCH_BASINS-000527"}},{"type":"Feature","id":"ENV_CATCH_BASINS-000528","geometry":{"type":"Point","coordinates":[39.233888,21.494539]},"properties":{"depth_m":1.8,"invert_level_m":1.1,"branch":"السليمانية","basin_id":"ENV_CATCH_BASINS-000528"}},{"type":"Feature","id":"ENV_CATCH_BASINS-000529","geometry":{"type":"Point","coordinates":[39.233678,21.495021]},"properties":{"depth_m":2.2,"invert_level_m":1.9,"branch":"السليمانية","basin_id":"ENV_CATCH_BASINS-000529"}},{"type":"Feature","id":"ENV_CATCH_BASINS-000530","geometry":{"type":"Point","coordinates":[39.23297,21.494651]},"properties":{"depth_m":1.8,"invert_level_m":1.1,"branch":"السليمانية","basin_id":"ENV_CATCH_BASINS-000530"}},{"type":"Feature","id":"ENV_CATCH_BASINS-000531","geometry":{"type":"Point","coordinates":[39.233015,21.494946]},"properties":{"depth_m":1.8,"invert_level_m":1.1,"branch":"السليمانية","basin_id":"ENV_CATCH_BASINS-000531"}},{"type":"Feature","id":"ENV_CATCH_BASINS-000532","geometry":{"type":"Point","coordinates":[39.238767,21.484376]},"properties":{"depth_m":1.2,"invert_level_m":-1.0,"branch":"السليمانية","basin_id":"ENV_CATCH_BASINS-000532"}},{"type":"Feature","id":"ENV_CATCH_BASINS-000533","geometry":{"type":"Point","coordinates":[39.239027,21.484138]},"properties":{"depth_m":1.2,"invert_level_m":-1.0,"branch":"السليمانية","basin_id":"ENV_CATCH_BASINS-000533"}},{"type":"Feature","id":"ENV_CATCH_BASINS-000534","geometry":{"type":"Point","coordinates":[39.238908,21.484568]},"properties":{"depth_m":1.2,"invert_level_m":-1.0,"branch":"السليمانية","basin_id":"ENV_CATCH_BASINS-000534"}},{"type":"Feature","id":"ENV_CATCH_BASINS-000535","geometry":{"type":"Point","coordinates":[39.239044,21.485284]},"properties":{"depth_m":1.1,"invert_level_m":0.4,"branch":"السليمانية","basin_id":"ENV_CATCH_BASINS-000535"}},{"type":"Feature","id":"ENV_CATCH_BASINS-000536","geometry":{"type":"Point","coordinates":[39.239072,21.486776]},"properties":{"depth_m":1.2,"invert_level_m":0.4,"branch":"السليمانية","basin_id":"ENV_CATCH_BASINS-000536"}},{"type":"Feature","id":"ENV_CATCH_BASINS-000537","geometry":{"type":"Point","coordinates":[39.23908,21.487277]},"properties":{"depth_m":1.2,"invert_level_m":0.4,"branch":"السليمانية","basin_id":"ENV_CATCH_BASINS-000537"}},{"type":"Feature","id":"ENV_CATCH_BASINS-000538","geometry":{"type":"Point","coordinates":[39.23909,21.487734]},"properties":{"depth_m":1.2,"invert_level_m":0.4,"branch":"السليمانية","basin_id":"ENV_CATCH_BASINS-000538"}},{"type":"Feature","id":"ENV_CATCH_BASINS-000539","geometry":{"type":"Point","coordinates":[39.239097,21.488176]},"properties":{"depth_m":1.2,"invert_level_m":0.4,"branch":"السليمانية","basin_id":"ENV_CATCH_BASINS-000539"}},{"type":"Feature","id":"ENV_CATCH_BASINS-000540","geometry":{"type":"Point","coordinates":[39.239108,21.488746]},"properties":{"depth_m":1.2,"invert_level_m":0.4,"branch":"السليمانية","basin_id":"ENV_CATCH_BASINS-000540"}},{"type":"Feature","id":"ENV_CATCH_BASINS-000541","geometry":{"type":"Point","coordinates":[39.239114,21.489093]},"properties":{"depth_m":1.2,"invert_level_m":0.4,"branch":"السليمانية","basin_id":"ENV_CATCH_BASINS-000541"}},{"type":"Feature","id":"ENV_CATCH_BASINS-000542","geometry":{"type":"Point","coordinates":[39.239122,21.489547]},"properties":{"depth_m":1.2,"invert_level_m":0.4,"branch":"السليمانية","basin_id":"ENV_CATCH_BASINS-000542"}},{"type":"Feature","id":"ENV_CATCH_BASINS-000543","geometry":{"type":"Point","coordinates":[39.239133,21.490053]},"properties":{"depth_m":1.2,"invert_level_m":0.4,"branch":"السليمانية","basin_id":"ENV_CATCH_BASINS-000543"}},{"type":"Feature","id":"ENV_CATCH_BASINS-000544","geometry":{"type":"Point","coordinates":[39.239141,21.490502]},"properties":{"depth_m":1.2,"invert_level_m":0.4,"branch":"السليمانية","basin_id":"ENV_CATCH_BASINS-000544"}},{"type":"Feature","id":"ENV_CATCH_BASINS-000545","geometry":{"type":"Point","coordinates":[39.243648,21.497451]},"properties":{"depth_m":1.8,"invert_level_m":1.0,"branch":"السليمانية","basin_id":"ENV_CATCH_BASINS-000545"}},{"type":"Feature","id":"ENV_CATCH_BASINS-000546","geometry":{"type":"Point","coordinates":[39.233713,21.496825]},"properties":{"depth_m":-1.0,"invert_level_m":-1.0,"branch":"السليمانية","basin_id":"ENV_CATCH_BASINS-000546"}},{"type":"Feature","id":"ENV_CATCH_BASINS-000547","geometry":{"type":"Point","coordinates":[39.23399,21.496356]},"properties":{"depth_m":-1.0,"invert_level_m":-1.0,"branch":"السليمانية","basin_id":"ENV_CATCH_BASINS-000547"}},{"type":"Feature","id":"ENV_CATCH_BASINS-000548","geometry":{"type":"Point","coordinates":[39.254206,21.493326]},"properties":{"depth_m":-1.0,"invert_level_m":-1.0,"branch":"السليمانية","basin_id":"ENV_CATCH_BASINS-000548"}},{"type":"Feature","id":"ENV_CATCH_BASINS-000549","geometry":{"type":"Point","coordinates":[39.254089,21.493328]},"properties":{"depth_m":-1.0,"invert_level_m":-1.0,"branch":"السليمانية","basin_id":"ENV_CATCH_BASINS-000549"}},{"type":"Feature","id":"ENV_CATCH_BASINS-000550","geometry":{"type":"Point","coordinates":[39.243259,21.491227]},"properties":{"depth_m":1.8,"invert_level_m":0.4,"branch":"السليمانية","basin_id":"ENV_CATCH_BASINS-000550"}},{"type":"Feature","id":"ENV_CATCH_BASINS-000551","geometry":{"type":"Point","coordinates":[39.255735,21.486748]},"properties":{"depth_m":-1.0,"invert_level_m":-1.0,"branch":"السليمانية","basin_id":"ENV_CATCH_BASINS-000551"}},{"type":"Feature","id":"ENV_CATCH_BASINS-000552","geometry":{"type":"Point","coordinates":[39.255708,21.486812]},"properties":{"depth_m":-1.0,"invert_level_m":-1.0,"branch":"السليمانية","basin_id":"ENV_CATCH_BASINS-000552"}},{"type":"Feature","id":"ENV_CATCH_BASINS-000553","geometry":{"type":"Point","coordinates":[39.255165,21.486654]},"properties":{"depth_m":-1.0,"invert_level_m":-1.0,"branch":"السليمانية","basin_id":"ENV_CATCH_BASINS-000553"}},{"type":"Feature","id":"ENV_CATCH_BASINS-000554","geometry":{"type":"Point","coordinates":[39.255138,21.486718]},"properties":{"depth_m":-1.0,"invert_level_m":-1.0,"branch":"السليمانية","basin_id":"ENV_CATCH_BASINS-000554"}},{"type":"Feature","id":"ENV_CATCH_BASINS-000555","geometry":{"type":"Point","coordinates":[39.254588,21.486607]},"properties":{"depth_m":-1.0,"invert_level_m":-1.0,"branch":"السليمانية","basin_id":"ENV_CATCH_BASINS-000555"}},{"type":"Feature","id":"ENV_CATCH_BASINS-000556","geometry":{"type":"Point","coordinates":[39.254569,21.486674]},"properties":{"depth_m":-1.0,"invert_level_m":-1.0,"branch":"السليمانية","basin_id":"ENV_CATCH_BASINS-000556"}},{"type":"Feature","id":"ENV_CATCH_BASINS-000557","geometry":{"type":"Point","coordinates":[39.254006,21.486757]},"properties":{"depth_m":-1.0,"invert_level_m":-1.0,"branch":"السليمانية","basin_id":"ENV_CATCH_BASINS-000557"}},{"type":"Feature","id":"ENV_CATCH_BASINS-000558","geometry":{"type":"Point","coordinates":[39.254004,21.486688]},"properties":{"depth_m":-1.0,"invert_level_m":-1.0,"branch":"السليمانية","basin_id":"ENV_CATCH_BASINS-000558"}},{"type":"Feature","id":"ENV_CATCH_BASINS-000559","geometry":{"type":"Point","coordinates":[39.254339,21.502177]},"properties":{"depth_m":-1.0,"invert_level_m":-1.0,"branch":"السليمانية","basin_id":"ENV_CATCH_BASINS-000559"}},{"type":"Feature","id":"ENV_CATCH_BASINS-000560","geometry":{"type":"Point","coordinates":[39.254339,21.502245]},"properties":{"depth_m":-1.0,"invert_level_m":-1.0,"branch":"السليمانية","basin_id":"ENV_CATCH_BASINS-000560"}},{"type":"Feature","id":"ENV_CATCH_BASINS-000561","geometry":{"type":"Point","coordinates":[39.254917,21.502217]},"properties":{"depth_m":-1.0,"invert_level_m":-1.0,"branch":"السليمانية","basin_id":"ENV_CATCH_BASINS-000561"}},{"type":"Feature","id":"ENV_CATCH_BASINS-000562","geometry":{"type":"Point","coordinates":[39.254927,21.502286]},"properties":{"depth_m":-1.0,"invert_level_m":-1.0,"branch":"السليمانية","basin_id":"ENV_CATCH_BASINS-000562"}},{"type":"Feature","id":"ENV_CATCH_BASINS-000563","geometry":{"type":"Point","coordinates":[39.253479,21.493264]},"properties":{"depth_m":3.0,"invert_level_m":1.5,"branch":"السليمانية","basin_id":"ENV_CATCH_BASINS-000563"}},{"type":"Feature","id":"ENV_CATCH_BASINS-000564","geometry":{"type":"Point","coordinates":[39.25347,21.493495]},"properties":{"depth_m":2.0,"invert_level_m":1.4,"branch":"السليمانية","basin_id":"ENV_CATCH_BASINS-000564"}},{"type":"Feature","id":"ENV_CATCH_BASINS-000565","geometry":{"type":"Point","coordinates":[39.25318,21.493263]},"properties":{"depth_m":1.8,"invert_level_m":0.3,"branch":"السليمانية","basin_id":"ENV_CATCH_BASINS-000565"}},{"type":"Feature","id":"ENV_CATCH_BASINS-000566","geometry":{"type":"Point","coordinates":[39.253181,21.493495]},"properties":{"depth_m":1.5,"invert_level_m":0.4,"branch":"السليمانية","basin_id":"ENV_CATCH_BASINS-000566"}},{"type":"Feature","id":"ENV_CATCH_BASINS-000567","geometry":{"type":"Point","coordinates":[39.252892,21.493262]},"properties":{"depth_m":1.5,"invert_level_m":0.3,"branch":"السليمانية","basin_id":"ENV_CATCH_BASINS-000567"}},{"type":"Feature","id":"ENV_CATCH_BASINS-000568","geometry":{"type":"Point","coordinates":[39.252891,21.493494]},"properties":{"depth_m":1.5,"invert_level_m":0.4,"branch":"السليمانية","basin_id":"ENV_CATCH_BASINS-000568"}},{"type":"Feature","id":"ENV_CATCH_BASINS-000569","geometry":{"type":"Point","coordinates":[39.252603,21.49326]},"properties":{"depth_m":1.5,"invert_level_m":0.3,"branch":"السليمانية","basin_id":"ENV_CATCH_BASINS-000569"}},{"type":"Feature","id":"ENV_CATCH_BASINS-000570","geometry":{"type":"Point","coordinates":[39.252608,21.493493]},"properties":{"depth_m":-1.0,"invert_level_m":-1.0,"branch":"السليمانية","basin_id":"ENV_CATCH_BASINS-000570"}},{"type":"Feature","id":"ENV_CATCH_BASINS-000571","geometry":{"type":"Point","coordinates":[39.252313,21.493258]},"properties":{"depth_m":1.5,"invert_level_m":0.3,"branch":"السليمانية","basin_id":"ENV_CATCH_BASINS-000571"}},{"type":"Feature","id":"ENV_CATCH_BASINS-000572","geometry":{"type":"Point","coordinates":[39.252313,21.493493]},"properties":{"depth_m":1.5,"invert_level_m":0.4,"branch":"السليمانية","basin_id":"ENV_CATCH_BASINS-000572"}},{"type":"Feature","id":"ENV_CATCH_BASINS-000573","geometry":{"type":"Point","coordinates":[39.252021,21.493258]},"properties":{"depth_m":1.5,"invert_level_m":0.3,"branch":"السليمانية","basin_id":"ENV_CATCH_BASINS-000573"}},{"type":"Feature","id":"ENV_CATCH_BASINS-000574","geometry":{"type":"Point","coordinates":[39.252023,21.4934]},"properties":{"depth_m":1.8,"invert_level_m":0.4,"branch":"السليمانية","basin_id":"ENV_CATCH_BASINS-000574"}},{"type":"Feature","id":"ENV_CATCH_BASINS-000575","geometry":{"type":"Point","coordinates":[39.251751,21.493391]},"properties":{"depth_m":1.8,"invert_level_m":0.4,"branch":"السليمانية","basin_id":"ENV_CATCH_BASINS-000575"}},{"type":"Feature","id":"ENV_CATCH_BASINS-000576","geometry":{"type":"Point","coordinates":[39.251447,21.493214]},"properties":{"depth_m":1.8,"invert_level_m":0.4,"branch":"السليمانية","basin_id":"ENV_CATCH_BASINS-000576"}},{"type":"Feature","id":"ENV_CATCH_BASINS-000577","geometry":{"type":"Point","coordinates":[39.251446,21.493354]},"properties":{"depth_m":1.8,"invert_level_m":0.4,"branch":"السليمانية","basin_id":"ENV_CATCH_BASINS-000577"}},{"type":"Feature","id":"ENV_CATCH_BASINS-000578","geometry":{"type":"Point","coordinates":[39.251161,21.49314]},"properties":{"depth_m":1.8,"invert_level_m":0.4,"branch":"السليمانية","basin_id":"ENV_CATCH_BASINS-000578"}},{"type":"Feature","id":"ENV_CATCH_BASINS-000579","geometry":{"type":"Point","coordinates":[39.251163,21.493295]},"properties":{"depth_m":1.8,"invert_level_m":0.4,"branch":"السليمانية","basin_id":"ENV_CATCH_BASINS-000579"}},{"type":"Feature","id":"ENV_CATCH_BASINS-000580","geometry":{"type":"Point","coordinates":[39.250888,21.493211]},"properties":{"depth_m":1.8,"invert_level_m":0.4,"branch":"السليمانية","basin_id":"ENV_CATCH_BASINS-000580"}},{"type":"Feature","id":"ENV_CATCH_BASINS-000581","geometry":{"type":"Point","coordinates":[39.250983,21.493097]},"properties":{"depth_m":1.8,"invert_level_m":0.4,"branch":"السليمانية","basin_id":"ENV_CATCH_BASINS-000581"}},{"type":"Feature","id":"ENV_CATCH_BASINS-000582","geometry":{"type":"Point","coordinates":[39.250621,21.49297]},"properties":{"depth_m":1.8,"invert_level_m":0.4,"branch":"السليمانية","basin_id":"ENV_CATCH_BASINS-000582"}},{"type":"Feature","id":"ENV_CATCH_BASINS-000583","geometry":{"type":"Point","coordinates":[39.250342,21.492872]},"properties":{"depth_m":1.8,"invert_level_m":0.4,"branch":"السليمانية","basin_id":"ENV_CATCH_BASINS-000583"}},{"type":"Feature","id":"ENV_CATCH_BASINS-000584","geometry":{"type":"Point","coordinates":[39.250375,21.493126]},"properties":{"depth_m":1.7,"invert_level_m":0.4,"branch":"السليمانية","basin_id":"ENV_CATCH_BASINS-000584"}},{"type":"Feature","id":"ENV_CATCH_BASINS-000585","geometry":{"type":"Point","coordinates":[39.250095,21.492785]},"properties":{"depth_m":1.8,"invert_level_m":0.4,"branch":"السليمانية","basin_id":"ENV_CATCH_BASINS-000585"}},{"type":"Feature","id":"ENV_CATCH_BASINS-000586","geometry":{"type":"Point","coordinates":[39.250063,21.493016]},"properties":{"depth_m":1.7,"invert_level_m":0.4,"branch":"السليمانية","basin_id":"ENV_CATCH_BASINS-000586"}},{"type":"Feature","id":"ENV_CATCH_BASINS-000587","geometry":{"type":"Point","coordinates":[39.249808,21.492684]},"properties":{"depth_m":1.8,"invert_level_m":0.4,"branch":"السليمانية","basin_id":"ENV_CATCH_BASINS-000587"}},{"type":"Feature","id":"ENV_CATCH_BASINS-000588","geometry":{"type":"Point","coordinates":[39.249794,21.492921]},"properties":{"depth_m":1.3,"invert_level_m":0.4,"branch":"السليمانية","basin_id":"ENV_CATCH_BASINS-000588"}},{"type":"Feature","id":"ENV_CATCH_BASINS-000589","geometry":{"type":"Point","coordinates":[39.249524,21.492826]},"properties":{"depth_m":0.4,"invert_level_m":1.4,"branch":"السليمانية","basin_id":"ENV_CATCH_BASINS-000589"}},{"type":"Feature","id":"ENV_CATCH_BASINS-000590","geometry":{"type":"Point","coordinates":[39.249532,21.492587]},"properties":{"depth_m":1.8,"invert_level_m":0.4,"branch":"السليمانية","basin_id":"ENV_CATCH_BASINS-000590"}},{"type":"Feature","id":"ENV_CATCH_BASINS-000591","geometry":{"type":"Point","coordinates":[39.249321,21.492502]},"properties":{"depth_m":1.8,"invert_level_m":0.4,"branch":"السليمانية","basin_id":"ENV_CATCH_BASINS-000591"}},{"type":"Feature","id":"ENV_CATCH_BASINS-000592","geometry":{"type":"Point","coordinates":[39.249255,21.492731]},"properties":{"depth_m":1.2,"invert_level_m":0.4,"branch":"السليمانية","basin_id":"ENV_CATCH_BASINS-000592"}},{"type":"Feature","id":"ENV_CATCH_BASINS-000593","geometry":{"type":"Point","coordinates":[39.249,21.492389]},"properties":{"depth_m":2.0,"invert_level_m":0.5,"branch":"السليمانية","basin_id":"ENV_CATCH_BASINS-000593"}},{"type":"Feature","id":"ENV_CATCH_BASINS-000594","geometry":{"type":"Point","coordinates":[39.248986,21.492636]},"properties":{"depth_m":0.9,"invert_level_m":0.4,"branch":"السليمانية","basin_id":"ENV_CATCH_BASINS-000594"}},{"type":"Feature","id":"ENV_CATCH_BASINS-000595","geometry":{"type":"Point","coordinates":[39.248747,21.492552]},"properties":{"depth_m":1.3,"invert_level_m":0.4,"branch":"السليمانية","basin_id":"ENV_CATCH_BASINS-000595"}},{"type":"Feature","id":"ENV_CATCH_BASINS-000596","geometry":{"type":"Point","coordinates":[39.24848,21.492211]},"properties":{"depth_m":-1.0,"invert_level_m":-1.0,"branch":"السليمانية","basin_id":"ENV_CATCH_BASINS-000596"}},{"type":"Feature","id":"ENV_CATCH_BASINS-000597","geometry":{"type":"Point","coordinates":[39.24845,21.492448]},"properties":{"depth_m":1.7,"invert_level_m":0.4,"branch":"السليمانية","basin_id":"ENV_CATCH_BASINS-000597"}},{"type":"Feature","id":"ENV_CATCH_BASINS-000598","geometry":{"type":"Point","coordinates":[39.248188,21.492103]},"properties":{"depth_m":2.0,"invert_level_m":0.5,"branch":"السليمانية","basin_id":"ENV_CATCH_BASINS-000598"}},{"type":"Feature","id":"ENV_CATCH_BASINS-000599","geometry":{"type":"Point","coordinates":[39.248181,21.492353]},"properties":{"depth_m":1.7,"invert_level_m":0.4,"branch":"السليمانية","basin_id":"ENV_CATCH_BASINS-000599"}},{"type":"Feature","id":"ENV_CATCH_BASINS-000600","geometry":{"type":"Point","coordinates":[39.247911,21.492258]},"properties":{"depth_m":1.5,"invert_level_m":0.5,"branch":"السليمانية","basin_id":"ENV_CATCH_BASINS-000600"}},{"type":"Feature","id":"ENV_CATCH_BASINS-000601","geometry":{"type":"Point","coordinates":[39.247915,21.492008]},"properties":{"depth_m":2.0,"invert_level_m":0.5,"branch":"السليمانية","basin_id":"ENV_CATCH_BASINS-000601"}},{"type":"Feature","id":"ENV_CATCH_BASINS-000602","geometry":{"type":"Point","coordinates":[39.247643,21.491906]},"properties":{"depth_m":1.8,"invert_level_m":0.4,"branch":"السليمانية","basin_id":"ENV_CATCH_BASINS-000602"}},{"type":"Feature","id":"ENV_CATCH_BASINS-000603","geometry":{"type":"Point","coordinates":[39.247627,21.492158]},"properties":{"depth_m":1.7,"invert_level_m":0.4,"branch":"السليمانية","basin_id":"ENV_CATCH_BASINS-000603"}},{"type":"Feature","id":"ENV_CATCH_BASINS-000604","geometry":{"type":"Point","coordinates":[39.247378,21.491817]},"properties":{"depth_m":2.0,"invert_level_m":0.5,"branch":"السليمانية","basin_id":"ENV_CATCH_BASINS-000604"}},{"type":"Feature","id":"ENV_CATCH_BASINS-000605","geometry":{"type":"Point","coordinates":[39.247357,21.492063]},"properties":{"depth_m":1.8,"invert_level_m":0.4,"branch":"السليمانية","basin_id":"ENV_CATCH_BASINS-000605"}},{"type":"Feature","id":"ENV_CATCH_BASINS-000606","geometry":{"type":"Point","coordinates":[39.247101,21.49172]},"properties":{"depth_m":2.0,"invert_level_m":0.5,"branch":"السليمانية","basin_id":"ENV_CATCH_BASINS-000606"}},{"type":"Feature","id":"ENV_CATCH_BASINS-000607","geometry":{"type":"Point","coordinates":[39.247087,21.491968]},"properties":{"depth_m":1.7,"invert_level_m":0.3,"branch":"السليمانية","basin_id":"ENV_CATCH_BASINS-000607"}},{"type":"Feature","id":"ENV_CATCH_BASINS-000608","geometry":{"type":"Point","coordinates":[39.246838,21.491627]},"properties":{"depth_m":2.0,"invert_level_m":0.4,"branch":"السليمانية","basin_id":"ENV_CATCH_BASINS-000608"}},{"type":"Feature","id":"ENV_CATCH_BASINS-000609","geometry":{"type":"Point","coordinates":[39.246818,21.491873]},"properties":{"depth_m":1.6,"invert_level_m":0.4,"branch":"السليمانية","basin_id":"ENV_CATCH_BASINS-000609"}},{"type":"Feature","id":"ENV_CATCH_BASINS-000610","geometry":{"type":"Point","coordinates":[39.246553,21.491644]},"properties":{"depth_m":1.8,"invert_level_m":0.3,"branch":"السليمانية","basin_id":"ENV_CATCH_BASINS-000610"}},{"type":"Feature","id":"ENV_CATCH_BASINS-000611","geometry":{"type":"Point","coordinates":[39.246539,21.491781]},"properties":{"depth_m":1.6,"invert_level_m":0.4,"branch":"السليمانية","basin_id":"ENV_CATCH_BASINS-000611"}},{"type":"Feature","id":"ENV_CATCH_BASINS-000612","geometry":{"type":"Point","coordinates":[39.246272,21.491582]},"properties":{"depth_m":1.8,"invert_level_m":0.4,"branch":"السليمانية","basin_id":"ENV_CATCH_BASINS-000612"}},{"type":"Feature","id":"ENV_CATCH_BASINS-000613","geometry":{"type":"Point","coordinates":[39.246328,21.491731]},"properties":{"depth_m":1.6,"invert_level_m":0.4,"branch":"السليمانية","basin_id":"ENV_CATCH_BASINS-000613"}},{"type":"Feature","id":"ENV_CATCH_BASINS-000614","geometry":{"type":"Point","coordinates":[39.245983,21.49154]},"properties":{"depth_m":1.8,"invert_level_m":0.4,"branch":"السليمانية","basin_id":"ENV_CATCH_BASINS-000614"}},{"type":"Feature","id":"ENV_CATCH_BASINS-000615","geometry":{"type":"Point","coordinates":[39.245984,21.49168]},"properties":{"depth_m":1.8,"invert_level_m":0.4,"branch":"السليمانية","basin_id":"ENV_CATCH_BASINS-000615"}},{"type":"Feature","id":"ENV_CATCH_BASINS-000616","geometry":{"type":"Point","coordinates":[39.245696,21.491519]},"properties":{"depth_m":1.8,"invert_level_m":0.4,"branch":"السليمانية","basin_id":"ENV_CATCH_BASINS-000616"}},{"type":"Feature","id":"ENV_CATCH_BASINS-000617","geometry":{"type":"Point","coordinates":[39.247442,21.501874]},"properties":{"depth_m":-1.0,"invert_level_m":-1.0,"branch":"السليمانية","basin_id":"ENV_CATCH_BASINS-000617"}},{"type":"Feature","id":"ENV_CATCH_BASINS-000618","geometry":{"type":"Point","coordinates":[39.247442,21.501815]},"properties":{"depth_m":-1.0,"invert_level_m":-1.0,"branch":"السليمانية","basin_id":"ENV_CATCH_BASINS-000618"}},{"type":"Feature","id":"ENV_CATCH_BASINS-000619","geometry":{"type":"Point","coordinates":[39.24569,21.491655]},"properties":{"depth_m":1.8,"invert_level_m":0.4,"branch":"السليمانية","basin_id":"ENV_CATCH_BASINS-000619"}},{"type":"Feature","id":"ENV_CATCH_BASINS-000620","geometry":{"type":"Point","coordinates":[39.245406,21.491519]},"properties":{"depth_m":1.8,"invert_level_m":0.5,"branch":"السليمانية","basin_id":"ENV_CATCH_BASINS-000620"}},{"type":"Feature","id":"ENV_CATCH_BASINS-000621","geometry":{"type":"Point","coordinates":[39.245396,21.491652]},"properties":{"depth_m":1.8,"invert_level_m":0.4,"branch":"السليمانية","basin_id":"ENV_CATCH_BASINS-000621"}},{"type":"Feature","id":"ENV_CATCH_BASINS-000622","geometry":{"type":"Point","coordinates":[39.245115,21.491537]},"properties":{"depth_m":1.8,"invert_level_m":0.5,"branch":"السليمانية","basin_id":"ENV_CATCH_BASINS-000622"}},{"type":"Feature","id":"ENV_CATCH_BASINS-000623","geometry":{"type":"Point","coordinates":[39.245104,21.491677]},"properties":{"depth_m":1.8,"invert_level_m":0.4,"branch":"السليمانية","basin_id":"ENV_CATCH_BASINS-000623"}},{"type":"Feature","id":"ENV_CATCH_BASINS-000624","geometry":{"type":"Point","coordinates":[39.244817,21.4917]},"properties":{"depth_m":1.7,"invert_level_m":0.4,"branch":"السليمانية","basin_id":"ENV_CATCH_BASINS-000624"}},{"type":"Feature","id":"ENV_CATCH_BASINS-000625","geometry":{"type":"Point","coordinates":[39.244562,21.491484]},"properties":{"depth_m":2.0,"invert_level_m":0.5,"branch":"السليمانية","basin_id":"ENV_CATCH_BASINS-000625"}},{"type":"Feature","id":"ENV_CATCH_BASINS-000626","geometry":{"type":"Point","coordinates":[39.244546,21.491722]},"properties":{"depth_m":1.5,"invert_level_m":0.4,"branch":"السليمانية","basin_id":"ENV_CATCH_BASINS-000626"}},{"type":"Feature","id":"ENV_CATCH_BASINS-000627","geometry":{"type":"Point","coordinates":[39.244251,21.491509]},"properties":{"depth_m":2.0,"invert_level_m":0.5,"branch":"السليمانية","basin_id":"ENV_CATCH_BASINS-000627"}},{"type":"Feature","id":"ENV_CATCH_BASINS-000628","geometry":{"type":"Point","coordinates":[39.243844,21.49183]},"properties":{"depth_m":1.9,"invert_level_m":0.3,"branch":"السليمانية","basin_id":"ENV_CATCH_BASINS-000628"}},{"type":"Feature","id":"ENV_CATCH_BASINS-000629","geometry":{"type":"Point","coordinates":[39.244834,21.491461]},"properties":{"depth_m":2.0,"invert_level_m":0.5,"branch":"السليمانية","basin_id":"ENV_CATCH_BASINS-000629"}},{"type":"Feature","id":"ENV_CATCH_BASINS-000630","geometry":{"type":"Point","coordinates":[39.247167,21.501851]},"properties":{"depth_m":-1.0,"invert_level_m":-1.0,"branch":"السليمانية","basin_id":"ENV_CATCH_BASINS-000630"}},{"type":"Feature","id":"ENV_CATCH_BASINS-000631","geometry":{"type":"Point","coordinates":[39.247192,21.5018]},"properties":{"depth_m":-1.0,"invert_level_m":-1.0,"branch":"السليمانية","basin_id":"ENV_CATCH_BASINS-000631"}},{"type":"Feature","id":"ENV_CATCH_BASINS-000632","geometry":{"type":"Point","coordinates":[39.255493,21.502256]},"properties":{"depth_m":-1.0,"invert_level_m":-1.0,"branch":"السليمانية","basin_id":"ENV_CATCH_BASINS-000632"}},{"type":"Feature","id":"ENV_CATCH_BASINS-000633","geometry":{"type":"Point","coordinates":[39.255504,21.502325]},"properties":{"depth_m":-1.0,"invert_level_m":-1.0,"branch":"السليمانية","basin_id":"ENV_CATCH_BASINS-000633"}},{"type":"Feature","id":"ENV_CATCH_BASINS-000634","geometry":{"type":"Point","coordinates":[39.256081,21.502365]},"properties":{"depth_m":-1.0,"invert_level_m":-1.0,"branch":"السليمانية","basin_id":"ENV_CATCH_BASINS-000634"}},{"type":"Feature","id":"ENV_CATCH_BASINS-000635","geometry":{"type":"Point","coordinates":[39.256071,21.502297]},"properties":{"depth_m":-1.0,"invert_level_m":-1.0,"branch":"السليمانية","basin_id":"ENV_CATCH_BASINS-000635"}},{"type":"Feature","id":"ENV_CATCH_BASINS-000636","geometry":{"type":"Point","coordinates":[39.256649,21.502337]},"properties":{"depth_m":-1.0,"invert_level_m":-1.0,"branch":"السليمانية","basin_id":"ENV_CATCH_BASINS-000636"}},{"type":"Feature","id":"ENV_CATCH_BASINS-000637","geometry":{"type":"Point","coordinates":[39.256657,21.502405]},"properties":{"depth_m":-1.0,"invert_level_m":-1.0,"branch":"السليمانية","basin_id":"ENV_CATCH_BASINS-000637"}},{"type":"Feature","id":"ENV_CATCH_BASINS-000638","geometry":{"type":"Point","coordinates":[39.257226,21.502377]},"properties":{"depth_m":-1.0,"invert_level_m":-1.0,"branch":"السليمانية","basin_id":"ENV_CATCH_BASINS-000638"}},{"type":"Feature","id":"ENV_CATCH_BASINS-000639","geometry":{"type":"Point","coordinates":[39.257235,21.502445]},"properties":{"depth_m":-1.0,"invert_level_m":-1.0,"branch":"السليمانية","basin_id":"ENV_CATCH_BASINS-000639"}},{"type":"Feature","id":"ENV_CATCH_BASINS-000640","geometry":{"type":"Point","coordinates":[39.243084,21.501176]},"properties":{"depth_m":-1.0,"invert_level_m":-1.0,"branch":"السليمانية","basin_id":"ENV_CATCH_BASINS-000640"}},{"type":"Feature","id":"ENV_CATCH_BASINS-000641","geometry":{"type":"Point","coordinates":[39.24304,21.501234]},"properties":{"depth_m":-1.0,"invert_level_m":-1.0,"branch":"السليمانية","basin_id":"ENV_CATCH_BASINS-000641"}},{"type":"Feature","id":"ENV_CATCH_BASINS-000642","geometry":{"type":"Point","coordinates":[39.242857,21.501119]},"properties":{"depth_m":-1.0,"invert_level_m":-1.0,"branch":"السليمانية","basin_id":"ENV_CATCH_BASINS-000642"}},{"type":"Feature","id":"ENV_CATCH_BASINS-000643","geometry":{"type":"Point","coordinates":[39.242915,21.501166]},"properties":{"depth_m":-1.0,"invert_level_m":-1.0,"branch":"السليمانية","basin_id":"ENV_CATCH_BASINS-000643"}},{"type":"Feature","id":"ENV_CATCH_BASINS-000644","geometry":{"type":"Point","coordinates":[39.242909,21.500954]},"properties":{"depth_m":-1.0,"invert_level_m":-1.0,"branch":"السليمانية","basin_id":"ENV_CATCH_BASINS-000644"}},{"type":"Feature","id":"ENV_CATCH_BASINS-000645","geometry":{"type":"Point","coordinates":[39.244284,21.501247]},"properties":{"depth_m":-1.0,"invert_level_m":-1.0,"branch":"السليمانية","basin_id":"ENV_CATCH_BASINS-000645"}},{"type":"Feature","id":"ENV_CATCH_BASINS-000646","geometry":{"type":"Point","coordinates":[39.244101,21.500949]},"properties":{"depth_m":-1.0,"invert_level_m":-1.0,"branch":"السليمانية","basin_id":"ENV_CATCH_BASINS-000646"}},{"type":"Feature","id":"ENV_CATCH_BASINS-000647","geometry":{"type":"Point","coordinates":[39.243938,21.50098]},"properties":{"depth_m":-1.0,"invert_level_m":-1.0,"branch":"السليمانية","basin_id":"ENV_CATCH_BASINS-000647"}},{"type":"Feature","id":"ENV_CATCH_BASINS-000648","geometry":{"type":"Point","coordinates":[39.243907,21.50099]},"properties":{"depth_m":-1.0,"invert_level_m":-1.0,"branch":"السليمانية","basin_id":"ENV_CATCH_BASINS-000648"}},{"type":"Feature","id":"ENV_CATCH_BASINS-000649","geometry":{"type":"Point","coordinates":[39.24375,21.501039]},"properties":{"depth_m":-1.0,"invert_level_m":-1.0,"branch":"السليمانية","basin_id":"ENV_CATCH_BASINS-000649"}},{"type":"Feature","id":"ENV_CATCH_BASINS-000650","geometry":{"type":"Point","coordinates":[39.243719,21.50105]},"properties":{"depth_m":-1.0,"invert_level_m":-1.0,"branch":"السليمانية","basin_id":"ENV_CATCH_BASINS-000650"}},{"type":"Feature","id":"ENV_CATCH_BASINS-000651","geometry":{"type":"Point","coordinates":[39.243554,21.501075]},"properties":{"depth_m":-1.0,"invert_level_m":-1.0,"branch":"السليمانية","basin_id":"ENV_CATCH_BASINS-000651"}},{"type":"Feature","id":"ENV_CATCH_BASINS-000652","geometry":{"type":"Point","coordinates":[39.243523,21.501085]},"properties":{"depth_m":-1.0,"invert_level_m":-1.0,"branch":"السليمانية","basin_id":"ENV_CATCH_BASINS-000652"}},{"type":"Feature","id":"ENV_CATCH_BASINS-000653","geometry":{"type":"Point","coordinates":[39.243357,21.501105]},"properties":{"depth_m":-1.0,"invert_level_m":-1.0,"branch":"السليمانية","basin_id":"ENV_CATCH_BASINS-000653"}},{"type":"Feature","id":"ENV_CATCH_BASINS-000654","geometry":{"type":"Point","coordinates":[39.2433,21.501037]},"properties":{"depth_m":-1.0,"invert_level_m":-1.0,"branch":"السليمانية","basin_id":"ENV_CATCH_BASINS-000654"}},{"type":"Feature","id":"ENV_CATCH_BASINS-000655","geometry":{"type":"Point","coordinates":[39.243101,21.50091]},"properties":{"depth_m":-1.0,"invert_level_m":-1.0,"branch":"السليمانية","basin_id":"ENV_CATCH_BASINS-000655"}},{"type":"Feature","id":"ENV_CATCH_BASINS-000656","geometry":{"type":"Point","coordinates":[39.243069,21.500916]},"properties":{"depth_m":-1.0,"invert_level_m":-1.0,"branch":"السليمانية","basin_id":"ENV_CATCH_BASINS-000656"}},{"type":"Feature","id":"ENV_CATCH_BASINS-000657","geometry":{"type":"Point","coordinates":[39.244177,21.500887]},"properties":{"depth_m":-1.0,"invert_level_m":-1.0,"branch":"السليمانية","basin_id":"ENV_CATCH_BASINS-000657"}},{"type":"Feature","id":"ENV_CATCH_BASINS-000658","geometry":{"type":"Point","coordinates":[39.242817,21.500581]},"properties":{"depth_m":-1.0,"invert_level_m":-1.0,"branch":"السليمانية","basin_id":"ENV_CATCH_BASINS-000658"}},{"type":"Feature","id":"ENV_CATCH_BASINS-000659","geometry":{"type":"Point","coordinates":[39.242869,21.500585]},"properties":{"depth_m":-1.0,"invert_level_m":-1.0,"branch":"السليمانية","basin_id":"ENV_CATCH_BASINS-000659"}},{"type":"Feature","id":"ENV_CATCH_BASINS-000660","geometry":{"type":"Point","coordinates":[39.242874,21.500714]},"properties":{"depth_m":-1.0,"invert_level_m":-1.0,"branch":"السليمانية","basin_id":"ENV_CATCH_BASINS-000660"}},{"type":"Feature","id":"ENV_CATCH_BASINS-000661","geometry":{"type":"Point","coordinates":[39.242915,21.500671]},"properties":{"depth_m":-1.0,"invert_level_m":-1.0,"branch":"السليمانية","basin_id":"ENV_CATCH_BASINS-000661"}},{"type":"Feature","id":"ENV_CATCH_BASINS-000662","geometry":{"type":"Point","coordinates":[39.243032,21.500575]},"properties":{"depth_m":-1.0,"invert_level_m":-1.0,"branch":"السليمانية","basin_id":"ENV_CATCH_BASINS-000662"}},{"type":"Feature","id":"ENV_CATCH_BASINS-000663","geometry":{"type":"Point","coordinates":[39.243064,21.500573]},"properties":{"depth_m":-1.0,"invert_level_m":-1.0,"branch":"السليمانية","basin_id":"ENV_CATCH_BASINS-000663"}},{"type":"Feature","id":"ENV_CATCH_BASINS-000664","geometry":{"type":"Point","coordinates":[39.243071,21.500699]},"properties":{"depth_m":-1.0,"invert_level_m":-1.0,"branch":"السليمانية","basin_id":"ENV_CATCH_BASINS-000664"}},{"type":"Feature","id":"ENV_CATCH_BASINS-000665","geometry":{"type":"Point","coordinates":[39.243038,21.500702]},"properties":{"depth_m":-1.0,"invert_level_m":-1.0,"branch":"السليمانية","basin_id":"ENV_CATCH_BASINS-000665"}},{"type":"Feature","id":"ENV_CATCH_BASINS-000666","geometry":{"type":"Point","coordinates":[39.243236,21.500691]},"properties":{"depth_m":-1.0,"invert_level_m":-1.0,"branch":"السليمانية","basin_id":"ENV_CATCH_BASINS-000666"}},{"type":"Feature","id":"ENV_CATCH_BASINS-000667","geometry":{"type":"Point","coordinates":[39.243269,21.500689]},"properties":{"depth_m":-1.0,"invert_level_m":-1.0,"branch":"السليمانية","basin_id":"ENV_CATCH_BASINS-000667"}},{"type":"Feature","id":"ENV_CATCH_BASINS-000668","geometry":{"type":"Point","coordinates":[39.243262,21.500564]},"properties":{"depth_m":-1.0,"invert_level_m":-1.0,"branch":"السليمانية","basin_id":"ENV_CATCH_BASINS-000668"}},{"type":"Feature","id":"ENV_CATCH_BASINS-000669","geometry":{"type":"Point","coordinates":[39.243229,21.500565]},"properties":{"depth_m":-1.0,"invert_level_m":-1.0,"branch":"السليمانية","basin_id":"ENV_CATCH_BASINS-000669"}},{"type":"Feature","id":"ENV_CATCH_BASINS-000670","geometry":{"type":"Point","coordinates":[39.24346,21.500554]},"properties":{"depth_m":-1.0,"invert_level_m":-1.0,"branch":"السليمانية","basin_id":"ENV_CATCH_BASINS-000670"}},{"type":"Feature","id":"ENV_CATCH_BASINS-000671","geometry":{"type":"Point","coordinates":[39.243427,21.500556]},"properties":{"depth_m":-1.0,"invert_level_m":-1.0,"branch":"السليمانية","basin_id":"ENV_CATCH_BASINS-000671"}},{"type":"Feature","id":"ENV_CATCH_BASINS-000672","geometry":{"type":"Point","coordinates":[39.243467,21.500679]},"properties":{"depth_m":-1.0,"invert_level_m":-1.0,"branch":"السليمانية","basin_id":"ENV_CATCH_BASINS-000672"}},{"type":"Feature","id":"ENV_CATCH_BASINS-000673","geometry":{"type":"Point","coordinates":[39.243434,21.500682]},"properties":{"depth_m":-1.0,"invert_level_m":-1.0,"branch":"السليمانية","basin_id":"ENV_CATCH_BASINS-000673"}},{"type":"Feature","id":"ENV_CATCH_BASINS-000674","geometry":{"type":"Point","coordinates":[39.243657,21.500544]},"properties":{"depth_m":-1.0,"invert_level_m":-1.0,"branch":"السليمانية","basin_id":"ENV_CATCH_BASINS-000674"}},{"type":"Feature","id":"ENV_CATCH_BASINS-000675","geometry":{"type":"Point","coordinates":[39.243625,21.500546]},"properties":{"depth_m":-1.0,"invert_level_m":-1.0,"branch":"السليمانية","basin_id":"ENV_CATCH_BASINS-000675"}},{"type":"Feature","id":"ENV_CATCH_BASINS-000676","geometry":{"type":"Point","coordinates":[39.243664,21.50067]},"properties":{"depth_m":-1.0,"invert_level_m":-1.0,"branch":"السليمانية","basin_id":"ENV_CATCH_BASINS-000676"}},{"type":"Feature","id":"ENV_CATCH_BASINS-000677","geometry":{"type":"Point","coordinates":[39.243632,21.500672]},"properties":{"depth_m":-1.0,"invert_level_m":-1.0,"branch":"السليمانية","basin_id":"ENV_CATCH_BASINS-000677"}},{"type":"Feature","id":"ENV_CATCH_BASINS-000678","geometry":{"type":"Point","coordinates":[39.243855,21.500534]},"properties":{"depth_m":-1.0,"invert_level_m":-1.0,"branch":"السليمانية","basin_id":"ENV_CATCH_BASINS-000678"}},{"type":"Feature","id":"ENV_CATCH_BASINS-000679","geometry":{"type":"Point","coordinates":[39.243823,21.500536]},"properties":{"depth_m":-1.0,"invert_level_m":-1.0,"branch":"السليمانية","basin_id":"ENV_CATCH_BASINS-000679"}},{"type":"Feature","id":"ENV_CATCH_BASINS-000680","geometry":{"type":"Point","coordinates":[39.243862,21.50066]},"properties":{"depth_m":-1.0,"invert_level_m":-1.0,"branch":"السليمانية","basin_id":"ENV_CATCH_BASINS-000680"}},{"type":"Feature","id":"ENV_CATCH_BASINS-000681","geometry":{"type":"Point","coordinates":[39.243829,21.500662]},"properties":{"depth_m":-1.0,"invert_level_m":-1.0,"branch":"السليمانية","basin_id":"ENV_CATCH_BASINS-000681"}},{"type":"Feature","id":"ENV_CATCH_BASINS-000682","geometry":{"type":"Point","coordinates":[39.24402,21.500526]},"properties":{"depth_m":-1.0,"invert_level_m":-1.0,"branch":"السليمانية","basin_id":"ENV_CATCH_BASINS-000682"}},{"type":"Feature","id":"ENV_CATCH_BASINS-000683","geometry":{"type":"Point","coordinates":[39.244027,21.500653]},"properties":{"depth_m":-1.0,"invert_level_m":-1.0,"branch":"السليمانية","basin_id":"ENV_CATCH_BASINS-000683"}},{"type":"Feature","id":"ENV_CATCH_BASINS-000684","geometry":{"type":"Point","coordinates":[39.244123,21.500647]},"properties":{"depth_m":-1.0,"invert_level_m":-1.0,"branch":"السليمانية","basin_id":"ENV_CATCH_BASINS-000684"}},{"type":"Feature","id":"ENV_CATCH_BASINS-000685","geometry":{"type":"Point","coordinates":[39.242852,21.500145]},"properties":{"depth_m":-1.0,"invert_level_m":-1.0,"branch":"السليمانية","basin_id":"ENV_CATCH_BASINS-000685"}},{"type":"Feature","id":"ENV_CATCH_BASINS-000686","geometry":{"type":"Point","coordinates":[39.242903,21.500122]},"properties":{"depth_m":-1.0,"invert_level_m":-1.0,"branch":"السليمانية","basin_id":"ENV_CATCH_BASINS-000686"}},{"type":"Feature","id":"ENV_CATCH_BASINS-000687","geometry":{"type":"Point","coordinates":[39.243068,21.50014]},"properties":{"depth_m":-1.0,"invert_level_m":-1.0,"branch":"السليمانية","basin_id":"ENV_CATCH_BASINS-000687"}},{"type":"Feature","id":"ENV_CATCH_BASINS-000688","geometry":{"type":"Point","coordinates":[39.2431,21.500145]},"properties":{"depth_m":-1.0,"invert_level_m":-1.0,"branch":"السليمانية","basin_id":"ENV_CATCH_BASINS-000688"}},{"type":"Feature","id":"ENV_CATCH_BASINS-000689","geometry":{"type":"Point","coordinates":[39.24326,21.500181]},"properties":{"depth_m":-1.0,"invert_level_m":-1.0,"branch":"السليمانية","basin_id":"ENV_CATCH_BASINS-000689"}},{"type":"Feature","id":"ENV_CATCH_BASINS-000690","geometry":{"type":"Point","coordinates":[39.243293,21.500185]},"properties":{"depth_m":-1.0,"invert_level_m":-1.0,"branch":"السليمانية","basin_id":"ENV_CATCH_BASINS-000690"}},{"type":"Feature","id":"ENV_CATCH_BASINS-000691","geometry":{"type":"Point","coordinates":[39.243457,21.500209]},"properties":{"depth_m":-1.0,"invert_level_m":-1.0,"branch":"السليمانية","basin_id":"ENV_CATCH_BASINS-000691"}},{"type":"Feature","id":"ENV_CATCH_BASINS-000692","geometry":{"type":"Point","coordinates":[39.243489,21.500213]},"properties":{"depth_m":-1.0,"invert_level_m":-1.0,"branch":"السليمانية","basin_id":"ENV_CATCH_BASINS-000692"}},{"type":"Feature","id":"ENV_CATCH_BASINS-000693","geometry":{"type":"Point","coordinates":[39.243652,21.500237]},"properties":{"depth_m":-1.0,"invert_level_m":-1.0,"branch":"السليمانية","basin_id":"ENV_CATCH_BASINS-000693"}},{"type":"Feature","id":"ENV_CATCH_BASINS-000694","geometry":{"type":"Point","coordinates":[39.243685,21.500242]},"properties":{"depth_m":-1.0,"invert_level_m":-1.0,"branch":"السليمانية","basin_id":"ENV_CATCH_BASINS-000694"}},{"type":"Feature","id":"ENV_CATCH_BASINS-000695","geometry":{"type":"Point","coordinates":[39.243847,21.500268]},"properties":{"depth_m":-1.0,"invert_level_m":-1.0,"branch":"السليمانية","basin_id":"ENV_CATCH_BASINS-000695"}},{"type":"Feature","id":"ENV_CATCH_BASINS-000696","geometry":{"type":"Point","coordinates":[39.24388,21.500273]},"properties":{"depth_m":-1.0,"invert_level_m":-1.0,"branch":"السليمانية","basin_id":"ENV_CATCH_BASINS-000696"}},{"type":"Feature","id":"ENV_CATCH_BASINS-000697","geometry":{"type":"Point","coordinates":[39.244041,21.500305]},"properties":{"depth_m":-1.0,"invert_level_m":-1.0,"branch":"السليمانية","basin_id":"ENV_CATCH_BASINS-000697"}},{"type":"Feature","id":"ENV_CATCH_BASINS-000698","geometry":{"type":"Point","coordinates":[39.244125,21.500392]},"properties":{"depth_m":-1.0,"invert_level_m":-1.0,"branch":"السليمانية","basin_id":"ENV_CATCH_BASINS-000698"}},{"type":"Feature","id":"ENV_CATCH_BASINS-000699","geometry":{"type":"Point","coordinates":[39.24291,21.499892]},"properties":{"depth_m":-1.0,"invert_level_m":-1.0,"branch":"السليمانية","basin_id":"ENV_CATCH_BASINS-000699"}},{"type":"Feature","id":"ENV_CATCH_BASINS-000700","geometry":{"type":"Point","coordinates":[39.244202,21.500104]},"properties":{"depth_m":-1.0,"invert_level_m":-1.0,"branch":"السليمانية","basin_id":"ENV_CATCH_BASINS-000700"}},{"type":"Feature","id":"ENV_CATCH_BASINS-000701","geometry":{"type":"Point","coordinates":[39.244156,21.499979]},"properties":{"depth_m":-1.0,"invert_level_m":-1.0,"branch":"السليمانية","basin_id":"ENV_CATCH_BASINS-000701"}},{"type":"Feature","id":"ENV_CATCH_BASINS-000702","geometry":{"type":"Point","coordinates":[39.244005,21.499918]},"properties":{"depth_m":-1.0,"invert_level_m":-1.0,"branch":"السليمانية","basin_id":"ENV_CATCH_BASINS-000702"}},{"type":"Feature","id":"ENV_CATCH_BASINS-000703","geometry":{"type":"Point","coordinates":[39.243974,21.499906]},"properties":{"depth_m":-1.0,"invert_level_m":-1.0,"branch":"السليمانية","basin_id":"ENV_CATCH_BASINS-000703"}},{"type":"Feature","id":"ENV_CATCH_BASINS-000704","geometry":{"type":"Point","coordinates":[39.243822,21.499845]},"properties":{"depth_m":-1.0,"invert_level_m":-1.0,"branch":"السليمانية","basin_id":"ENV_CATCH_BASINS-000704"}},{"type":"Feature","id":"ENV_CATCH_BASINS-000705","geometry":{"type":"Point","coordinates":[39.243792,21.499833]},"properties":{"depth_m":-1.0,"invert_level_m":-1.0,"branch":"السليمانية","basin_id":"ENV_CATCH_BASINS-000705"}},{"type":"Feature","id":"ENV_CATCH_BASINS-000706","geometry":{"type":"Point","coordinates":[39.24364,21.499772]},"properties":{"depth_m":-1.0,"invert_level_m":-1.0,"branch":"السليمانية","basin_id":"ENV_CATCH_BASINS-000706"}},{"type":"Feature","id":"ENV_CATCH_BASINS-000707","geometry":{"type":"Point","coordinates":[39.24361,21.49976]},"properties":{"depth_m":-1.0,"invert_level_m":-1.0,"branch":"السليمانية","basin_id":"ENV_CATCH_BASINS-000707"}},{"type":"Feature","id":"ENV_CATCH_BASINS-000708","geometry":{"type":"Point","coordinates":[39.243458,21.499699]},"properties":{"depth_m":-1.0,"invert_level_m":-1.0,"branch":"السليمانية","basin_id":"ENV_CATCH_BASINS-000708"}},{"type":"Feature","id":"ENV_CATCH_BASINS-000709","geometry":{"type":"Point","coordinates":[39.243428,21.499687]},"properties":{"depth_m":-1.0,"invert_level_m":-1.0,"branch":"السليمانية","basin_id":"ENV_CATCH_BASINS-000709"}},{"type":"Feature","id":"ENV_CATCH_BASINS-000710","geometry":{"type":"Point","coordinates":[39.243276,21.499625]},"properties":{"depth_m":-1.0,"invert_level_m":-1.0,"branch":"السليمانية","basin_id":"ENV_CATCH_BASINS-000710"}},{"type":"Feature","id":"ENV_CATCH_BASINS-000711","geometry":{"type":"Point","coordinates":[39.243246,21.499613]},"properties":{"depth_m":-1.0,"invert_level_m":-1.0,"branch":"السليمانية","basin_id":"ENV_CATCH_BASINS-000711"}},{"type":"Feature","id":"ENV_CATCH_BASINS-000712","geometry":{"type":"Point","coordinates":[39.243095,21.499551]},"properties":{"depth_m":-1.0,"invert_level_m":-1.0,"branch":"السليمانية","basin_id":"ENV_CATCH_BASINS-000712"}},{"type":"Feature","id":"ENV_CATCH_BASINS-000713","geometry":{"type":"Point","coordinates":[39.243013,21.499646]},"properties":{"depth_m":-1.0,"invert_level_m":-1.0,"branch":"السليمانية","basin_id":"ENV_CATCH_BASINS-000713"}},{"type":"Feature","id":"ENV_CATCH_BASINS-000714","geometry":{"type":"Point","coordinates":[39.243099,21.499655]},"properties":{"depth_m":-1.0,"invert_level_m":-1.0,"branch":"السليمانية","basin_id":"ENV_CATCH_BASINS-000714"}},{"type":"Feature","id":"ENV_CATCH_BASINS-000715","geometry":{"type":"Point","coordinates":[39.243543,21.499122]},"properties":{"depth_m":-1.0,"invert_level_m":-1.0,"branch":"السليمانية","basin_id":"ENV_CATCH_BASINS-000715"}},{"type":"Feature","id":"ENV_CATCH_BASINS-000716","geometry":{"type":"Point","coordinates":[39.243315,21.499031]},"properties":{"depth_m":-1.0,"invert_level_m":-1.0,"branch":"السليمانية","basin_id":"ENV_CATCH_BASINS-000716"}},{"type":"Feature","id":"ENV_CATCH_BASINS-000717","geometry":{"type":"Point","coordinates":[39.243232,21.499177]},"properties":{"depth_m":-1.0,"invert_level_m":-1.0,"branch":"السليمانية","basin_id":"ENV_CATCH_BASINS-000717"}},{"type":"Feature","id":"ENV_CATCH_BASINS-000718","geometry":{"type":"Point","coordinates":[39.243214,21.49934]},"properties":{"depth_m":-1.0,"invert_level_m":-1.0,"branch":"السليمانية","basin_id":"ENV_CATCH_BASINS-000718"}},{"type":"Feature","id":"ENV_CATCH_BASINS-000719","geometry":{"type":"Point","coordinates":[39.243352,21.499424]},"properties":{"depth_m":-1.0,"invert_level_m":-1.0,"branch":"السليمانية","basin_id":"ENV_CATCH_BASINS-000719"}},{"type":"Feature","id":"ENV_CATCH_BASINS-000720","geometry":{"type":"Point","coordinates":[39.24338,21.49944]},"properties":{"depth_m":-1.0,"invert_level_m":-1.0,"branch":"السليمانية","basin_id":"ENV_CATCH_BASINS-000720"}},{"type":"Feature","id":"ENV_CATCH_BASINS-000721","geometry":{"type":"Point","coordinates":[39.243613,21.499387]},"properties":{"depth_m":-1.0,"invert_level_m":-1.0,"branch":"السليمانية","basin_id":"ENV_CATCH_BASINS-000721"}},{"type":"Feature","id":"ENV_CATCH_BASINS-000722","geometry":{"type":"Point","coordinates":[39.24364,21.499405]},"properties":{"depth_m":-1.0,"invert_level_m":-1.0,"branch":"السليمانية","basin_id":"ENV_CATCH_BASINS-000722"}},{"type":"Feature","id":"ENV_CATCH_BASINS-000723","geometry":{"type":"Point","coordinates":[39.243844,21.499409]},"properties":{"depth_m":-1.0,"invert_level_m":-1.0,"branch":"السليمانية","basin_id":"ENV_CATCH_BASINS-000723"}},{"type":"Feature","id":"ENV_CATCH_BASINS-000724","geometry":{"type":"Point","coordinates":[39.243869,21.499428]},"properties":{"depth_m":-1.0,"invert_level_m":-1.0,"branch":"السليمانية","basin_id":"ENV_CATCH_BASINS-000724"}},{"type":"Feature","id":"ENV_CATCH_BASINS-000725","geometry":{"type":"Point","coordinates":[39.243999,21.499523]},"properties":{"depth_m":-1.0,"invert_level_m":-1.0,"branch":"السليمانية","basin_id":"ENV_CATCH_BASINS-000725"}},{"type":"Feature","id":"ENV_CATCH_BASINS-000726","geometry":{"type":"Point","coordinates":[39.244025,21.499542]},"properties":{"depth_m":-1.0,"invert_level_m":-1.0,"branch":"السليمانية","basin_id":"ENV_CATCH_BASINS-000726"}},{"type":"Feature","id":"ENV_CATCH_BASINS-000727","geometry":{"type":"Point","coordinates":[39.24417,21.49962]},"properties":{"depth_m":-1.0,"invert_level_m":-1.0,"branch":"السليمانية","basin_id":"ENV_CATCH_BASINS-000727"}},{"type":"Feature","id":"ENV_CATCH_BASINS-000728","geometry":{"type":"Point","coordinates":[39.244195,21.49964]},"properties":{"depth_m":-1.0,"invert_level_m":-1.0,"branch":"السليمانية","basin_id":"ENV_CATCH_BASINS-000728"}},{"type":"Feature","id":"ENV_CATCH_BASINS-000729","geometry":{"type":"Point","coordinates":[39.244337,21.499723]},"properties":{"depth_m":-1.0,"invert_level_m":-1.0,"branch":"السليمانية","basin_id":"ENV_CATCH_BASINS-000729"}},{"type":"Feature","id":"ENV_CATCH_BASINS-000730","geometry":{"type":"Point","coordinates":[39.244362,21.499743]},"properties":{"depth_m":-1.0,"invert_level_m":-1.0,"branch":"السليمانية","basin_id":"ENV_CATCH_BASINS-000730"}},{"type":"Feature","id":"ENV_CATCH_BASINS-000731","geometry":{"type":"Point","coordinates":[39.244429,21.499761]},"properties":{"depth_m":-1.0,"invert_level_m":-1.0,"branch":"السليمانية","basin_id":"ENV_CATCH_BASINS-000731"}},{"type":"Feature","id":"ENV_CATCH_BASINS-000732","geometry":{"type":"Point","coordinates":[39.24336,21.499219]},"properties":{"depth_m":-1.0,"invert_level_m":-1.0,"branch":"السليمانية","basin_id":"ENV_CATCH_BASINS-000732"}},{"type":"Feature","id":"ENV_CATCH_BASINS-000733","geometry":{"type":"Point","coordinates":[39.243372,21.499171]},"properties":{"depth_m":-1.0,"invert_level_m":-1.0,"branch":"السليمانية","basin_id":"ENV_CATCH_BASINS-000733"}},{"type":"Feature","id":"ENV_CATCH_BASINS-000734","geometry":{"type":"Point","coordinates":[39.244568,21.499409]},"properties":{"depth_m":-1.0,"invert_level_m":-1.0,"branch":"السليمانية","basin_id":"ENV_CATCH_BASINS-000734"}},{"type":"Feature","id":"ENV_CATCH_BASINS-000735","geometry":{"type":"Point","coordinates":[39.245088,21.499728]},"properties":{"depth_m":-1.0,"invert_level_m":-1.0,"branch":"السليمانية","basin_id":"ENV_CATCH_BASINS-000735"}},{"type":"Feature","id":"ENV_CATCH_BASINS-000736","geometry":{"type":"Point","coordinates":[39.244769,21.499404]},"properties":{"depth_m":-1.0,"invert_level_m":-1.0,"branch":"السليمانية","basin_id":"ENV_CATCH_BASINS-000736"}},{"type":"Feature","id":"ENV_CATCH_BASINS-000737","geometry":{"type":"Point","coordinates":[39.244139,21.499099]},"properties":{"depth_m":-1.0,"invert_level_m":-1.0,"branch":"السليمانية","basin_id":"ENV_CATCH_BASINS-000737"}},{"type":"Feature","id":"ENV_CATCH_BASINS-000738","geometry":{"type":"Point","coordinates":[39.257812,21.502417]},"properties":{"depth_m":-1.0,"invert_level_m":-1.0,"branch":"السليمانية","basin_id":"ENV_CATCH_BASINS-000738"}},{"type":"Feature","id":"ENV_CATCH_BASINS-000739","geometry":{"type":"Point","coordinates":[39.257822,21.502485]},"properties":{"depth_m":-1.0,"invert_level_m":-1.0,"branch":"السليمانية","basin_id":"ENV_CATCH_BASINS-000739"}},{"type":"Feature","id":"ENV_CATCH_BASINS-000740","geometry":{"type":"Point","coordinates":[39.25838,21.502456]},"properties":{"depth_m":-1.0,"invert_level_m":-1.0,"branch":"السليمانية","basin_id":"ENV_CATCH_BASINS-000740"}},{"type":"Feature","id":"ENV_CATCH_BASINS-000741","geometry":{"type":"Point","coordinates":[39.258389,21.502525]},"properties":{"depth_m":-1.0,"invert_level_m":-1.0,"branch":"السليمانية","basin_id":"ENV_CATCH_BASINS-000741"}},{"type":"Feature","id":"ENV_CATCH_BASINS-000742","geometry":{"type":"Point","coordinates":[39.258972,21.502559]},"properties":{"depth_m":-1.0,"invert_level_m":-1.0,"branch":"السليمانية","basin_id":"ENV_CATCH_BASINS-000742"}},{"type":"Feature","id":"ENV_CATCH_BASINS-000743","geometry":{"type":"Point","coordinates":[39.258953,21.502491]},"properties":{"depth_m":-1.0,"invert_level_m":-1.0,"branch":"السليمانية","basin_id":"ENV_CATCH_BASINS-000743"}},{"type":"Feature","id":"ENV_CATCH_BASINS-000744","geometry":{"type":"Point","coordinates":[39.25948,21.502332]},"properties":{"depth_m":-1.0,"invert_level_m":-1.0,"branch":"السليمانية","basin_id":"ENV_CATCH_BASINS-000744"}},{"type":"Feature","id":"ENV_CATCH_BASINS-000745","geometry":{"type":"Point","coordinates":[39.25953,21.502381]},"properties":{"depth_m":-1.0,"invert_level_m":-1.0,"branch":"السليمانية","basin_id":"ENV_CATCH_BASINS-000745"}},{"type":"Feature","id":"ENV_CATCH_BASINS-000746","geometry":{"type":"Point","coordinates":[39.259915,21.501965]},"properties":{"depth_m":-1.0,"invert_level_m":-1.0,"branch":"السليمانية","basin_id":"ENV_CATCH_BASINS-000746"}},{"type":"Feature","id":"ENV_CATCH_BASINS-000747","geometry":{"type":"Point","coordinates":[39.259849,21.501937]},"properties":{"depth_m":-1.0,"invert_level_m":-1.0,"branch":"السليمانية","basin_id":"ENV_CATCH_BASINS-000747"}},{"type":"Feature","id":"ENV_CATCH_BASINS-000748","geometry":{"type":"Point","coordinates":[39.260322,21.501443]},"properties":{"depth_m":-1.0,"invert_level_m":-1.0,"branch":"السليمانية","basin_id":"ENV_CATCH_BASINS-000748"}},{"type":"Feature","id":"ENV_CATCH_BASINS-000749","geometry":{"type":"Point","coordinates":[39.260257,21.501414]},"properties":{"depth_m":-1.0,"invert_level_m":-1.0,"branch":"السليمانية","basin_id":"ENV_CATCH_BASINS-000749"}},{"type":"Feature","id":"ENV_CATCH_BASINS-000750","geometry":{"type":"Point","coordinates":[39.238766,21.498238]},"properties":{"depth_m":1.2,"invert_level_m":0.5,"branch":"السليمانية","basin_id":"ENV_CATCH_BASINS-000750"}},{"type":"Feature","id":"ENV_CATCH_BASINS-000751","geometry":{"type":"Point","coordinates":[39.239714,21.486345]},"properties":{"depth_m":-1.0,"invert_level_m":-1.0,"branch":"السليمانية","basin_id":"ENV_CATCH_BASINS-000751"}},{"type":"Feature","id":"ENV_CATCH_BASINS-000752","geometry":{"type":"Point","coordinates":[39.239716,21.486337]},"properties":{"depth_m":-1.0,"invert_level_m":-1.0,"branch":"السليمانية","basin_id":"ENV_CATCH_BASINS-000752"}},{"type":"Feature","id":"ENV_CATCH_BASINS-000753","geometry":{"type":"Point","coordinates":[39.239839,21.486488]},"properties":{"depth_m":-1.0,"invert_level_m":-1.0,"branch":"السليمانية","basin_id":"ENV_CATCH_BASINS-000753"}},{"type":"Feature","id":"ENV_CATCH_BASINS-000754","geometry":{"type":"Point","coordinates":[39.240117,21.48654]},"properties":{"depth_m":-1.0,"invert_level_m":-1.0,"branch":"السليمانية","basin_id":"ENV_CATCH_BASINS-000754"}},{"type":"Feature","id":"ENV_CATCH_BASINS-000755","geometry":{"type":"Point","coordinates":[39.240188,21.486681]},"properties":{"depth_m":1.4,"invert_level_m":1.1,"branch":"السليمانية","basin_id":"ENV_CATCH_BASINS-000755"}},{"type":"Feature","id":"ENV_CATCH_BASINS-000756","geometry":{"type":"Point","coordinates":[39.240152,21.486866]},"properties":{"depth_m":0.6,"invert_level_m":0.5,"branch":"السليمانية","basin_id":"ENV_CATCH_BASINS-000756"}},{"type":"Feature","id":"ENV_CATCH_BASINS-000757","geometry":{"type":"Point","coordinates":[39.240092,21.487097]},"properties":{"depth_m":0.8,"invert_level_m":0.6,"branch":"السليمانية","basin_id":"ENV_CATCH_BASINS-000757"}},{"type":"Feature","id":"ENV_CATCH_BASINS-000758","geometry":{"type":"Point","coordinates":[39.240094,21.487197]},"properties":{"depth_m":0.8,"invert_level_m":0.6,"branch":"السليمانية","basin_id":"ENV_CATCH_BASINS-000758"}},{"type":"Feature","id":"ENV_CATCH_BASINS-000759","geometry":{"type":"Point","coordinates":[39.239975,21.487792]},"properties":{"depth_m":0.8,"invert_level_m":0.6,"branch":"السليمانية","basin_id":"ENV_CATCH_BASINS-000759"}},{"type":"Feature","id":"ENV_CATCH_BASINS-000760","geometry":{"type":"Point","coordinates":[39.240266,21.488534]},"properties":{"depth_m":-1.0,"invert_level_m":-1.0,"branch":"السليمانية","basin_id":"ENV_CATCH_BASINS-000760"}},{"type":"Feature","id":"ENV_CATCH_BASINS-000761","geometry":{"type":"Point","coordinates":[39.240627,21.488597]},"properties":{"depth_m":-1.0,"invert_level_m":-1.0,"branch":"السليمانية","basin_id":"ENV_CATCH_BASINS-000761"}},{"type":"Feature","id":"ENV_CATCH_BASINS-000762","geometry":{"type":"Point","coordinates":[39.241257,21.488703]},"properties":{"depth_m":-1.0,"invert_level_m":-1.0,"branch":"السليمانية","basin_id":"ENV_CATCH_BASINS-000762"}},{"type":"Feature","id":"ENV_CATCH_BASINS-000763","geometry":{"type":"Point","coordinates":[39.241698,21.488777]},"properties":{"depth_m":-1.0,"invert_level_m":-1.0,"branch":"السليمانية","basin_id":"ENV_CATCH_BASINS-000763"}},{"type":"Feature","id":"ENV_CATCH_BASINS-000764","geometry":{"type":"Point","coordinates":[39.241723,21.488788]},"properties":{"depth_m":-1.0,"invert_level_m":-1.0,"branch":"السليمانية","basin_id":"ENV_CATCH_BASINS-000764"}},{"type":"Feature","id":"ENV_CATCH_BASINS-000765","geometry":{"type":"Point","coordinates":[39.241994,21.488374]},"properties":{"depth_m":-1.0,"invert_level_m":-1.0,"branch":"السليمانية","basin_id":"ENV_CATCH_BASINS-000765"}},{"type":"Feature","id":"ENV_CATCH_BASINS-000766","geometry":{"type":"Point","coordinates":[39.241947,21.488613]},"properties":{"depth_m":-1.0,"invert_level_m":-1.0,"branch":"السليمانية","basin_id":"ENV_CATCH_BASINS-000766"}},{"type":"Feature","id":"ENV_CATCH_BASINS-000767","geometry":{"type":"Point","coordinates":[39.242047,21.488092]},"properties":{"depth_m":-1.0,"invert_level_m":-1.0,"branch":"السليمانية","basin_id":"ENV_CATCH_BASINS-000767"}},{"type":"Feature","id":"ENV_CATCH_BASINS-000768","geometry":{"type":"Point","coordinates":[39.242104,21.487781]},"properties":{"depth_m":-1.0,"invert_level_m":-1.0,"branch":"السليمانية","basin_id":"ENV_CATCH_BASINS-000768"}},{"type":"Feature","id":"ENV_CATCH_BASINS-000769","geometry":{"type":"Point","coordinates":[39.242161,21.487491]},"properties":{"depth_m":-1.0,"invert_level_m":-1.0,"branch":"السليمانية","basin_id":"ENV_CATCH_BASINS-000769"}},{"type":"Feature","id":"ENV_CATCH_BASINS-000770","geometry":{"type":"Point","coordinates":[39.242198,21.487323]},"properties":{"depth_m":-1.0,"invert_level_m":-1.0,"branch":"السليمانية","basin_id":"ENV_CATCH_BASINS-000770"}},{"type":"Feature","id":"ENV_CATCH_BASINS-000771","geometry":{"type":"Point","coordinates":[39.239877,21.489843]},"properties":{"depth_m":1.5,"invert_level_m":0.4,"branch":"السليمانية","basin_id":"ENV_CATCH_BASINS-000771"}},{"type":"Feature","id":"ENV_CATCH_BASINS-000772","geometry":{"type":"Point","coordinates":[39.239884,21.490353]},"properties":{"depth_m":1.5,"invert_level_m":0.4,"branch":"السليمانية","basin_id":"ENV_CATCH_BASINS-000772"}},{"type":"Feature","id":"ENV_CATCH_BASINS-000773","geometry":{"type":"Point","coordinates":[39.242019,21.487294]},"properties":{"depth_m":-1.0,"invert_level_m":-1.0,"branch":"السليمانية","basin_id":"ENV_CATCH_BASINS-000773"}},{"type":"Feature","id":"ENV_CATCH_BASINS-000774","geometry":{"type":"Point","coordinates":[39.241985,21.487456]},"properties":{"depth_m":-1.0,"invert_level_m":-1.0,"branch":"السليمانية","basin_id":"ENV_CATCH_BASINS-000774"}},{"type":"Feature","id":"ENV_CATCH_BASINS-000775","geometry":{"type":"Point","coordinates":[39.241566,21.487318]},"properties":{"depth_m":-1.0,"invert_level_m":-1.0,"branch":"السليمانية","basin_id":"ENV_CATCH_BASINS-000775"}},{"type":"Feature","id":"ENV_CATCH_BASINS-000776","geometry":{"type":"Point","coordinates":[39.241575,21.487275]},"properties":{"depth_m":-1.0,"invert_level_m":-1.0,"branch":"السليمانية","basin_id":"ENV_CATCH_BASINS-000776"}},{"type":"Feature","id":"ENV_CATCH_BASINS-000777","geometry":{"type":"Point","coordinates":[39.24115,21.487162]},"properties":{"depth_m":-1.0,"invert_level_m":-1.0,"branch":"السليمانية","basin_id":"ENV_CATCH_BASINS-000777"}},{"type":"Feature","id":"ENV_CATCH_BASINS-000778","geometry":{"type":"Point","coordinates":[39.241017,21.487138]},"properties":{"depth_m":-1.0,"invert_level_m":-1.0,"branch":"السليمانية","basin_id":"ENV_CATCH_BASINS-000778"}},{"type":"Feature","id":"ENV_CATCH_BASINS-000779","geometry":{"type":"Point","coordinates":[39.240603,21.487154]},"properties":{"depth_m":-1.0,"invert_level_m":-1.0,"branch":"السليمانية","basin_id":"ENV_CATCH_BASINS-000779"}},{"type":"Feature","id":"ENV_CATCH_BASINS-000780","geometry":{"type":"Point","coordinates":[39.240616,21.487092]},"properties":{"depth_m":-1.0,"invert_level_m":-1.0,"branch":"السليمانية","basin_id":"ENV_CATCH_BASINS-000780"}},{"type":"Feature","id":"ENV_CATCH_BASINS-000781","geometry":{"type":"Point","coordinates":[39.240246,21.486998]},"properties":{"depth_m":-1.0,"invert_level_m":-1.0,"branch":"السليمانية","basin_id":"ENV_CATCH_BASINS-000781"}},{"type":"Feature","id":"ENV_CATCH_BASINS-000782","geometry":{"type":"Point","coordinates":[39.240114,21.486984]},"properties":{"depth_m":1.1,"invert_level_m":0.7,"branch":"السليمانية","basin_id":"ENV_CATCH_BASINS-000782"}},{"type":"Feature","id":"ENV_CATCH_BASINS-000783","geometry":{"type":"Point","coordinates":[39.239829,21.488427]},"properties":{"depth_m":1.5,"invert_level_m":0.6,"branch":"السليمانية","basin_id":"ENV_CATCH_BASINS-000783"}},{"type":"Feature","id":"ENV_CATCH_BASINS-000784","geometry":{"type":"Point","coordinates":[39.239908,21.488121]},"properties":{"depth_m":-1.0,"invert_level_m":-1.0,"branch":"السليمانية","basin_id":"ENV_CATCH_BASINS-000784"}},{"type":"Feature","id":"ENV_CATCH_BASINS-000785","geometry":{"type":"Point","coordinates":[39.240039,21.48747]},"properties":{"depth_m":0.8,"invert_level_m":0.6,"branch":"السليمانية","basin_id":"ENV_CATCH_BASINS-000785"}},{"type":"Feature","id":"ENV_CATCH_BASINS-000786","geometry":{"type":"Point","coordinates":[39.240219,21.487118]},"properties":{"depth_m":0.8,"invert_level_m":0.6,"branch":"السليمانية","basin_id":"ENV_CATCH_BASINS-000786"}},{"type":"Feature","id":"ENV_CATCH_BASINS-000787","geometry":{"type":"Point","coordinates":[39.240075,21.488503]},"properties":{"depth_m":-1.0,"invert_level_m":-1.0,"branch":"السليمانية","basin_id":"ENV_CATCH_BASINS-000787"}},{"type":"Feature","id":"ENV_CATCH_BASINS-000788","geometry":{"type":"Point","coordinates":[39.249078,21.501583]},"properties":{"depth_m":-1.0,"invert_level_m":-1.0,"branch":"السليمانية","basin_id":"ENV_CATCH_BASINS-000788"}},{"type":"Feature","id":"ENV_CATCH_BASINS-000789","geometry":{"type":"Point","coordinates":[39.249271,21.501423]},"properties":{"depth_m":-1.0,"invert_level_m":-1.0,"branch":"السليمانية","basin_id":"ENV_CATCH_BASINS-000789"}},{"type":"Feature","id":"ENV_CATCH_BASINS-000790","geometry":{"type":"Point","coordinates":[39.244943,21.492817]},"properties":{"description":"Catch Basin With Grating","branch":"السليمانية","basin_id":"ENV_CATCH_BASINS-000790"}},{"type":"Feature","id":"ENV_CATCH_BASINS-000791","geometry":{"type":"Point","coordinates":[39.244925,21.492695]},"properties":{"description":"Catch Basin With Grating","branch":"السليمانية","basin_id":"ENV_CATCH_BASINS-000791"}},{"type":"Feature","id":"ENV_CATCH_BASINS-000792","geometry":{"type":"Point","coordinates":[39.253863,21.490883]},"properties":{"depth_m":1.06,"invert_level_m":38.245,"description":"CATCH BASIN","branch":"السليمانية","basin_id":"ENV_CATCH_BASINS-000792"}},{"type":"Feature","id":"ENV_CATCH_BASINS-000793","geometry":{"type":"Point","coordinates":[39.254303,21.49096]},"properties":{"depth_m":0.86,"invert_level_m":38.544,"description":"CATCH BASIN","branch":"السليمانية","basin_id":"ENV_CATCH_BASINS-000793"}},{"type":"Feature","id":"ENV_CATCH_BASINS-000794","geometry":{"type":"Point","coordinates":[39.254487,21.491172]},"properties":{"depth_m":1.06,"invert_level_m":38.633,"description":"CATCH BASIN","branch":"السليمانية","basin_id":"ENV_CATCH_BASINS-000794"}},{"type":"Feature","id":"ENV_CATCH_BASINS-000795","geometry":{"type":"Point","coordinates":[39.254564,21.491376]},"properties":{"depth_m":1.06,"invert_level_m":38.743,"description":"CATCH BASIN","branch":"السليمانية","basin_id":"ENV_CATCH_BASINS-000795"}},{"type":"Feature","id":"ENV_CATCH_BASINS-000796","geometry":{"type":"Point","coordinates":[39.254843,21.491442]},"properties":{"depth_m":0.91,"invert_level_m":39.024,"description":"CATCH BASIN","branch":"السليمانية","basin_id":"ENV_CATCH_BASINS-000796"}},{"type":"Feature","id":"ENV_CATCH_BASINS-000797","geometry":{"type":"Point","coordinates":[39.25473,21.491591]},"properties":{"depth_m":1.06,"invert_level_m":38.78,"description":"CATCH BASIN","branch":"السليمانية","basin_id":"ENV_CATCH_BASINS-000797"}},{"type":"Feature","id":"ENV_CATCH_BASINS-000798","geometry":{"type":"Point","coordinates":[39.255,21.491563]},"properties":{"depth_m":1.06,"invert_level_m":38.929,"description":"CATCH BASIN","branch":"السليمانية","basin_id":"ENV_CATCH_BASINS-000798"}},{"type":"Feature","id":"ENV_CATCH_BASINS-000799","geometry":{"type":"Point","coordinates":[39.257747,21.491295]},"properties":{"depth_m":1.026,"invert_level_m":40.86,"description":"CATCH BASIN","branch":"السليمانية","basin_id":"ENV_CATCH_BASINS-000799"}},{"type":"Feature","id":"ENV_CATCH_BASINS-000800","geometry":{"type":"Point","coordinates":[39.257837,21.491284]},"properties":{"depth_m":0.986,"invert_level_m":40.9,"description":"CATCH BASIN","branch":"السليمانية","basin_id":"ENV_CATCH_BASINS-000800"}},{"type":"Feature","id":"ENV_CATCH_BASINS-000801","geometry":{"type":"Point","coordinates":[39.255152,21.492021]},"properties":{"depth_m":0.86,"invert_level_m":39.465,"description":"CATCH BASIN","branch":"السليمانية","basin_id":"ENV_CATCH_BASINS-000801"}},{"type":"Feature","id":"ENV_CATCH_BASINS-000802","geometry":{"type":"Point","coordinates":[39.254862,21.492058]},"properties":{"depth_m":0.815,"invert_level_m":39.512,"description":"CATCH BASIN","branch":"السليمانية","basin_id":"ENV_CATCH_BASINS-000802"}},{"type":"Feature","id":"ENV_CATCH_BASINS-000803","geometry":{"type":"Point","coordinates":[39.255166,21.492121]},"properties":{"depth_m":1.06,"invert_level_m":39.265,"description":"CATCH BASIN","branch":"السليمانية","basin_id":"ENV_CATCH_BASINS-000803"}},{"type":"Feature","id":"ENV_CATCH_BASINS-000804","geometry":{"type":"Point","coordinates":[39.254876,21.492158]},"properties":{"depth_m":0.862,"invert_level_m":39.462,"description":"CATCH BASIN","branch":"السليمانية","basin_id":"ENV_CATCH_BASINS-000804"}},{"type":"Feature","id":"ENV_CATCH_BASINS-000805","geometry":{"type":"Point","coordinates":[39.254961,21.492207]},"properties":{"depth_m":1.321,"invert_level_m":39.19,"description":"CATCH BASIN","branch":"السليمانية","basin_id":"ENV_CATCH_BASINS-000805"}},{"type":"Feature","id":"ENV_CATCH_BASINS-000806","geometry":{"type":"Point","coordinates":[39.257856,21.492068]},"properties":{"depth_m":1.667,"invert_level_m":40.58,"description":"CATCH BASIN","branch":"السليمانية","basin_id":"ENV_CATCH_BASINS-000806"}},{"type":"Feature","id":"ENV_CATCH_BASINS-000807","geometry":{"type":"Point","coordinates":[39.257951,21.49209]},"properties":{"depth_m":1.023,"invert_level_m":40.863,"description":"CATCH BASIN","branch":"السليمانية","basin_id":"ENV_CATCH_BASINS-000807"}},{"type":"Feature","id":"ENV_CATCH_BASINS-000808","geometry":{"type":"Point","coordinates":[39.258565,21.492033]},"properties":{"depth_m":0.858,"invert_level_m":41.525,"description":"CATCH BASIN","branch":"السليمانية","basin_id":"ENV_CATCH_BASINS-000808"}},{"type":"Feature","id":"ENV_CATCH_BASINS-000809","geometry":{"type":"Point","coordinates":[39.259429,21.492031]},"properties":{"depth_m":1.291,"invert_level_m":41.824,"description":"CATCH BASIN","branch":"السليمانية","basin_id":"ENV_CATCH_BASINS-000809"}},{"type":"Feature","id":"ENV_CATCH_BASINS-000810","geometry":{"type":"Point","coordinates":[39.259724,21.491997]},"properties":{"depth_m":1.06,"invert_level_m":41.86,"description":"CATCH BASIN","branch":"السليمانية","basin_id":"ENV_CATCH_BASINS-000810"}},{"type":"Feature","id":"ENV_CATCH_BASINS-000811","geometry":{"type":"Point","coordinates":[39.255211,21.492561]},"properties":{"depth_m":1.06,"invert_level_m":39.764,"description":"CATCH BASIN","branch":"السليمانية","basin_id":"ENV_CATCH_BASINS-000811"}},{"type":"Feature","id":"ENV_CATCH_BASINS-000812","geometry":{"type":"Point","coordinates":[39.255037,21.492584]},"properties":{"depth_m":0.925,"invert_level_m":39.855,"description":"CATCH BASIN","branch":"السليمانية","basin_id":"ENV_CATCH_BASINS-000812"}},{"type":"Feature","id":"ENV_CATCH_BASINS-000813","geometry":{"type":"Point","coordinates":[39.255083,21.492713]},"properties":{"depth_m":0.775,"invert_level_m":39.93,"description":"CATCH BASIN","branch":"السليمانية","basin_id":"ENV_CATCH_BASINS-000813"}},{"type":"Feature","id":"ENV_CATCH_BASINS-000814","geometry":{"type":"Point","coordinates":[39.259723,21.492164]},"properties":{"depth_m":1.01,"invert_level_m":41.922,"description":"CATCH BASIN","branch":"السليمانية","basin_id":"ENV_CATCH_BASINS-000814"}},{"type":"Feature","id":"ENV_CATCH_BASINS-000815","geometry":{"type":"Point","coordinates":[39.258105,21.492386]},"properties":{"depth_m":1.06,"invert_level_m":41.084,"description":"CATCH BASIN","branch":"السليمانية","basin_id":"ENV_CATCH_BASINS-000815"}},{"type":"Feature","id":"ENV_CATCH_BASINS-000816","geometry":{"type":"Point","coordinates":[39.258641,21.492346]},"properties":{"depth_m":1.06,"invert_level_m":41.345,"description":"CATCH BASIN","branch":"السليمانية","basin_id":"ENV_CATCH_BASINS-000816"}},{"type":"Feature","id":"ENV_CATCH_BASINS-000817","geometry":{"type":"Point","coordinates":[39.260632,21.492382]},"properties":{"depth_m":0.888,"invert_level_m":42.375,"description":"CATCH BASIN","branch":"السليمانية","basin_id":"ENV_CATCH_BASINS-000817"}},{"type":"Feature","id":"ENV_CATCH_BASINS-000818","geometry":{"type":"Point","coordinates":[39.260567,21.492431]},"properties":{"depth_m":1.06,"invert_level_m":42.287,"description":"CATCH BASIN","branch":"السليمانية","basin_id":"ENV_CATCH_BASINS-000818"}},{"type":"Feature","id":"ENV_CATCH_BASINS-000819","geometry":{"type":"Point","coordinates":[39.26072,21.492437]},"properties":{"depth_m":0.838,"invert_level_m":42.425,"description":"CATCH BASIN","branch":"السليمانية","basin_id":"ENV_CATCH_BASINS-000819"}},{"type":"Feature","id":"ENV_CATCH_BASINS-000820","geometry":{"type":"Point","coordinates":[39.261229,21.492761]},"properties":{"depth_m":0.905,"invert_level_m":42.842,"description":"CATCH BASIN","branch":"السليمانية","basin_id":"ENV_CATCH_BASINS-000820"}},{"type":"Feature","id":"ENV_CATCH_BASINS-000821","geometry":{"type":"Point","coordinates":[39.25586,21.493523]},"properties":{"depth_m":1.06,"invert_level_m":39.99,"description":"CATCH BASIN","branch":"السليمانية","basin_id":"ENV_CATCH_BASINS-000821"}},{"type":"Feature","id":"ENV_CATCH_BASINS-000822","geometry":{"type":"Point","coordinates":[39.260979,21.492933]},"properties":{"depth_m":1.06,"invert_level_m":42.61,"description":"CATCH BASIN","branch":"السليمانية","basin_id":"ENV_CATCH_BASINS-000822"}},{"type":"Feature","id":"ENV_CATCH_BASINS-000823","geometry":{"type":"Point","coordinates":[39.260654,21.493065]},"properties":{"depth_m":0.96,"invert_level_m":42.622,"description":"CATCH BASIN","branch":"السليمانية","basin_id":"ENV_CATCH_BASINS-000823"}},{"type":"Feature","id":"ENV_CATCH_BASINS-000824","geometry":{"type":"Point","coordinates":[39.260594,21.493148]},"properties":{"depth_m":1.06,"invert_level_m":42.522,"description":"CATCH BASIN","branch":"السليمانية","basin_id":"ENV_CATCH_BASINS-000824"}},{"type":"Feature","id":"ENV_CATCH_BASINS-000825","geometry":{"type":"Point","coordinates":[39.260872,21.493204]},"properties":{"depth_m":1.357,"invert_level_m":42.263,"description":"CATCH BASIN","branch":"السليمانية","basin_id":"ENV_CATCH_BASINS-000825"}},{"type":"Feature","id":"ENV_CATCH_BASINS-000826","geometry":{"type":"Point","coordinates":[39.256525,21.493777]},"properties":{"depth_m":1.06,"invert_level_m":40.531,"description":"CATCH BASIN","branch":"السليمانية","basin_id":"ENV_CATCH_BASINS-000826"}},{"type":"Feature","id":"ENV_CATCH_BASINS-000827","geometry":{"type":"Point","coordinates":[39.260814,21.493289]},"properties":{"depth_m":1.06,"invert_level_m":42.56,"description":"CATCH BASIN","branch":"السليمانية","basin_id":"ENV_CATCH_BASINS-000827"}},{"type":"Feature","id":"ENV_CATCH_BASINS-000828","geometry":{"type":"Point","coordinates":[39.261741,21.493182]},"properties":{"depth_m":1.169,"invert_level_m":43.25,"description":"CATCH BASIN","branch":"السليمانية","basin_id":"ENV_CATCH_BASINS-000828"}},{"type":"Feature","id":"ENV_CATCH_BASINS-000829","geometry":{"type":"Point","coordinates":[39.260436,21.493453]},"properties":{"depth_m":1.068,"invert_level_m":42.357,"description":"CATCH BASIN","branch":"السليمانية","basin_id":"ENV_CATCH_BASINS-000829"}},{"type":"Feature","id":"ENV_CATCH_BASINS-000830","geometry":{"type":"Point","coordinates":[39.256613,21.493968]},"properties":{"depth_m":0.844,"invert_level_m":40.869,"description":"CATCH BASIN","branch":"السليمانية","basin_id":"ENV_CATCH_BASINS-000830"}},{"type":"Feature","id":"ENV_CATCH_BASINS-000831","geometry":{"type":"Point","coordinates":[39.260306,21.493543]},"properties":{"depth_m":0.829,"invert_level_m":42.609,"description":"CATCH BASIN","branch":"السليمانية","basin_id":"ENV_CATCH_BASINS-000831"}},{"type":"Feature","id":"ENV_CATCH_BASINS-000832","geometry":{"type":"Point","coordinates":[39.260542,21.493521]},"properties":{"depth_m":1.36,"invert_level_m":42.065,"description":"CATCH BASIN","branch":"السليمانية","basin_id":"ENV_CATCH_BASINS-000832"}},{"type":"Feature","id":"ENV_CATCH_BASINS-000833","geometry":{"type":"Point","coordinates":[39.256627,21.494069]},"properties":{"depth_m":0.876,"invert_level_m":40.837,"description":"CATCH BASIN","branch":"السليمانية","basin_id":"ENV_CATCH_BASINS-000833"}},{"type":"Feature","id":"ENV_CATCH_BASINS-000834","geometry":{"type":"Point","coordinates":[39.260246,21.493625]},"properties":{"depth_m":0.88,"invert_level_m":42.558,"description":"CATCH BASIN","branch":"السليمانية","basin_id":"ENV_CATCH_BASINS-000834"}},{"type":"Feature","id":"ENV_CATCH_BASINS-000835","geometry":{"type":"Point","coordinates":[39.257661,21.494017]},"properties":{"depth_m":0.859,"invert_level_m":41.38,"description":"CATCH BASIN","branch":"السليمانية","basin_id":"ENV_CATCH_BASINS-000835"}},{"type":"Feature","id":"ENV_CATCH_BASINS-000836","geometry":{"type":"Point","coordinates":[39.257559,21.494032]},"properties":{"depth_m":1.099,"invert_level_m":41.14,"description":"CATCH BASIN","branch":"السليمانية","basin_id":"ENV_CATCH_BASINS-000836"}},{"type":"Feature","id":"ENV_CATCH_BASINS-000837","geometry":{"type":"Point","coordinates":[39.260525,21.493682]},"properties":{"depth_m":1.38,"invert_level_m":42.087,"description":"CATCH BASIN","branch":"السليمانية","basin_id":"ENV_CATCH_BASINS-000837"}},{"type":"Feature","id":"ENV_CATCH_BASINS-000838","geometry":{"type":"Point","coordinates":[39.260466,21.493768]},"properties":{"depth_m":1.522,"invert_level_m":41.945,"description":"CATCH BASIN","branch":"السليمانية","basin_id":"ENV_CATCH_BASINS-000838"}},{"type":"Feature","id":"ENV_CATCH_BASINS-000839","geometry":{"type":"Point","coordinates":[39.259163,21.494009]},"properties":{"depth_m":1.675,"invert_level_m":42.01,"description":"CATCH BASIN","branch":"السليمانية","basin_id":"ENV_CATCH_BASINS-000839"}},{"type":"Feature","id":"ENV_CATCH_BASINS-000840","geometry":{"type":"Point","coordinates":[39.259063,21.494146]},"properties":{"depth_m":1.585,"invert_level_m":42.1,"description":"CATCH BASIN","branch":"السليمانية","basin_id":"ENV_CATCH_BASINS-000840"}},{"type":"Feature","id":"ENV_CATCH_BASINS-000841","geometry":{"type":"Point","coordinates":[39.257667,21.494336]},"properties":{"depth_m":0.95,"invert_level_m":41.46,"description":"CATCH BASIN","branch":"السليمانية","basin_id":"ENV_CATCH_BASINS-000841"}},{"type":"Feature","id":"ENV_CATCH_BASINS-000842","geometry":{"type":"Point","coordinates":[39.257611,21.49441]},"properties":{"depth_m":1.08,"invert_level_m":41.33,"description":"CATCH BASIN","branch":"السليمانية","basin_id":"ENV_CATCH_BASINS-000842"}},{"type":"Feature","id":"ENV_CATCH_BASINS-000843","geometry":{"type":"Point","coordinates":[39.260101,21.494233]},"properties":{"depth_m":1.06,"invert_level_m":43.069,"description":"CATCH BASIN","branch":"السليمانية","basin_id":"ENV_CATCH_BASINS-000843"}},{"type":"Feature","id":"ENV_CATCH_BASINS-000844","geometry":{"type":"Point","coordinates":[39.260328,21.494256]},"properties":{"depth_m":1.06,"invert_level_m":43.05,"description":"CATCH BASIN","branch":"السليمانية","basin_id":"ENV_CATCH_BASINS-000844"}},{"type":"Feature","id":"ENV_CATCH_BASINS-000845","geometry":{"type":"Point","coordinates":[39.26037,21.494404]},"properties":{"depth_m":1.06,"invert_level_m":43.103,"description":"CATCH BASIN","branch":"السليمانية","basin_id":"ENV_CATCH_BASINS-000845"}},{"type":"Feature","id":"ENV_CATCH_BASINS-000846","geometry":{"type":"Point","coordinates":[39.257322,21.494808]},"properties":{"depth_m":0.806,"invert_level_m":41.412,"description":"CATCH BASIN","branch":"السليمانية","basin_id":"ENV_CATCH_BASINS-000846"}},{"type":"Feature","id":"ENV_CATCH_BASINS-000847","geometry":{"type":"Point","coordinates":[39.257342,21.494823]},"properties":{"depth_m":0.806,"invert_level_m":41.412,"description":"CATCH BASIN","branch":"السليمانية","basin_id":"ENV_CATCH_BASINS-000847"}},{"type":"Feature","id":"ENV_CATCH_BASINS-000848","geometry":{"type":"Point","coordinates":[39.257266,21.494894]},"properties":{"depth_m":0.838,"invert_level_m":41.38,"description":"CATCH BASIN","branch":"السليمانية","basin_id":"ENV_CATCH_BASINS-000848"}},{"type":"Feature","id":"ENV_CATCH_BASINS-000849","geometry":{"type":"Point","coordinates":[39.256509,21.49499]},"properties":{"depth_m":0.94,"invert_level_m":40.792,"description":"CATCH BASIN","branch":"السليمانية","basin_id":"ENV_CATCH_BASINS-000849"}},{"type":"Feature","id":"ENV_CATCH_BASINS-000850","geometry":{"type":"Point","coordinates":[39.256458,21.495072]},"properties":{"depth_m":0.917,"invert_level_m":40.842,"description":"CATCH BASIN","branch":"السليمانية","basin_id":"ENV_CATCH_BASINS-000850"}},{"type":"Feature","id":"ENV_CATCH_BASINS-000851","geometry":{"type":"Point","coordinates":[39.256869,21.495127]},"properties":{"depth_m":0.889,"invert_level_m":40.98,"description":"CATCH BASIN","branch":"السليمانية","basin_id":"ENV_CATCH_BASINS-000851"}},{"type":"Feature","id":"ENV_CATCH_BASINS-000852","geometry":{"type":"Point","coordinates":[39.256056,21.495273]},"properties":{"depth_m":1.114,"invert_level_m":40.321,"description":"CATCH BASIN","branch":"السليمانية","basin_id":"ENV_CATCH_BASINS-000852"}},{"type":"Feature","id":"ENV_CATCH_BASINS-000853","geometry":{"type":"Point","coordinates":[39.256951,21.49518]},"properties":{"depth_m":1.309,"invert_level_m":40.56,"description":"CATCH BASIN","branch":"السليمانية","basin_id":"ENV_CATCH_BASINS-000853"}},{"type":"Feature","id":"ENV_CATCH_BASINS-000854","geometry":{"type":"Point","coordinates":[39.256176,21.495342]},"properties":{"depth_m":1.606,"invert_level_m":39.829,"description":"CATCH BASIN","branch":"السليمانية","basin_id":"ENV_CATCH_BASINS-000854"}},{"type":"Feature","id":"ENV_CATCH_BASINS-000855","geometry":{"type":"Point","coordinates":[39.259694,21.494923]},"properties":{"depth_m":1.736,"invert_level_m":41.638,"description":"CATCH BASIN","branch":"السليمانية","basin_id":"ENV_CATCH_BASINS-000855"}},{"type":"Feature","id":"ENV_CATCH_BASINS-000856","geometry":{"type":"Point","coordinates":[39.259636,21.495006]},"properties":{"depth_m":0.786,"invert_level_m":42.588,"description":"CATCH BASIN","branch":"السليمانية","basin_id":"ENV_CATCH_BASINS-000856"}},{"type":"Feature","id":"ENV_CATCH_BASINS-000857","geometry":{"type":"Point","coordinates":[39.259911,21.495062]},"properties":{"depth_m":0.815,"invert_level_m":42.573,"description":"CATCH BASIN","branch":"السليمانية","basin_id":"ENV_CATCH_BASINS-000857"}},{"type":"Feature","id":"ENV_CATCH_BASINS-000858","geometry":{"type":"Point","coordinates":[39.259853,21.495143]},"properties":{"depth_m":0.865,"invert_level_m":42.523,"description":"CATCH BASIN","branch":"السليمانية","basin_id":"ENV_CATCH_BASINS-000858"}},{"type":"Feature","id":"ENV_CATCH_BASINS-000859","geometry":{"type":"Point","coordinates":[39.256037,21.495649]},"properties":{"depth_m":1.05,"invert_level_m":40.42,"description":"CATCH BASIN","branch":"السليمانية","basin_id":"ENV_CATCH_BASINS-000859"}},{"type":"Feature","id":"ENV_CATCH_BASINS-000860","geometry":{"type":"Point","coordinates":[39.255976,21.495733]},"properties":{"depth_m":1.05,"invert_level_m":40.42,"description":"CATCH BASIN","branch":"السليمانية","basin_id":"ENV_CATCH_BASINS-000860"}},{"type":"Feature","id":"ENV_CATCH_BASINS-000861","geometry":{"type":"Point","coordinates":[39.259347,21.495401]},"properties":{"depth_m":0.97,"invert_level_m":41.876,"description":"CATCH BASIN","branch":"السليمانية","basin_id":"ENV_CATCH_BASINS-000861"}},{"type":"Feature","id":"ENV_CATCH_BASINS-000862","geometry":{"type":"Point","coordinates":[39.259287,21.495483]},"properties":{"depth_m":1.02,"invert_level_m":41.826,"description":"CATCH BASIN","branch":"السليمانية","basin_id":"ENV_CATCH_BASINS-000862"}},{"type":"Feature","id":"ENV_CATCH_BASINS-000863","geometry":{"type":"Point","coordinates":[39.255472,21.495989]},"properties":{"depth_m":1.05,"invert_level_m":40.35,"description":"CATCH BASIN","branch":"السليمانية","basin_id":"ENV_CATCH_BASINS-000863"}},{"type":"Feature","id":"ENV_CATCH_BASINS-000864","geometry":{"type":"Point","coordinates":[39.259564,21.495541]},"properties":{"depth_m":0.796,"invert_level_m":42.068,"description":"CATCH BASIN","branch":"السليمانية","basin_id":"ENV_CATCH_BASINS-000864"}},{"type":"Feature","id":"ENV_CATCH_BASINS-000865","geometry":{"type":"Point","coordinates":[39.255412,21.496072]},"properties":{"depth_m":1.05,"invert_level_m":40.35,"description":"CATCH BASIN","branch":"السليمانية","basin_id":"ENV_CATCH_BASINS-000865"}},{"type":"Feature","id":"ENV_CATCH_BASINS-000866","geometry":{"type":"Point","coordinates":[39.259505,21.495621]},"properties":{"depth_m":0.846,"invert_level_m":42.018,"description":"CATCH BASIN","branch":"السليمانية","basin_id":"ENV_CATCH_BASINS-000866"}},{"type":"Feature","id":"ENV_CATCH_BASINS-000867","geometry":{"type":"Point","coordinates":[39.25569,21.496128]},"properties":{"depth_m":0.815,"invert_level_m":40.6,"description":"CATCH BASIN","branch":"السليمانية","basin_id":"ENV_CATCH_BASINS-000867"}},{"type":"Feature","id":"ENV_CATCH_BASINS-000868","geometry":{"type":"Point","coordinates":[39.25563,21.496209]},"properties":{"depth_m":0.775,"invert_level_m":40.64,"description":"CATCH BASIN","branch":"السليمانية","basin_id":"ENV_CATCH_BASINS-000868"}},{"type":"Feature","id":"ENV_CATCH_BASINS-000869","geometry":{"type":"Point","coordinates":[39.259026,21.495901]},"properties":{"depth_m":0.98,"invert_level_m":41.985,"description":"CATCH BASIN","branch":"السليمانية","basin_id":"ENV_CATCH_BASINS-000869"}},{"type":"Feature","id":"ENV_CATCH_BASINS-000870","geometry":{"type":"Point","coordinates":[39.255147,21.496481]},"properties":{"depth_m":1.015,"invert_level_m":40.115,"description":"CATCH BASIN","branch":"السليمانية","basin_id":"ENV_CATCH_BASINS-000870"}},{"type":"Feature","id":"ENV_CATCH_BASINS-000871","geometry":{"type":"Point","coordinates":[39.259042,21.496026]},"properties":{"depth_m":1.455,"invert_level_m":41.477,"description":"CATCH BASIN","branch":"السليمانية","basin_id":"ENV_CATCH_BASINS-000871"}},{"type":"Feature","id":"ENV_CATCH_BASINS-000872","geometry":{"type":"Point","coordinates":[39.259277,21.496056]},"properties":{"depth_m":1.339,"invert_level_m":41.611,"description":"CATCH BASIN","branch":"السليمانية","basin_id":"ENV_CATCH_BASINS-000872"}},{"type":"Feature","id":"ENV_CATCH_BASINS-000873","geometry":{"type":"Point","coordinates":[39.255179,21.496624]},"properties":{"depth_m":0.815,"invert_level_m":40.255,"description":"CATCH BASIN","branch":"السليمانية","basin_id":"ENV_CATCH_BASINS-000873"}},{"type":"Feature","id":"ENV_CATCH_BASINS-000874","geometry":{"type":"Point","coordinates":[39.259264,21.496167]},"properties":{"depth_m":1.085,"invert_level_m":41.93,"description":"CATCH BASIN","branch":"السليمانية","basin_id":"ENV_CATCH_BASINS-000874"}},{"type":"Feature","id":"ENV_CATCH_BASINS-000875","geometry":{"type":"Point","coordinates":[39.255407,21.496646]},"properties":{"depth_m":1.541,"invert_level_m":39.539,"description":"CATCH BASIN","branch":"السليمانية","basin_id":"ENV_CATCH_BASINS-000875"}},{"type":"Feature","id":"ENV_CATCH_BASINS-000876","geometry":{"type":"Point","coordinates":[39.255436,21.496788]},"properties":{"depth_m":1.665,"invert_level_m":39.475,"description":"CATCH BASIN","branch":"السليمانية","basin_id":"ENV_CATCH_BASINS-000876"}},{"type":"Feature","id":"ENV_CATCH_BASINS-000877","geometry":{"type":"Point","coordinates":[39.258764,21.496429]},"properties":{"depth_m":1.053,"invert_level_m":42.061,"description":"CATCH BASIN","branch":"السليمانية","basin_id":"ENV_CATCH_BASINS-000877"}},{"type":"Feature","id":"ENV_CATCH_BASINS-000878","geometry":{"type":"Point","coordinates":[39.258706,21.496511]},"properties":{"depth_m":0.853,"invert_level_m":42.261,"description":"CATCH BASIN","branch":"السليمانية","basin_id":"ENV_CATCH_BASINS-000878"}},{"type":"Feature","id":"ENV_CATCH_BASINS-000879","geometry":{"type":"Point","coordinates":[39.255112,21.497014]},"properties":{"depth_m":1.03,"invert_level_m":40.025,"description":"CATCH BASIN","branch":"السليمانية","basin_id":"ENV_CATCH_BASINS-000879"}},{"type":"Feature","id":"ENV_CATCH_BASINS-000880","geometry":{"type":"Point","coordinates":[39.258986,21.49657]},"properties":{"depth_m":1.035,"invert_level_m":42.067,"description":"CATCH BASIN","branch":"السليمانية","basin_id":"ENV_CATCH_BASINS-000880"}},{"type":"Feature","id":"ENV_CATCH_BASINS-000881","geometry":{"type":"Point","coordinates":[39.255233,21.497058]},"properties":{"depth_m":1.064,"invert_level_m":39.991,"description":"CATCH BASIN","branch":"السليمانية","basin_id":"ENV_CATCH_BASINS-000881"}},{"type":"Feature","id":"ENV_CATCH_BASINS-000882","geometry":{"type":"Point","coordinates":[39.258946,21.496666]},"properties":{"depth_m":1.033,"invert_level_m":42.084,"description":"CATCH BASIN","branch":"السليمانية","basin_id":"ENV_CATCH_BASINS-000882"}},{"type":"Feature","id":"ENV_CATCH_BASINS-000883","geometry":{"type":"Point","coordinates":[39.254343,21.497232]},"properties":{"depth_m":1.05,"invert_level_m":40.206,"description":"CATCH BASIN","branch":"السليمانية","basin_id":"ENV_CATCH_BASINS-000883"}},{"type":"Feature","id":"ENV_CATCH_BASINS-000884","geometry":{"type":"Point","coordinates":[39.254433,21.497319]},"properties":{"depth_m":1.05,"invert_level_m":39.709,"description":"CATCH BASIN","branch":"السليمانية","basin_id":"ENV_CATCH_BASINS-000884"}},{"type":"Feature","id":"ENV_CATCH_BASINS-000885","geometry":{"type":"Point","coordinates":[39.254836,21.497352]},"properties":{"depth_m":1.049,"invert_level_m":40.26,"description":"CATCH BASIN","branch":"السليمانية","basin_id":"ENV_CATCH_BASINS-000885"}},{"type":"Feature","id":"ENV_CATCH_BASINS-000886","geometry":{"type":"Point","coordinates":[39.254894,21.497362]},"properties":{"depth_m":1.049,"invert_level_m":40.26,"description":"CATCH BASIN","branch":"السليمانية","basin_id":"ENV_CATCH_BASINS-000886"}},{"type":"Feature","id":"ENV_CATCH_BASINS-000887","geometry":{"type":"Point","coordinates":[39.254775,21.497434]},"properties":{"depth_m":1.049,"invert_level_m":40.26,"description":"CATCH BASIN","branch":"السليمانية","basin_id":"ENV_CATCH_BASINS-000887"}},{"type":"Feature","id":"ENV_CATCH_BASINS-000888","geometry":{"type":"Point","coordinates":[39.258192,21.497026]},"properties":{"depth_m":1.025,"invert_level_m":41.92,"description":"CATCH BASIN","branch":"السليمانية","basin_id":"ENV_CATCH_BASINS-000888"}},{"type":"Feature","id":"ENV_CATCH_BASINS-000889","geometry":{"type":"Point","coordinates":[39.258061,21.497072]},"properties":{"depth_m":0.77,"invert_level_m":42.194,"description":"CATCH BASIN","branch":"السليمانية","basin_id":"ENV_CATCH_BASINS-000889"}},{"type":"Feature","id":"ENV_CATCH_BASINS-000890","geometry":{"type":"Point","coordinates":[39.258071,21.497103]},"properties":{"depth_m":0.714,"invert_level_m":42.209,"description":"CATCH BASIN","branch":"السليمانية","basin_id":"ENV_CATCH_BASINS-000890"}},{"type":"Feature","id":"ENV_CATCH_BASINS-000891","geometry":{"type":"Point","coordinates":[39.254993,21.497578]},"properties":{"depth_m":1.05,"invert_level_m":40.27,"description":"CATCH BASIN","branch":"السليمانية","basin_id":"ENV_CATCH_BASINS-000891"}},{"type":"Feature","id":"ENV_CATCH_BASINS-000892","geometry":{"type":"Point","coordinates":[39.257955,21.497219]},"properties":{"depth_m":1.018,"invert_level_m":41.752,"description":"CATCH BASIN","branch":"السليمانية","basin_id":"ENV_CATCH_BASINS-000892"}},{"type":"Feature","id":"ENV_CATCH_BASINS-000893","geometry":{"type":"Point","coordinates":[39.258443,21.497185]},"properties":{"depth_m":1.015,"invert_level_m":41.98,"description":"CATCH BASIN","branch":"السليمانية","basin_id":"ENV_CATCH_BASINS-000893"}},{"type":"Feature","id":"ENV_CATCH_BASINS-000894","geometry":{"type":"Point","coordinates":[39.258302,21.497216]},"properties":{"depth_m":0.805,"invert_level_m":42.14,"description":"CATCH BASIN","branch":"السليمانية","basin_id":"ENV_CATCH_BASINS-000894"}},{"type":"Feature","id":"ENV_CATCH_BASINS-000895","geometry":{"type":"Point","coordinates":[39.258026,21.497322]},"properties":{"depth_m":1.018,"invert_level_m":41.752,"description":"CATCH BASIN","branch":"السليمانية","basin_id":"ENV_CATCH_BASINS-000895"}},{"type":"Feature","id":"ENV_CATCH_BASINS-000896","geometry":{"type":"Point","coordinates":[39.257679,21.497396]},"properties":{"depth_m":0.716,"invert_level_m":41.984,"description":"CATCH BASIN","branch":"السليمانية","basin_id":"ENV_CATCH_BASINS-000896"}},{"type":"Feature","id":"ENV_CATCH_BASINS-000897","geometry":{"type":"Point","coordinates":[39.255141,21.497782]},"properties":{"depth_m":1.005,"invert_level_m":40.308,"description":"CATCH BASIN","branch":"السليمانية","basin_id":"ENV_CATCH_BASINS-000897"}},{"type":"Feature","id":"ENV_CATCH_BASINS-000898","geometry":{"type":"Point","coordinates":[39.257619,21.497481]},"properties":{"depth_m":0.675,"invert_level_m":42.055,"description":"CATCH BASIN","branch":"السليمانية","basin_id":"ENV_CATCH_BASINS-000898"}},{"type":"Feature","id":"ENV_CATCH_BASINS-000899","geometry":{"type":"Point","coordinates":[39.257904,21.49754]},"properties":{"depth_m":0.962,"invert_level_m":41.803,"description":"CATCH BASIN","branch":"السليمانية","basin_id":"ENV_CATCH_BASINS-000899"}},{"type":"Feature","id":"ENV_CATCH_BASINS-000900","geometry":{"type":"Point","coordinates":[39.255214,21.497904]},"properties":{"depth_m":1.05,"invert_level_m":40.309,"description":"CATCH BASIN","branch":"السليمانية","basin_id":"ENV_CATCH_BASINS-000900"}},{"type":"Feature","id":"ENV_CATCH_BASINS-000901","geometry":{"type":"Point","coordinates":[39.254731,21.497998]},"properties":{"depth_m":2.855,"invert_level_m":38.475,"description":"CATCH BASIN","branch":"السليمانية","basin_id":"ENV_CATCH_BASINS-000901"}},{"type":"Feature","id":"ENV_CATCH_BASINS-000902","geometry":{"type":"Point","coordinates":[39.257839,21.497622]},"properties":{"depth_m":0.975,"invert_level_m":41.785,"description":"CATCH BASIN","branch":"السليمانية","basin_id":"ENV_CATCH_BASINS-000902"}},{"type":"Feature","id":"ENV_CATCH_BASINS-000903","geometry":{"type":"Point","coordinates":[39.254299,21.498084]},"properties":{"depth_m":1.05,"invert_level_m":39.733,"description":"CATCH BASIN","branch":"السليمانية","basin_id":"ENV_CATCH_BASINS-000903"}},{"type":"Feature","id":"ENV_CATCH_BASINS-000904","geometry":{"type":"Point","coordinates":[39.254181,21.498124]},"properties":{"depth_m":1.047,"invert_level_m":39.67,"description":"CATCH BASIN","branch":"السليمانية","basin_id":"ENV_CATCH_BASINS-000904"}},{"type":"Feature","id":"ENV_CATCH_BASINS-000905","geometry":{"type":"Point","coordinates":[39.254021,21.498266]},"properties":{"depth_m":1.05,"invert_level_m":39.8,"description":"CATCH BASIN","branch":"السليمانية","basin_id":"ENV_CATCH_BASINS-000905"}},{"type":"Feature","id":"ENV_CATCH_BASINS-000906","geometry":{"type":"Point","coordinates":[39.257333,21.497876]},"properties":{"depth_m":0.805,"invert_level_m":41.765,"description":"CATCH BASIN","branch":"السليمانية","basin_id":"ENV_CATCH_BASINS-000906"}},{"type":"Feature","id":"ENV_CATCH_BASINS-000907","geometry":{"type":"Point","coordinates":[39.253883,21.498346]},"properties":{"depth_m":1.05,"invert_level_m":39.71,"description":"CATCH BASIN","branch":"السليمانية","basin_id":"ENV_CATCH_BASINS-000907"}},{"type":"Feature","id":"ENV_CATCH_BASINS-000908","geometry":{"type":"Point","coordinates":[39.25727,21.497959]},"properties":{"depth_m":0.802,"invert_level_m":41.768,"description":"CATCH BASIN","branch":"السليمانية","basin_id":"ENV_CATCH_BASINS-000908"}},{"type":"Feature","id":"ENV_CATCH_BASINS-000909","geometry":{"type":"Point","coordinates":[39.25401,21.498385]},"properties":{"depth_m":1.05,"invert_level_m":39.77,"description":"CATCH BASIN","branch":"السليمانية","basin_id":"ENV_CATCH_BASINS-000909"}},{"type":"Feature","id":"ENV_CATCH_BASINS-000910","geometry":{"type":"Point","coordinates":[39.254778,21.498293]},"properties":{"depth_m":2.47,"invert_level_m":38.525,"description":"CATCH BASIN","branch":"السليمانية","basin_id":"ENV_CATCH_BASINS-000910"}},{"type":"Feature","id":"ENV_CATCH_BASINS-000911","geometry":{"type":"Point","coordinates":[39.254827,21.4983]},"properties":{"depth_m":1.05,"invert_level_m":39.888,"description":"CATCH BASIN","branch":"السليمانية","basin_id":"ENV_CATCH_BASINS-000911"}},{"type":"Feature","id":"ENV_CATCH_BASINS-000912","geometry":{"type":"Point","coordinates":[39.254704,21.498338]},"properties":{"depth_m":1.05,"invert_level_m":39.888,"description":"CATCH BASIN","branch":"السليمانية","basin_id":"ENV_CATCH_BASINS-000912"}},{"type":"Feature","id":"ENV_CATCH_BASINS-000913","geometry":{"type":"Point","coordinates":[39.257557,21.49802]},"properties":{"depth_m":1.05,"invert_level_m":41.525,"description":"CATCH BASIN","branch":"السليمانية","basin_id":"ENV_CATCH_BASINS-000913"}},{"type":"Feature","id":"ENV_CATCH_BASINS-000914","geometry":{"type":"Point","coordinates":[39.257307,21.498133]},"properties":{"depth_m":0.82,"invert_level_m":41.785,"description":"CATCH BASIN","branch":"السليمانية","basin_id":"ENV_CATCH_BASINS-000914"}},{"type":"Feature","id":"ENV_CATCH_BASINS-000915","geometry":{"type":"Point","coordinates":[39.257438,21.498162]},"properties":{"depth_m":1.177,"invert_level_m":41.428,"description":"CATCH BASIN","branch":"السليمانية","basin_id":"ENV_CATCH_BASINS-000915"}},{"type":"Feature","id":"ENV_CATCH_BASINS-000916","geometry":{"type":"Point","coordinates":[39.254968,21.498566]},"properties":{"depth_m":2.695,"invert_level_m":38.58,"description":"CATCH BASIN","branch":"السليمانية","basin_id":"ENV_CATCH_BASINS-000916"}},{"type":"Feature","id":"ENV_CATCH_BASINS-000917","geometry":{"type":"Point","coordinates":[39.257222,21.498439]},"properties":{"depth_m":1.05,"invert_level_m":42.06,"description":"CATCH BASIN","branch":"السليمانية","basin_id":"ENV_CATCH_BASINS-000917"}},{"type":"Feature","id":"ENV_CATCH_BASINS-000918","geometry":{"type":"Point","coordinates":[39.257415,21.498469]},"properties":{"depth_m":1.048,"invert_level_m":41.705,"description":"CATCH BASIN","branch":"السليمانية","basin_id":"ENV_CATCH_BASINS-000918"}},{"type":"Feature","id":"ENV_CATCH_BASINS-000919","geometry":{"type":"Point","coordinates":[39.257373,21.498609]},"properties":{"depth_m":1.048,"invert_level_m":41.705,"description":"CATCH BASIN","branch":"السليمانية","basin_id":"ENV_CATCH_BASINS-000919"}},{"type":"Feature","id":"ENV_CATCH_BASINS-000920","geometry":{"type":"Point","coordinates":[39.254018,21.499078]},"properties":{"depth_m":1.05,"invert_level_m":39.316,"description":"CATCH BASIN","branch":"السليمانية","basin_id":"ENV_CATCH_BASINS-000920"}},{"type":"Feature","id":"ENV_CATCH_BASINS-000921","geometry":{"type":"Point","coordinates":[39.257032,21.498708]},"properties":{"depth_m":1.05,"invert_level_m":41.81,"description":"CATCH BASIN","branch":"السليمانية","basin_id":"ENV_CATCH_BASINS-000921"}},{"type":"Feature","id":"ENV_CATCH_BASINS-000922","geometry":{"type":"Point","coordinates":[39.254124,21.499093]},"properties":{"depth_m":1.05,"invert_level_m":39.316,"description":"CATCH BASIN","branch":"السليمانية","basin_id":"ENV_CATCH_BASINS-000922"}},{"type":"Feature","id":"ENV_CATCH_BASINS-000923","geometry":{"type":"Point","coordinates":[39.256921,21.498838]},"properties":{"depth_m":1.05,"invert_level_m":41.71,"description":"CATCH BASIN","branch":"السليمانية","basin_id":"ENV_CATCH_BASINS-000923"}},{"type":"Feature","id":"ENV_CATCH_BASINS-000924","geometry":{"type":"Point","coordinates":[39.254197,21.499186]},"properties":{"depth_m":1.05,"invert_level_m":39.195,"description":"CATCH BASIN","branch":"السليمانية","basin_id":"ENV_CATCH_BASINS-000924"}},{"type":"Feature","id":"ENV_CATCH_BASINS-000925","geometry":{"type":"Point","coordinates":[39.257182,21.498849]},"properties":{"depth_m":1.048,"invert_level_m":41.675,"description":"CATCH BASIN","branch":"السليمانية","basin_id":"ENV_CATCH_BASINS-000925"}},{"type":"Feature","id":"ENV_CATCH_BASINS-000926","geometry":{"type":"Point","coordinates":[39.253983,21.499279]},"properties":{"depth_m":1.05,"invert_level_m":39.36,"description":"CATCH BASIN","branch":"السليمانية","basin_id":"ENV_CATCH_BASINS-000926"}},{"type":"Feature","id":"ENV_CATCH_BASINS-000927","geometry":{"type":"Point","coordinates":[39.257103,21.498924]},"properties":{"depth_m":1.048,"invert_level_m":41.675,"description":"CATCH BASIN","branch":"السليمانية","basin_id":"ENV_CATCH_BASINS-000927"}},{"type":"Feature","id":"ENV_CATCH_BASINS-000928","geometry":{"type":"Point","coordinates":[39.254164,21.499286]},"properties":{"depth_m":1.05,"invert_level_m":39.173,"description":"CATCH BASIN","branch":"السليمانية","basin_id":"ENV_CATCH_BASINS-000928"}},{"type":"Feature","id":"ENV_CATCH_BASINS-000929","geometry":{"type":"Point","coordinates":[39.255701,21.499221]},"properties":{"depth_m":1.05,"invert_level_m":40.652,"description":"CATCH BASIN","branch":"السليمانية","basin_id":"ENV_CATCH_BASINS-000929"}},{"type":"Feature","id":"ENV_CATCH_BASINS-000930","geometry":{"type":"Point","coordinates":[39.256358,21.499175]},"properties":{"depth_m":1.05,"invert_level_m":41.25,"description":"CATCH BASIN","branch":"السليمانية","basin_id":"ENV_CATCH_BASINS-000930"}},{"type":"Feature","id":"ENV_CATCH_BASINS-000931","geometry":{"type":"Point","coordinates":[39.255301,21.499367]},"properties":{"depth_m":1.051,"invert_level_m":39.565,"description":"CATCH BASIN","branch":"السليمانية","basin_id":"ENV_CATCH_BASINS-000931"}},{"type":"Feature","id":"ENV_CATCH_BASINS-000932","geometry":{"type":"Point","coordinates":[39.255803,21.499322]},"properties":{"depth_m":1.049,"invert_level_m":40.685,"description":"CATCH BASIN","branch":"السليمانية","basin_id":"ENV_CATCH_BASINS-000932"}},{"type":"Feature","id":"ENV_CATCH_BASINS-000933","geometry":{"type":"Point","coordinates":[39.255226,21.499443]},"properties":{"depth_m":1.051,"invert_level_m":39.565,"description":"CATCH BASIN","branch":"السليمانية","basin_id":"ENV_CATCH_BASINS-000933"}},{"type":"Feature","id":"ENV_CATCH_BASINS-000934","geometry":{"type":"Point","coordinates":[39.25642,21.499345]},"properties":{"depth_m":0.944,"invert_level_m":41.198,"description":"CATCH BASIN","branch":"السليمانية","basin_id":"ENV_CATCH_BASINS-000934"}},{"type":"Feature","id":"ENV_CATCH_BASINS-000935","geometry":{"type":"Point","coordinates":[39.256308,21.499388]},"properties":{"depth_m":1.034,"invert_level_m":41.138,"description":"CATCH BASIN","branch":"السليمانية","basin_id":"ENV_CATCH_BASINS-000935"}},{"type":"Feature","id":"ENV_CATCH_BASINS-000936","geometry":{"type":"Point","coordinates":[39.256673,21.499881]},"properties":{"depth_m":0.786,"invert_level_m":41.077,"description":"CATCH BASIN","branch":"السليمانية","basin_id":"ENV_CATCH_BASINS-000936"}},{"type":"Feature","id":"ENV_CATCH_BASINS-000937","geometry":{"type":"Point","coordinates":[39.256291,21.499949]},"properties":{"depth_m":2.615,"invert_level_m":40.025,"description":"CATCH BASIN","branch":"السليمانية","basin_id":"ENV_CATCH_BASINS-000937"}},{"type":"Feature","id":"ENV_CATCH_BASINS-000938","geometry":{"type":"Point","coordinates":[39.256782,21.499893]},"properties":{"depth_m":1.037,"invert_level_m":40.826,"description":"CATCH BASIN","branch":"السليمانية","basin_id":"ENV_CATCH_BASINS-000938"}},{"type":"Feature","id":"ENV_CATCH_BASINS-000939","geometry":{"type":"Point","coordinates":[39.256707,21.499986]},"properties":{"depth_m":1.555,"invert_level_m":40.55,"description":"CATCH BASIN","branch":"السليمانية","basin_id":"ENV_CATCH_BASINS-000939"}},{"type":"Feature","id":"ENV_CATCH_BASINS-000940","geometry":{"type":"Point","coordinates":[39.256695,21.500048]},"properties":{"depth_m":0.936,"invert_level_m":41.094,"description":"CATCH BASIN","branch":"السليمانية","basin_id":"ENV_CATCH_BASINS-000940"}},{"type":"Feature","id":"ENV_CATCH_BASINS-000941","geometry":{"type":"Point","coordinates":[39.255055,21.497491]},"properties":{"depth_m":1.049,"invert_level_m":40.27,"description":"CATCH BASIN","branch":"السليمانية","basin_id":"ENV_CATCH_BASINS-000941"}}]}