{"type":"FeatureCollection","name":"net_parking_lots","crs":{"type":"name","properties":{"name":"urn:ogc:def:crs:OGC:1.3:CRS84"}},"features":[{"type":"Feature","id":"NET_PARKING_LOTS-000000","geometry":{"type":"MultiPolygon","coordinates":[[[[39.227708,21.499429],[39.227838,21.499513],[39.227865,21.499476],[39.227735,21.499392],[39.227708,21.499429]]]]},"properties":{"capacity":6.0,"subtype":1,"description":"CAR PARKING open area","branch":"السليمانية","area_sqm":81.792,"parking_id":"NET_PARKING_LOTS-000000"}},{"type":"Feature","id":"NET_PARKING_LOTS-000001","geometry":{"type":"MultiPolygon","coordinates":[[[[39.227115,21.499462],[39.227382,21.499635],[39.22741,21.499598],[39.227142,21.499425],[39.227115,21.499462]]]]},"properties":{"capacity":12.0,"subtype":1,"description":"CAR PARKING open area","branch":"السليمانية","area_sqm":168.531,"parking_id":"NET_PARKING_LOTS-000001"}},{"type":"Feature","id":"NET_PARKING_LOTS-000002","geometry":{"type":"MultiPolygon","coordinates":[[[[39.227149,21.499416],[39.227417,21.499588],[39.227445,21.499551],[39.227177,21.499379],[39.227149,21.499416]]]]},"properties":{"capacity":12.0,"subtype":1,"description":"CAR PARKING open area","branch":"السليمانية","area_sqm":168.896,"parking_id":"NET_PARKING_LOTS-000002"}},{"type":"Feature","id":"NET_PARKING_LOTS-000003","geometry":{"type":"MultiPolygon","coordinates":[[[[39.227056,21.499541],[39.227323,21.499716],[39.22735,21.499679],[39.227084,21.499504],[39.227056,21.499541]]]]},"properties":{"capacity":12.0,"subtype":1,"description":"CAR PARKING open area","branch":"السليمانية","area_sqm":168.464,"parking_id":"NET_PARKING_LOTS-000003"}},{"type":"Feature","id":"NET_PARKING_LOTS-000004","geometry":{"type":"MultiPolygon","coordinates":[[[[39.227022,21.499589],[39.227286,21.499767],[39.227313,21.499729],[39.227049,21.499551],[39.227022,21.499589]]]]},"properties":{"capacity":12.0,"subtype":1,"description":"CAR PARKING open area","branch":"السليمانية","area_sqm":168.377,"parking_id":"NET_PARKING_LOTS-000004"}},{"type":"Feature","id":"NET_PARKING_LOTS-000005","geometry":{"type":"MultiPolygon","coordinates":[[[[39.227789,21.500427],[39.227781,21.500435],[39.227773,21.500442],[39.227764,21.500449],[39.227755,21.500455],[39.227746,21.500461],[39.227736,21.500466],[39.227726,21.500471],[39.227715,21.500475],[39.227705,21.500478],[39.227694,21.500481],[39.227683,21.500483],[39.227043,21.500539],[39.227048,21.500584],[39.227687,21.500528],[39.227698,21.500527],[39.227709,21.500525],[39.22772,21.500522],[39.227731,21.500519],[39.227741,21.500515],[39.227751,21.50051],[39.227761,21.500505],[39.227771,21.500499],[39.22778,21.500493],[39.227788,21.500486],[39.227796,21.500479],[39.227804,21.500471],[39.227811,21.500462],[39.227817,21.500454],[39.227823,21.500445],[39.227789,21.500427]]]]},"properties":{"capacity":23.0,"subtype":1,"description":"CAR PARKING open area","branch":"السليمانية","area_sqm":405.795,"parking_id":"NET_PARKING_LOTS-000005"}},{"type":"Feature","id":"NET_PARKING_LOTS-000006","geometry":{"type":"MultiPolygon","coordinates":[[[[39.231678,21.498057],[39.231669,21.498053],[39.231661,21.498049],[39.231653,21.498044],[39.231645,21.498039],[39.231637,21.498034],[39.23163,21.498029],[39.231623,21.498023],[39.231507,21.498038],[39.231495,21.498078],[39.231482,21.498086],[39.231684,21.49806],[39.231678,21.498057]]]]},"properties":{"capacity":1.0,"subtype":1,"description":"CAR PARKING open area","branch":"السليمانية","area_sqm":78.421,"parking_id":"NET_PARKING_LOTS-000006"}},{"type":"Feature","id":"NET_PARKING_LOTS-000007","geometry":{"type":"MultiPolygon","coordinates":[[[[39.231512,21.497242],[39.231535,21.497213],[39.231554,21.497197],[39.231555,21.497196],[39.231557,21.497195],[39.231559,21.497194],[39.23156,21.497193],[39.231562,21.497192],[39.231564,21.497191],[39.231566,21.497191],[39.231336,21.497221],[39.231343,21.497225],[39.231388,21.497257],[39.231512,21.497242]]]]},"properties":{"capacity":1.0,"subtype":1,"description":"CAR PARKING open area","branch":"السليمانية","area_sqm":85.377,"parking_id":"NET_PARKING_LOTS-000007"}},{"type":"Feature","id":"NET_PARKING_LOTS-000008","geometry":{"type":"MultiPolygon","coordinates":[[[[39.229836,21.498337],[39.229037,21.498436],[39.229042,21.498481],[39.229842,21.498382],[39.229836,21.498337]]]]},"properties":{"capacity":12.0,"subtype":1,"description":"CAR PARKING open area","branch":"السليمانية","area_sqm":417.221,"parking_id":"NET_PARKING_LOTS-000008"}},{"type":"Feature","id":"NET_PARKING_LOTS-000009","geometry":{"type":"MultiPolygon","coordinates":[[[[39.227859,21.499544],[39.227969,21.500367],[39.228016,21.500362],[39.227907,21.499538],[39.227859,21.499544]]]]},"properties":{"capacity":31.0,"subtype":1,"description":"CAR PARKING open area","branch":"السليمانية","area_sqm":457.812,"parking_id":"NET_PARKING_LOTS-000009"}},{"type":"Feature","id":"NET_PARKING_LOTS-000010","geometry":{"type":"MultiPolygon","coordinates":[[[[39.232098,21.497919],[39.232064,21.497667],[39.232016,21.497673],[39.232051,21.497924],[39.232098,21.497919]]]]},"properties":{"capacity":9.0,"subtype":1,"description":"CAR PARKING open area","branch":"السليمانية","area_sqm":139.776,"parking_id":"NET_PARKING_LOTS-000010"}},{"type":"Feature","id":"NET_PARKING_LOTS-000011","geometry":{"type":"MultiPolygon","coordinates":[[[[39.238624,21.499188],[39.23865,21.499376],[39.238697,21.499369],[39.238672,21.499183],[39.238624,21.499188]]]]},"properties":{"capacity":8.0,"subtype":1,"description":"CAR PARKING open area","branch":"السليمانية","area_sqm":104.2,"parking_id":"NET_PARKING_LOTS-000011"}},{"type":"Feature","id":"NET_PARKING_LOTS-000012","geometry":{"type":"MultiPolygon","coordinates":[[[[39.238666,21.499494],[39.238752,21.499483],[39.238746,21.499438],[39.23866,21.499449],[39.238666,21.499494]]]]},"properties":{"capacity":3.0,"subtype":1,"description":"CAR PARKING open area","branch":"السليمانية","area_sqm":45.361,"parking_id":"NET_PARKING_LOTS-000012"}},{"type":"Feature","id":"NET_PARKING_LOTS-000013","geometry":{"type":"MultiPolygon","coordinates":[[[[39.231399,21.496626],[39.231443,21.496927],[39.231491,21.49692],[39.231447,21.496619],[39.231399,21.496626]]]]},"properties":{"capacity":11.0,"subtype":1,"description":"CAR PARKING open area","branch":"السليمانية","area_sqm":168.075,"parking_id":"NET_PARKING_LOTS-000013"}},{"type":"Feature","id":"NET_PARKING_LOTS-000014","geometry":{"type":"MultiPolygon","coordinates":[[[[39.230075,21.499278],[39.229939,21.498315],[39.228957,21.498438],[39.229088,21.4994],[39.230075,21.499278]]]]},"properties":{"capacity":127.0,"subtype":1,"description":"CAR PARKING open area","branch":"السليمانية","area_sqm":11051.755,"parking_id":"NET_PARKING_LOTS-000014"}},{"type":"Feature","id":"NET_PARKING_LOTS-000015","geometry":{"type":"MultiPolygon","coordinates":[[[[39.264748,21.49394],[39.26488,21.493955],[39.264902,21.493958],[39.264906,21.493958],[39.26491,21.493928],[39.264912,21.493918],[39.264753,21.4939],[39.264748,21.49394]]]]},"properties":{"capacity":6.0,"subtype":1,"description":"CAR PARKING","branch":"السليمانية","area_sqm":74.164,"parking_id":"NET_PARKING_LOTS-000015"}},{"type":"Feature","id":"NET_PARKING_LOTS-000016","geometry":{"type":"MultiPolygon","coordinates":[[[[39.264754,21.494201],[39.264798,21.494191],[39.264745,21.494017],[39.264698,21.494023],[39.264754,21.494201]]]]},"properties":{"capacity":7.0,"subtype":1,"description":"CAR PARKING","branch":"السليمانية","area_sqm":96.332,"parking_id":"NET_PARKING_LOTS-000016"}},{"type":"Feature","id":"NET_PARKING_LOTS-000017","geometry":{"type":"MultiPolygon","coordinates":[[[[39.264937,21.494134],[39.264885,21.494127],[39.264874,21.494208],[39.264926,21.494214],[39.264937,21.494134]]]]},"properties":{"capacity":2.0,"subtype":1,"description":"CAR PARKING","branch":"السليمانية","area_sqm":49.069,"parking_id":"NET_PARKING_LOTS-000017"}},{"type":"Feature","id":"NET_PARKING_LOTS-000018","geometry":{"type":"MultiPolygon","coordinates":[[[[39.264934,21.494304],[39.264927,21.49435],[39.265168,21.494378],[39.265174,21.494332],[39.264934,21.494304]]]]},"properties":{"capacity":9.0,"subtype":1,"description":"CAR PARKING","branch":"السليمانية","area_sqm":128.286,"parking_id":"NET_PARKING_LOTS-000018"}},{"type":"Feature","id":"NET_PARKING_LOTS-000019","geometry":{"type":"MultiPolygon","coordinates":[[[[39.266416,21.490213],[39.266522,21.490542],[39.266572,21.490533],[39.266463,21.490194],[39.266416,21.490213]]]]},"properties":{"capacity":14.0,"subtype":1,"description":"PARKING SHED CONCRETE","branch":"السليمانية","area_sqm":202.751,"parking_id":"NET_PARKING_LOTS-000019"}},{"type":"Feature","id":"NET_PARKING_LOTS-000020","geometry":{"type":"MultiPolygon","coordinates":[[[[39.263108,21.490806],[39.2631,21.490761],[39.263001,21.490778],[39.263012,21.490824],[39.263062,21.490815],[39.263108,21.490806]]]]},"properties":{"capacity":1.0,"subtype":1,"description":"CAR PARKING TENT","branch":"السليمانية","area_sqm":53.547,"parking_id":"NET_PARKING_LOTS-000020"}},{"type":"Feature","id":"NET_PARKING_LOTS-000021","geometry":{"type":"MultiPolygon","coordinates":[[[[39.263125,21.490895],[39.263118,21.490848],[39.263021,21.490864],[39.26303,21.49091],[39.263079,21.490902],[39.263125,21.490895]]]]},"properties":{"capacity":1.0,"subtype":1,"description":"CAR PARKING TENT","branch":"السليمانية","area_sqm":52.242,"parking_id":"NET_PARKING_LOTS-000021"}},{"type":"Feature","id":"NET_PARKING_LOTS-000022","geometry":{"type":"MultiPolygon","coordinates":[[[[39.264885,21.494125],[39.264935,21.494131],[39.264962,21.493934],[39.26491,21.493928],[39.264906,21.493958],[39.264885,21.494125]]]]},"properties":{"capacity":4.0,"subtype":1,"description":"CAR PARKING TENT","branch":"السليمانية","area_sqm":116.079,"parking_id":"NET_PARKING_LOTS-000022"}},{"type":"Feature","id":"NET_PARKING_LOTS-000023","geometry":{"type":"MultiPolygon","coordinates":[[[[39.264851,21.492094],[39.264856,21.492043],[39.264662,21.492031],[39.264658,21.492081],[39.264851,21.492094]]]]},"properties":{"capacity":4.0,"subtype":1,"description":"CAR PARKING TENT","branch":"السليمانية","area_sqm":113.369,"parking_id":"NET_PARKING_LOTS-000023"}},{"type":"Feature","id":"NET_PARKING_LOTS-000024","geometry":{"type":"MultiPolygon","coordinates":[[[[39.26596,21.492169],[39.265963,21.492123],[39.265464,21.492089],[39.265461,21.492135],[39.26596,21.492169]]]]},"properties":{"capacity":1.0,"subtype":1,"description":"CAR PARKING TENT","branch":"السليمانية","area_sqm":265.486,"parking_id":"NET_PARKING_LOTS-000024"}},{"type":"Feature","id":"NET_PARKING_LOTS-000025","geometry":{"type":"MultiPolygon","coordinates":[[[[39.265353,21.492231],[39.265356,21.492181],[39.265169,21.492167],[39.265165,21.492218],[39.265353,21.492231]]]]},"properties":{"capacity":4.0,"subtype":1,"description":"CAR PARKING TENT","branch":"السليمانية","area_sqm":108.632,"parking_id":"NET_PARKING_LOTS-000025"}},{"type":"Feature","id":"NET_PARKING_LOTS-000026","geometry":{"type":"MultiPolygon","coordinates":[[[[39.265844,21.491953],[39.265883,21.491956],[39.265885,21.491925],[39.265846,21.491923],[39.265844,21.491953]]]]},"properties":{"capacity":1.0,"subtype":1,"description":"open area","branch":"السليمانية","area_sqm":13.557,"parking_id":"NET_PARKING_LOTS-000026"}},{"type":"Feature","id":"NET_PARKING_LOTS-000027","geometry":{"type":"MultiPolygon","coordinates":[[[[39.264764,21.490561],[39.264793,21.490552],[39.264776,21.490498],[39.264747,21.490506],[39.264764,21.490561]]]]},"properties":{"capacity":1.0,"subtype":1,"description":"PARKING SHED CONCRETE","branch":"السليمانية","area_sqm":20.039,"parking_id":"NET_PARKING_LOTS-000027"}},{"type":"Feature","id":"NET_PARKING_LOTS-000028","geometry":{"type":"MultiPolygon","coordinates":[[[[39.264877,21.490791],[39.264828,21.49063],[39.264789,21.49064],[39.26484,21.490802],[39.264877,21.490791]]]]},"properties":{"capacity":1.0,"subtype":1,"description":"PARKING SHED CONCRETE","branch":"السليمانية","area_sqm":76.395,"parking_id":"NET_PARKING_LOTS-000028"}},{"type":"Feature","id":"NET_PARKING_LOTS-000029","geometry":{"type":"MultiPolygon","coordinates":[[[[39.264571,21.489814],[39.264522,21.489658],[39.264484,21.489668],[39.264533,21.489825],[39.264571,21.489814]]]]},"properties":{"capacity":1.0,"subtype":1,"description":"PARKING SHED CONCRETE","branch":"السليمانية","area_sqm":74.15,"parking_id":"NET_PARKING_LOTS-000029"}},{"type":"Feature","id":"NET_PARKING_LOTS-000030","geometry":{"type":"MultiPolygon","coordinates":[[[[39.262111,21.492086],[39.262223,21.492118],[39.262237,21.492074],[39.262123,21.492043],[39.262111,21.492086]]]]},"properties":{"capacity":1.0,"subtype":1,"description":"PARKING SHED","branch":"السليمانية","area_sqm":61.656,"parking_id":"NET_PARKING_LOTS-000030"}},{"type":"Feature","id":"NET_PARKING_LOTS-000031","geometry":{"type":"MultiPolygon","coordinates":[[[[39.26469,21.490196],[39.264653,21.490207],[39.264673,21.490272],[39.264712,21.490261],[39.26469,21.490196]]]]},"properties":{"capacity":1.0,"subtype":1,"description":"PARKING SHED CONCRETE","branch":"السليمانية","area_sqm":30.652,"parking_id":"NET_PARKING_LOTS-000031"}},{"type":"Feature","id":"NET_PARKING_LOTS-000032","geometry":{"type":"MultiPolygon","coordinates":[[[[39.264776,21.49153],[39.264832,21.491533],[39.264835,21.49149],[39.264778,21.491487],[39.264776,21.49153]]]]},"properties":{"capacity":1.0,"subtype":1,"description":"PARKING SHED","branch":"السليمانية","area_sqm":28.235,"parking_id":"NET_PARKING_LOTS-000032"}},{"type":"Feature","id":"NET_PARKING_LOTS-000033","geometry":{"type":"MultiPolygon","coordinates":[[[[39.265022,21.491508],[39.26516,21.491518],[39.265169,21.491436],[39.265028,21.491427],[39.265022,21.491508]]]]},"properties":{"capacity":1.0,"subtype":1,"description":"PARKING SHED","branch":"السليمانية","area_sqm":131.074,"parking_id":"NET_PARKING_LOTS-000033"}},{"type":"Feature","id":"NET_PARKING_LOTS-000034","geometry":{"type":"MultiPolygon","coordinates":[[[[39.264878,21.491726],[39.264885,21.491618],[39.264368,21.491586],[39.264251,21.491578],[39.264243,21.491686],[39.264878,21.491726]]]]},"properties":{"capacity":1.0,"subtype":1,"description":"PARKING SHED STEEL","branch":"السليمانية","area_sqm":786.789,"parking_id":"NET_PARKING_LOTS-000034"}},{"type":"Feature","id":"NET_PARKING_LOTS-000035","geometry":{"type":"MultiPolygon","coordinates":[[[[39.265697,21.492761],[39.265809,21.492508],[39.2657,21.492466],[39.265588,21.492718],[39.265697,21.492761]]]]},"properties":{"capacity":1.0,"subtype":1,"description":"PARKING SHED STEEL","branch":"السليمانية","area_sqm":370.27,"parking_id":"NET_PARKING_LOTS-000035"}},{"type":"Feature","id":"NET_PARKING_LOTS-000036","geometry":{"type":"MultiPolygon","coordinates":[[[[39.265873,21.491846],[39.26588,21.491738],[39.265479,21.491712],[39.26547,21.491819],[39.265873,21.491846]]]]},"properties":{"capacity":1.0,"subtype":1,"description":"PARKING SHED STEEL","branch":"السليمانية","area_sqm":499.137,"parking_id":"NET_PARKING_LOTS-000036"}},{"type":"Feature","id":"NET_PARKING_LOTS-000037","geometry":{"type":"MultiPolygon","coordinates":[[[[39.265407,21.49382],[39.2655,21.493609],[39.265413,21.493576],[39.26532,21.493785],[39.265407,21.49382]]]]},"properties":{"capacity":1.0,"subtype":1,"description":"PARKING SHED STEEL","branch":"السليمانية","area_sqm":246.26,"parking_id":"NET_PARKING_LOTS-000037"}},{"type":"Feature","id":"NET_PARKING_LOTS-000038","geometry":{"type":"MultiPolygon","coordinates":[[[[39.265235,21.493804],[39.265347,21.493551],[39.265237,21.493508],[39.265124,21.493759],[39.265235,21.493804]]]]},"properties":{"capacity":1.0,"subtype":1,"description":"PARKING SHED STEEL","branch":"السليمانية","area_sqm":374.616,"parking_id":"NET_PARKING_LOTS-000038"}},{"type":"Feature","id":"NET_PARKING_LOTS-000039","geometry":{"type":"MultiPolygon","coordinates":[[[[39.264979,21.491913],[39.264988,21.491805],[39.264238,21.491755],[39.264229,21.491864],[39.264979,21.491913]]]]},"properties":{"capacity":1.0,"subtype":1,"description":"PARKING SHED STEEL","branch":"السليمانية","area_sqm":935.476,"parking_id":"NET_PARKING_LOTS-000039"}},{"type":"Feature","id":"NET_PARKING_LOTS-000040","geometry":{"type":"MultiPolygon","coordinates":[[[[39.26491,21.492036],[39.264914,21.491992],[39.264914,21.491992],[39.264914,21.491982],[39.264224,21.491936],[39.26422,21.49199],[39.26491,21.492036]]]]},"properties":{"capacity":1.0,"subtype":1,"description":"PARKING SHED STEEL","branch":"السليمانية","area_sqm":431.608,"parking_id":"NET_PARKING_LOTS-000040"}},{"type":"Feature","id":"NET_PARKING_LOTS-000041","geometry":{"type":"MultiPolygon","coordinates":[[[[39.265114,21.493399],[39.265004,21.493357],[39.264893,21.493609],[39.265002,21.493651],[39.265114,21.493399]]]]},"properties":{"capacity":1.0,"subtype":1,"description":"PARKING SHED STEEL","branch":"السليمانية","area_sqm":371.225,"parking_id":"NET_PARKING_LOTS-000041"}},{"type":"Feature","id":"NET_PARKING_LOTS-000042","geometry":{"type":"MultiPolygon","coordinates":[[[[39.265064,21.494414],[39.265063,21.494414],[39.265035,21.49441],[39.265007,21.494405],[39.264978,21.4944],[39.26495,21.494395],[39.264922,21.494391],[39.264916,21.494438],[39.264919,21.494439],[39.264923,21.494441],[39.264926,21.494442],[39.26493,21.494444],[39.264934,21.494445],[39.264937,21.494447],[39.264941,21.494448],[39.264945,21.494449],[39.264949,21.49445],[39.264953,21.494452],[39.264957,21.494453],[39.264961,21.494454],[39.264965,21.494455],[39.264969,21.494456],[39.264973,21.494457],[39.264977,21.494458],[39.264981,21.494458],[39.264985,21.494459],[39.264989,21.49446],[39.264993,21.49446],[39.264997,21.494461],[39.265001,21.494461],[39.265006,21.494462],[39.26501,21.494462],[39.265014,21.494463],[39.265018,21.494463],[39.265022,21.494463],[39.265026,21.494463],[39.265031,21.494463],[39.265035,21.494463],[39.265039,21.494463],[39.265043,21.494463],[39.265047,21.494463],[39.265052,21.494463],[39.265056,21.494462],[39.265057,21.494455],[39.265064,21.494414]]]]},"properties":{"capacity":5.0,"subtype":1,"description":"CAR PARKING","branch":"السليمانية","area_sqm":88.41,"parking_id":"NET_PARKING_LOTS-000042"}},{"type":"Feature","id":"NET_PARKING_LOTS-000043","geometry":{"type":"MultiPolygon","coordinates":[[[[39.252964,21.487668],[39.253306,21.487728],[39.253315,21.487681],[39.253315,21.487681],[39.253315,21.48768],[39.253315,21.48768],[39.253316,21.48768],[39.253316,21.48768],[39.253316,21.487679],[39.253316,21.487679],[39.253316,21.487679],[39.253317,21.487679],[39.253317,21.487679],[39.253317,21.487678],[39.253317,21.487678],[39.253318,21.487678],[39.253318,21.487678],[39.253318,21.487678],[39.253319,21.487678],[39.253319,21.487678],[39.253319,21.487678],[39.25332,21.487678],[39.25332,21.487678],[39.25332,21.487678],[39.253321,21.487678],[39.253321,21.487678],[39.253321,21.487678],[39.253322,21.487678],[39.253323,21.487679],[39.253325,21.487679],[39.253326,21.48768],[39.253327,21.487681],[39.253329,21.487682],[39.25333,21.487682],[39.253331,21.487683],[39.253332,21.487685],[39.253333,21.487686],[39.253334,21.487687],[39.253335,21.487688],[39.253336,21.487689],[39.253336,21.487691],[39.253337,21.487692],[39.253337,21.487694],[39.253338,21.487695],[39.253338,21.487697],[39.253338,21.487698],[39.253338,21.4877],[39.253338,21.487701],[39.253337,21.487703],[39.253327,21.487756],[39.253326,21.4878],[39.253326,21.4878],[39.253326,21.487801],[39.253326,21.487801],[39.253326,21.487802],[39.253326,21.487802],[39.253326,21.487803],[39.253326,21.487803],[39.253326,21.487803],[39.253325,21.487804],[39.253325,21.487804],[39.253325,21.487805],[39.253325,21.487805],[39.253324,21.487805],[39.253324,21.487806],[39.253324,21.487806],[39.253323,21.487806],[39.253323,21.487806],[39.253322,21.487807],[39.253322,21.487807],[39.253321,21.487807],[39.253321,21.487807],[39.253232,21.487829],[39.253233,21.487775],[39.2529,21.487715],[39.2529,21.487759],[39.2529,21.48776],[39.2529,21.487761],[39.2529,21.487761],[39.252899,21.487762],[39.252899,21.487763],[39.252899,21.487764],[39.252898,21.487764],[39.252898,21.487765],[39.252897,21.487766],[39.252896,21.487766],[39.252896,21.487767],[39.252895,21.487767],[39.252894,21.487768],[39.252894,21.487768],[39.252893,21.487768],[39.252892,21.487769],[39.252891,21.487769],[39.25289,21.487769],[39.252889,21.487769],[39.252842,21.487768],[39.25284,21.487933],[39.25284,21.487967],[39.252838,21.488119],[39.252838,21.488124],[39.252838,21.488147],[39.252837,21.488285],[39.252882,21.488286],[39.252882,21.488286],[39.252883,21.488285],[39.252884,21.488285],[39.252884,21.488285],[39.252885,21.488285],[39.252886,21.488285],[39.252886,21.488285],[39.252887,21.488286],[39.252888,21.488286],[39.252888,21.488286],[39.252889,21.488286],[39.25289,21.488286],[39.25289,21.488287],[39.252891,21.488287],[39.252891,21.488288],[39.252892,21.488288],[39.252892,21.488289],[39.252893,21.488289],[39.252893,21.48829],[39.252893,21.48829],[39.252894,21.488291],[39.252894,21.488291],[39.252894,21.488292],[39.252894,21.488293],[39.252895,21.488293],[39.252895,21.488294],[39.252895,21.488295],[39.252895,21.488295],[39.252895,21.488296],[39.252894,21.488297],[39.252894,21.488297],[39.252893,21.488341],[39.253113,21.488305],[39.253235,21.488285],[39.253235,21.488239],[39.253236,21.488238],[39.253236,21.488238],[39.253236,21.488237],[39.253236,21.488237],[39.253236,21.488236],[39.253237,21.488236],[39.253237,21.488235],[39.253237,21.488235],[39.253238,21.488234],[39.253238,21.488234],[39.253239,21.488234],[39.253239,21.488233],[39.25324,21.488233],[39.25324,21.488233],[39.253241,21.488233],[39.253241,21.488232],[39.253242,21.488232],[39.253242,21.488232],[39.253243,21.488232],[39.253244,21.488232],[39.253244,21.488232],[39.253245,21.488232],[39.253245,21.488232],[39.253246,21.488232],[39.253247,21.488232],[39.253247,21.488232],[39.253248,21.488233],[39.253336,21.488252],[39.25334,21.488256],[39.253361,21.48834],[39.253366,21.488358],[39.253366,21.488359],[39.253366,21.48836],[39.253366,21.488361],[39.253366,21.488362],[39.253366,21.488364],[39.253366,21.488365],[39.253366,21.488366],[39.253365,21.488367],[39.253365,21.488368],[39.253364,21.488369],[39.253364,21.48837],[39.253363,21.488371],[39.253362,21.488372],[39.253362,21.488373],[39.253361,21.488374],[39.25336,21.488375],[39.253359,21.488376],[39.253358,21.488376],[39.253357,21.488377],[39.253356,21.488377],[39.253354,21.488378],[39.25343,21.48841],[39.253446,21.488367],[39.253447,21.488362],[39.253447,21.488358],[39.253447,21.488353],[39.253447,21.488349],[39.253447,21.488344],[39.253446,21.48834],[39.253446,21.488335],[39.253426,21.488231],[39.253413,21.487894],[39.253401,21.48783],[39.253401,21.487788],[39.253416,21.487711],[39.253417,21.48771],[39.253417,21.487709],[39.253418,21.487708],[39.253419,21.487707],[39.25342,21.487706],[39.25342,21.487705],[39.253421,21.487705],[39.253422,21.487704],[39.253423,21.487703],[39.253425,21.487702],[39.253426,21.487702],[39.253427,21.487701],[39.253428,21.487701],[39.253429,21.487701],[39.253431,21.4877],[39.253432,21.4877],[39.253433,21.4877],[39.253434,21.4877],[39.253436,21.4877],[39.253437,21.4877],[39.253438,21.4877],[39.25344,21.487701],[39.253441,21.487701],[39.253432,21.48775],[39.253606,21.48778],[39.253617,21.487723],[39.253618,21.487722],[39.253619,21.487721],[39.25362,21.48772],[39.25362,21.487719],[39.253621,21.487718],[39.253622,21.487717],[39.253623,21.487717],[39.253624,21.487716],[39.253626,21.487716],[39.253627,21.487715],[39.253628,21.487715],[39.253629,21.487714],[39.25363,21.487714],[39.253632,21.487714],[39.253633,21.487714],[39.253634,21.487714],[39.253635,21.487714],[39.253637,21.487713],[39.253638,21.487712],[39.25364,21.487712],[39.253641,21.487711],[39.253643,21.48771],[39.253644,21.487709],[39.253645,21.487707],[39.253646,21.487706],[39.253647,21.487705],[39.253648,21.487704],[39.253648,21.487702],[39.253649,21.487701],[39.253649,21.487699],[39.253649,21.487698],[39.25365,21.487698],[39.25365,21.487697],[39.25365,21.487696],[39.25365,21.487695],[39.25365,21.487695],[39.253651,21.487694],[39.253651,21.487693],[39.253652,21.487693],[39.253652,21.487692],[39.253653,21.487691],[39.253653,21.487691],[39.253654,21.48769],[39.253655,21.48769],[39.253655,21.487689],[39.253656,21.487689],[39.253657,21.487689],[39.253662,21.487689],[39.253708,21.487696],[39.253778,21.48732],[39.25374,21.487314],[39.253738,21.487313],[39.253737,21.487313],[39.253736,21.487312],[39.253734,21.487311],[39.253733,21.48731],[39.253732,21.487309],[39.253731,21.487308],[39.25373,21.487307],[39.253729,21.487306],[39.253728,21.487305],[39.253727,21.487304],[39.253727,21.487303],[39.253726,21.487301],[39.253726,21.4873],[39.253725,21.487299],[39.253725,21.487297],[39.253725,21.487296],[39.253725,21.487295],[39.253725,21.487293],[39.253728,21.487279],[39.25373,21.487275],[39.253731,21.487273],[39.253733,21.48727],[39.253734,21.487267],[39.253736,21.487265],[39.253738,21.487263],[39.253741,21.487261],[39.253743,21.487259],[39.253746,21.487257],[39.253748,21.487255],[39.253751,21.487254],[39.253754,21.487252],[39.253757,21.487251],[39.25376,21.48725],[39.253763,21.48725],[39.253766,21.487249],[39.25377,21.487249],[39.253773,21.487249],[39.253776,21.487249],[39.253779,21.487249],[39.253917,21.487272],[39.253921,21.487273],[39.253923,21.487275],[39.253949,21.487303],[39.254209,21.487346],[39.254233,21.487327],[39.254238,21.487326],[39.254357,21.487346],[39.254357,21.487346],[39.254357,21.487346],[39.254358,21.487346],[39.254358,21.487346],[39.254359,21.487347],[39.254359,21.487347],[39.25436,21.487347],[39.25436,21.487347],[39.25436,21.487348],[39.254361,21.487348],[39.254361,21.487348],[39.254361,21.487349],[39.254361,21.487349],[39.254362,21.48735],[39.254362,21.48735],[39.254362,21.48735],[39.254362,21.487351],[39.254362,21.487351],[39.254362,21.487352],[39.254362,21.487352],[39.254362,21.487353],[39.254363,21.487361],[39.254261,21.487888],[39.254261,21.487888],[39.254261,21.487889],[39.254261,21.487889],[39.254261,21.487889],[39.254261,21.487889],[39.254261,21.48789],[39.254261,21.48789],[39.254261,21.48789],[39.254261,21.48789],[39.254261,21.48789],[39.254262,21.487891],[39.254262,21.487891],[39.254262,21.487891],[39.254262,21.487891],[39.254262,21.487891],[39.254262,21.487892],[39.254263,21.487892],[39.254263,21.487892],[39.254263,21.487892],[39.254263,21.487892],[39.254263,21.487892],[39.254264,21.487892],[39.254264,21.487892],[39.254264,21.487892],[39.254264,21.487892],[39.254265,21.487892],[39.254265,21.487892],[39.254265,21.487892],[39.254265,21.487892],[39.254266,21.487892],[39.254266,21.487892],[39.254457,21.487924],[39.254472,21.48784],[39.25436,21.487821],[39.254359,21.48782],[39.254358,21.48782],[39.254358,21.48782],[39.254357,21.48782],[39.254356,21.487819],[39.254355,21.487819],[39.254355,21.487818],[39.254354,21.487818],[39.254354,21.487817],[39.254353,21.487817],[39.254353,21.487816],[39.254352,21.487816],[39.254352,21.487815],[39.254351,21.487814],[39.254351,21.487814],[39.254351,21.487813],[39.254351,21.487812],[39.25435,21.487811],[39.25435,21.487811],[39.25435,21.48781],[39.25435,21.487809],[39.25435,21.487809],[39.25435,21.487808],[39.254351,21.487807],[39.254351,21.487806],[39.254413,21.487483],[39.254413,21.487483],[39.254413,21.487482],[39.254413,21.487482],[39.254414,21.487481],[39.254414,21.487481],[39.254414,21.48748],[39.254414,21.48748],[39.254415,21.48748],[39.254415,21.487479],[39.254416,21.487479],[39.254416,21.487479],[39.254417,21.487478],[39.254417,21.487478],[39.254417,21.487478],[39.254418,21.487478],[39.254418,21.487477],[39.254419,21.487477],[39.25442,21.487477],[39.25442,21.487477],[39.254421,21.487477],[39.254421,21.487477],[39.254422,21.487477],[39.254422,21.487477],[39.254535,21.487497],[39.254536,21.487497],[39.254536,21.487497],[39.254536,21.487497],[39.254537,21.487497],[39.254537,21.487497],[39.254537,21.487497],[39.254538,21.487497],[39.254538,21.487497],[39.254539,21.487497],[39.254539,21.487497],[39.254539,21.487497],[39.25454,21.487497],[39.25454,21.487496],[39.25454,21.487496],[39.254541,21.487496],[39.254541,21.487496],[39.254541,21.487496],[39.254542,21.487495],[39.254542,21.487495],[39.254542,21.487495],[39.254542,21.487495],[39.254542,21.487494],[39.254543,21.487494],[39.254543,21.487494],[39.254543,21.487493],[39.254598,21.487202],[39.254549,21.487194],[39.254547,21.487194],[39.254546,21.487193],[39.254544,21.487193],[39.254543,21.487192],[39.254542,21.487192],[39.25454,21.487191],[39.254539,21.48719],[39.254538,21.487189],[39.254537,21.487188],[39.254536,21.487187],[39.254535,21.487186],[39.254534,21.487185],[39.254533,21.487184],[39.254533,21.487182],[39.254532,21.487181],[39.254532,21.48718],[39.254531,21.487178],[39.254531,21.487177],[39.254531,21.487176],[39.254531,21.487174],[39.254531,21.487173],[39.254531,21.487171],[39.254532,21.48717],[39.254537,21.48714],[39.25445,21.487125],[39.254445,21.487151],[39.254444,21.487154],[39.254442,21.487157],[39.25444,21.48716],[39.254439,21.487162],[39.254437,21.487165],[39.254434,21.487167],[39.254432,21.487169],[39.254429,21.487171],[39.254427,21.487173],[39.254424,21.487175],[39.254421,21.487176],[39.254418,21.487177],[39.254415,21.487178],[39.254412,21.487179],[39.254408,21.48718],[39.254405,21.48718],[39.254402,21.487181],[39.254399,21.487181],[39.254395,21.48718],[39.254273,21.48716],[39.254266,21.487156],[39.254238,21.487128],[39.25399,21.487086],[39.253962,21.487104],[39.253955,21.487106],[39.253954,21.487106],[39.253807,21.487082],[39.253804,21.487081],[39.253801,21.48708],[39.253798,21.487079],[39.253795,21.487078],[39.253792,21.487076],[39.25379,21.487075],[39.253787,21.487073],[39.253785,21.487071],[39.253782,21.487069],[39.25378,21.487067],[39.253778,21.487064],[39.253776,21.487062],[39.253775,21.487059],[39.253773,21.487057],[39.253772,21.487054],[39.253771,21.487051],[39.25377,21.487048],[39.25377,21.487045],[39.253769,21.487042],[39.253769,21.487039],[39.253769,21.487036],[39.253774,21.487011],[39.253705,21.487],[39.2537,21.487025],[39.253699,21.487028],[39.253697,21.487031],[39.253696,21.487033],[39.253694,21.487036],[39.253692,21.487039],[39.25369,21.487041],[39.253687,21.487043],[39.253685,21.487045],[39.253682,21.487047],[39.253679,21.487049],[39.253677,21.48705],[39.253674,21.487052],[39.25367,21.487053],[39.253667,21.487054],[39.253664,21.487055],[39.253661,21.487055],[39.253658,21.487056],[39.253654,21.487056],[39.253651,21.487056],[39.253567,21.487042],[39.25356,21.487038],[39.253537,21.48701],[39.253289,21.486969],[39.25326,21.486986],[39.253251,21.486989],[39.253132,21.486969],[39.253128,21.486968],[39.253125,21.486967],[39.253121,21.486965],[39.253118,21.486963],[39.253115,21.486961],[39.253112,21.486959],[39.253109,21.486957],[39.253106,21.486954],[39.253104,21.486951],[39.253102,21.486949],[39.2531,21.486946],[39.253098,21.486942],[39.253096,21.486939],[39.253095,21.486936],[39.253094,21.486932],[39.253093,21.486929],[39.253093,21.486925],[39.253093,21.486922],[39.253093,21.486918],[39.253093,21.486915],[39.253094,21.486911],[39.253095,21.486908],[39.253096,21.486904],[39.253097,21.486901],[39.253099,21.486898],[39.253026,21.486888],[39.253025,21.486892],[39.253024,21.486896],[39.253023,21.486901],[39.253022,21.486905],[39.253021,21.486909],[39.253019,21.486914],[39.253018,21.486918],[39.253016,21.486921],[39.253014,21.486923],[39.253012,21.486926],[39.25301,21.486928],[39.253008,21.48693],[39.253005,21.486932],[39.253003,21.486934],[39.253,21.486936],[39.252997,21.486938],[39.252994,21.486939],[39.252991,21.48694],[39.252988,21.486941],[39.252984,21.486941],[39.252981,21.486942],[39.252978,21.486942],[39.252975,21.486942],[39.252971,21.486942],[39.252963,21.486942],[39.252955,21.486941],[39.252946,21.486939],[39.252938,21.486938],[39.25293,21.486935],[39.252922,21.486933],[39.252915,21.486929],[39.252907,21.486926],[39.2529,21.486922],[39.252895,21.486917],[39.25289,21.486913],[39.252885,21.486908],[39.252881,21.486903],[39.252877,21.486897],[39.252874,21.486892],[39.252871,21.486886],[39.252868,21.48688],[39.252866,21.486873],[39.252822,21.487137],[39.252826,21.487133],[39.25283,21.487129],[39.252834,21.487125],[39.252839,21.487121],[39.252844,21.487118],[39.252849,21.487115],[39.252854,21.487112],[39.25286,21.487109],[39.252865,21.487107],[39.252871,21.487106],[39.252877,21.487104],[39.252883,21.487103],[39.252889,21.487103],[39.252895,21.487103],[39.252901,21.487103],[39.25294,21.48711],[39.252943,21.48711],[39.252946,21.487111],[39.252948,21.487113],[39.252951,21.487114],[39.252954,21.487115],[39.252956,21.487117],[39.252958,21.487119],[39.25296,21.487121],[39.252962,21.487123],[39.252964,21.487125],[39.252966,21.487127],[39.252967,21.48713],[39.252969,21.487132],[39.25297,21.487135],[39.252971,21.487137],[39.252972,21.48714],[39.252972,21.487142],[39.252973,21.487145],[39.252973,21.487148],[39.252973,21.487151],[39.252973,21.487154],[39.252973,21.487156],[39.252972,21.487159],[39.252969,21.487178],[39.252968,21.48718],[39.252968,21.487181],[39.252967,21.487183],[39.252966,21.487184],[39.252965,21.487186],[39.252964,21.487187],[39.252963,21.487188],[39.252962,21.487189],[39.252961,21.487191],[39.252959,21.487192],[39.252958,21.487193],[39.252956,21.487193],[39.252955,21.487194],[39.252953,21.487195],[39.252952,21.487195],[39.25295,21.487196],[39.252948,21.487196],[39.252946,21.487196],[39.252945,21.487197],[39.252943,21.487197],[39.252941,21.487196],[39.252939,21.487196],[39.252938,21.487196],[39.252908,21.487191],[39.252839,21.487561],[39.252885,21.487569],[39.252886,21.487569],[39.252887,21.487569],[39.252887,21.48757],[39.252888,21.48757],[39.252888,21.48757],[39.252889,21.487571],[39.252889,21.487571],[39.25289,21.487571],[39.25289,21.487572],[39.25289,21.487572],[39.252891,21.487573],[39.252891,21.487573],[39.252891,21.487574],[39.252892,21.487574],[39.252892,21.487575],[39.252892,21.487577],[39.252893,21.487579],[39.252893,21.487581],[39.252894,21.487583],[39.252895,21.487585],[39.252896,21.487587],[39.252897,21.487589],[39.252899,21.48759],[39.2529,21.487592],[39.252902,21.487593],[39.252903,21.487595],[39.252905,21.487596],[39.252907,21.487597],[39.252909,21.487598],[39.252911,21.487599],[39.252913,21.4876],[39.252916,21.487601],[39.252959,21.487608],[39.252961,21.487609],[39.252962,21.48761],[39.252963,21.487611],[39.252965,21.487612],[39.252966,21.487613],[39.252967,21.487614],[39.252968,21.487616],[39.252969,21.487617],[39.252969,21.487618],[39.25297,21.48762],[39.252971,21.487621],[39.252971,21.487623],[39.252971,21.487624],[39.252972,21.487626],[39.252972,21.487628],[39.252964,21.487668]]]]},"properties":{"capacity":318.0,"subtype":1,"description":"CAR PARKING","branch":"السليمانية","area_sqm":13545.173,"parking_id":"NET_PARKING_LOTS-000043"}},{"type":"Feature","id":"NET_PARKING_LOTS-000044","geometry":{"type":"MultiPolygon","coordinates":[[[[39.255366,21.488077],[39.255403,21.487868],[39.25547,21.48788],[39.255472,21.487877],[39.255927,21.487954],[39.255938,21.4879],[39.255938,21.487899],[39.255939,21.487897],[39.255939,21.487896],[39.25594,21.487895],[39.255941,21.487894],[39.255942,21.487893],[39.255942,21.487892],[39.255943,21.487891],[39.255944,21.487891],[39.255945,21.48789],[39.255946,21.487889],[39.255948,21.487888],[39.255949,21.487888],[39.25595,21.487887],[39.255951,21.487887],[39.255952,21.487887],[39.255954,21.487886],[39.255955,21.487886],[39.255956,21.487886],[39.255958,21.487886],[39.255959,21.487886],[39.25596,21.487886],[39.255961,21.487887],[39.255998,21.487894],[39.256075,21.487492],[39.256023,21.487484],[39.256013,21.487481],[39.256007,21.487477],[39.25596,21.487429],[39.255837,21.487409],[39.255537,21.48736],[39.255457,21.487414],[39.255395,21.48774],[39.255424,21.487779],[39.255366,21.487769],[39.255292,21.488161],[39.255299,21.488158],[39.255306,21.488155],[39.255313,21.488151],[39.25532,21.488147],[39.255326,21.488142],[39.255332,21.488137],[39.255338,21.488131],[39.255343,21.488125],[39.255348,21.488119],[39.255352,21.488113],[39.255356,21.488106],[39.255359,21.488099],[39.255362,21.488092],[39.255364,21.488085],[39.255366,21.488077]]]]},"properties":{"capacity":170.0,"subtype":1,"description":"CAR PARKING","branch":"السليمانية","area_sqm":3799.912,"parking_id":"NET_PARKING_LOTS-000044"}},{"type":"Feature","id":"NET_PARKING_LOTS-000045","geometry":{"type":"MultiPolygon","coordinates":[[[[39.257137,21.491134],[39.257128,21.491076],[39.2569,21.491104],[39.256908,21.491162],[39.256891,21.491178],[39.256894,21.491196],[39.256915,21.491212],[39.257143,21.491184],[39.257137,21.491134]]]]},"properties":{"capacity":18.0,"subtype":1,"description":"PARKING SHED CONCRETE","branch":"السليمانية","area_sqm":295.934,"parking_id":"NET_PARKING_LOTS-000045"}},{"type":"Feature","id":"NET_PARKING_LOTS-000046","geometry":{"type":"MultiPolygon","coordinates":[[[[39.257149,21.491787],[39.257124,21.491628],[39.256952,21.491649],[39.25696,21.491705],[39.256945,21.491721],[39.256947,21.49174],[39.256969,21.491755],[39.256976,21.491808],[39.257149,21.491787]]]]},"properties":{"capacity":26.0,"subtype":1,"description":"PARKING SHED CONCRETE","branch":"السليمانية","area_sqm":328.004,"parking_id":"NET_PARKING_LOTS-000046"}},{"type":"Feature","id":"NET_PARKING_LOTS-000047","geometry":{"type":"MultiPolygon","coordinates":[[[[39.256067,21.489009],[39.256047,21.488993],[39.256038,21.488937],[39.255867,21.488958],[39.255882,21.489066],[39.256055,21.489045],[39.25607,21.489026],[39.256067,21.489009]]]]},"properties":{"capacity":14.0,"subtype":1,"description":"PARKING SHED CONCRETE","branch":"السليمانية","area_sqm":223.886,"parking_id":"NET_PARKING_LOTS-000047"}},{"type":"Feature","id":"NET_PARKING_LOTS-000048","geometry":{"type":"MultiPolygon","coordinates":[[[[39.255998,21.488507],[39.255995,21.48849],[39.255976,21.488475],[39.255968,21.488421],[39.255794,21.488443],[39.25581,21.488549],[39.255983,21.488527],[39.255998,21.488507]]]]},"properties":{"capacity":14.0,"subtype":1,"description":"PARKING SHED CONCRETE","branch":"السليمانية","area_sqm":221.85,"parking_id":"NET_PARKING_LOTS-000048"}},{"type":"Feature","id":"NET_PARKING_LOTS-000049","geometry":{"type":"MultiPolygon","coordinates":[[[[39.258522,21.489912],[39.258499,21.489748],[39.258387,21.489762],[39.258331,21.489769],[39.258354,21.489933],[39.25841,21.489926],[39.25843,21.48994],[39.25845,21.489937],[39.258464,21.489919],[39.258522,21.489912]]]]},"properties":{"capacity":28.0,"subtype":1,"description":"PARKING SHED CONCRETE","branch":"السليمانية","area_sqm":327.472,"parking_id":"NET_PARKING_LOTS-000049"}},{"type":"Feature","id":"NET_PARKING_LOTS-000050","geometry":{"type":"MultiPolygon","coordinates":[[[[39.257197,21.487863],[39.257194,21.487844],[39.257194,21.487844],[39.257187,21.48779],[39.256899,21.487825],[39.256907,21.487881],[39.256888,21.487901],[39.256891,21.48792],[39.256913,21.487934],[39.25692,21.487987],[39.257209,21.487951],[39.257197,21.487863]]]]},"properties":{"capacity":44.0,"subtype":1,"description":"PARKING SHED CONCRETE","branch":"السليمانية","area_sqm":551.589,"parking_id":"NET_PARKING_LOTS-000050"}},{"type":"Feature","id":"NET_PARKING_LOTS-000051","geometry":{"type":"MultiPolygon","coordinates":[[[[39.256501,21.487685],[39.256498,21.487669],[39.256478,21.487653],[39.25647,21.487599],[39.256282,21.487622],[39.256289,21.487674],[39.256285,21.487674],[39.256293,21.487726],[39.256293,21.487725],[39.256294,21.487725],[39.256294,21.487725],[39.256295,21.487725],[39.256295,21.487725],[39.256296,21.487725],[39.256297,21.487725],[39.256305,21.487783],[39.256493,21.48776],[39.256485,21.487705],[39.256501,21.487685]]]]},"properties":{"capacity":28.0,"subtype":1,"description":"PARKING SHED CONCRETE","branch":"السليمانية","area_sqm":361.433,"parking_id":"NET_PARKING_LOTS-000051"}},{"type":"Feature","id":"NET_PARKING_LOTS-000052","geometry":{"type":"MultiPolygon","coordinates":[[[[39.260387,21.489408],[39.260364,21.489246],[39.260195,21.489266],[39.260217,21.489429],[39.260275,21.489422],[39.260295,21.489436],[39.260315,21.489433],[39.260331,21.489415],[39.260387,21.489408]]]]},"properties":{"capacity":28.0,"subtype":1,"description":"PARKING SHED CONCRETE","branch":"السليمانية","area_sqm":328.293,"parking_id":"NET_PARKING_LOTS-000052"}},{"type":"Feature","id":"NET_PARKING_LOTS-000053","geometry":{"type":"MultiPolygon","coordinates":[[[[39.260453,21.489879],[39.260432,21.489725],[39.260373,21.489732],[39.260353,21.489719],[39.260335,21.489721],[39.260319,21.489739],[39.260259,21.489746],[39.260282,21.489907],[39.260341,21.4899],[39.26034,21.489886],[39.260394,21.48988],[39.260396,21.489893],[39.260445,21.489887],[39.260447,21.489886],[39.260448,21.489885],[39.260449,21.489884],[39.26045,21.489883],[39.260451,21.489882],[39.260452,21.489881],[39.260453,21.489879]]]]},"properties":{"capacity":28.0,"subtype":1,"description":"PARKING SHED CONCRETE","branch":"السليمانية","area_sqm":321.68,"parking_id":"NET_PARKING_LOTS-000053"}},{"type":"Feature","id":"NET_PARKING_LOTS-000054","geometry":{"type":"MultiPolygon","coordinates":[[[[39.259523,21.48978],[39.259515,21.489726],[39.2595,21.489728],[39.259416,21.489738],[39.259414,21.489738],[39.259412,21.489739],[39.25941,21.489739],[39.259408,21.48974],[39.259406,21.489741],[39.259404,21.489742],[39.259403,21.489743],[39.259401,21.489744],[39.2594,21.489745],[39.259398,21.489747],[39.259397,21.489748],[39.259396,21.489749],[39.259394,21.489751],[39.259393,21.489753],[39.259393,21.489754],[39.259392,21.489756],[39.259391,21.489758],[39.259391,21.48976],[39.25939,21.489762],[39.25939,21.489764],[39.25939,21.489765],[39.25939,21.489767],[39.25939,21.489769],[39.259393,21.489792],[39.259394,21.489793],[39.259394,21.489795],[39.259394,21.489796],[39.259393,21.489798],[39.259393,21.489799],[39.259393,21.489801],[39.259392,21.489802],[39.259392,21.489804],[39.259391,21.489805],[39.25939,21.489806],[39.259389,21.489808],[39.259388,21.489809],[39.259387,21.48981],[39.259386,21.489811],[39.259385,21.489812],[39.259383,21.489813],[39.259382,21.489814],[39.259381,21.489815],[39.259379,21.489815],[39.259378,21.489816],[39.259376,21.489816],[39.259375,21.489817],[39.259373,21.489817],[39.259339,21.489821],[39.25936,21.489981],[39.259394,21.489976],[39.259396,21.489976],[39.259397,21.489976],[39.259399,21.489976],[39.2594,21.489976],[39.259402,21.489977],[39.259403,21.489977],[39.259405,21.489978],[39.259406,21.489978],[39.259408,21.489979],[39.259409,21.489979],[39.25941,21.48998],[39.259412,21.489981],[39.259413,21.489982],[39.259414,21.489983],[39.259415,21.489984],[39.259416,21.489985],[39.259417,21.489987],[39.259418,21.489988],[39.259418,21.489989],[39.259419,21.489991],[39.259419,21.489992],[39.25942,21.489994],[39.25942,21.489995],[39.259424,21.490027],[39.259425,21.490028],[39.259425,21.49003],[39.259425,21.490031],[39.259426,21.490033],[39.259427,21.490034],[39.259427,21.490035],[39.259428,21.490036],[39.259429,21.490038],[39.25943,21.490039],[39.259431,21.49004],[39.259433,21.490041],[39.259434,21.490042],[39.259435,21.490042],[39.259436,21.490043],[39.259438,21.490044],[39.259439,21.490044],[39.259441,21.490045],[39.259442,21.490045],[39.259444,21.490045],[39.259445,21.490046],[39.259447,21.490046],[39.259449,21.490046],[39.25945,21.490045],[39.259543,21.490034],[39.259558,21.490032],[39.259551,21.489978],[39.259497,21.489985],[39.259496,21.489985],[39.259494,21.489985],[39.259493,21.489985],[39.259492,21.489985],[39.25949,21.489985],[39.259489,21.489985],[39.259488,21.489985],[39.259486,21.489984],[39.259485,21.489984],[39.259484,21.489983],[39.259483,21.489983],[39.259482,21.489982],[39.259481,21.489981],[39.25948,21.48998],[39.259479,21.489979],[39.259478,21.489979],[39.259477,21.489978],[39.259476,21.489976],[39.259475,21.489975],[39.259475,21.489974],[39.259474,21.489973],[39.259474,21.489972],[39.259474,21.489971],[39.259473,21.489969],[39.259473,21.489968],[39.259533,21.489961],[39.25951,21.4898],[39.259453,21.489807],[39.259452,21.489806],[39.259452,21.489805],[39.259452,21.489804],[39.259452,21.489803],[39.259452,21.489802],[39.259452,21.4898],[39.259453,21.489799],[39.259453,21.489798],[39.259453,21.489797],[39.259454,21.489796],[39.259454,21.489795],[39.259455,21.489794],[39.259456,21.489793],[39.259457,21.489792],[39.259457,21.489791],[39.259458,21.489791],[39.259459,21.48979],[39.25946,21.489789],[39.259461,21.489789],[39.259462,21.489788],[39.259463,21.489788],[39.259465,21.489787],[39.259466,21.489787],[39.259467,21.489787],[39.259468,21.489787],[39.259523,21.48978]]]]},"properties":{"capacity":28.0,"subtype":1,"description":"PARKING SHED CONCRETE","branch":"السليمانية","area_sqm":509.553,"parking_id":"NET_PARKING_LOTS-000054"}},{"type":"Feature","id":"NET_PARKING_LOTS-000055","geometry":{"type":"MultiPolygon","coordinates":[[[[39.258435,21.490598],[39.258394,21.490305],[39.258334,21.490312],[39.258312,21.490295],[39.258293,21.490298],[39.258278,21.490317],[39.258219,21.490323],[39.25826,21.49062],[39.258435,21.490598]]]]},"properties":{"capacity":48.0,"subtype":1,"description":"PARKING SHED CONCRETE","branch":"السليمانية","area_sqm":608.305,"parking_id":"NET_PARKING_LOTS-000055"}},{"type":"Feature","id":"NET_PARKING_LOTS-000056","geometry":{"type":"MultiPolygon","coordinates":[[[[39.258917,21.490539],[39.259086,21.490518],[39.259063,21.490356],[39.259007,21.490362],[39.258986,21.490348],[39.258968,21.49035],[39.258952,21.490371],[39.258895,21.490378],[39.258917,21.490539]]]]},"properties":{"capacity":28.0,"subtype":1,"description":"PARKING SHED CONCRETE","branch":"السليمانية","area_sqm":325.999,"parking_id":"NET_PARKING_LOTS-000056"}},{"type":"Feature","id":"NET_PARKING_LOTS-000057","geometry":{"type":"MultiPolygon","coordinates":[[[[39.257775,21.490679],[39.257753,21.490517],[39.257697,21.490524],[39.257676,21.490511],[39.257658,21.490513],[39.257643,21.490534],[39.257584,21.490541],[39.257606,21.4907],[39.257775,21.490679]]]]},"properties":{"capacity":28.0,"subtype":1,"description":"PARKING SHED CONCRETE","branch":"السليمانية","area_sqm":324.474,"parking_id":"NET_PARKING_LOTS-000057"}},{"type":"Feature","id":"NET_PARKING_LOTS-000058","geometry":{"type":"MultiPolygon","coordinates":[[[[39.25704,21.489862],[39.257045,21.489898],[39.256986,21.489905],[39.25704,21.490286],[39.257077,21.490311],[39.25718,21.490298],[39.257211,21.490265],[39.257169,21.489966],[39.25711,21.489973],[39.257099,21.489886],[39.25704,21.489862]]]]},"properties":{"capacity":56.0,"subtype":1,"description":"PARKING SHED CONCRETE","branch":"السليمانية","area_sqm":764.896,"parking_id":"NET_PARKING_LOTS-000058"}},{"type":"Feature","id":"NET_PARKING_LOTS-000059","geometry":{"type":"MultiPolygon","coordinates":[[[[39.257868,21.489991],[39.257845,21.489831],[39.257734,21.489844],[39.257673,21.489852],[39.257695,21.490013],[39.257757,21.490005],[39.257778,21.490021],[39.257795,21.490019],[39.25781,21.489999],[39.257868,21.489991]]]]},"properties":{"capacity":28.0,"subtype":1,"description":"PARKING SHED CONCRETE","branch":"السليمانية","area_sqm":330.817,"parking_id":"NET_PARKING_LOTS-000059"}},{"type":"Feature","id":"NET_PARKING_LOTS-000060","geometry":{"type":"MultiPolygon","coordinates":[[[[39.253266,21.490363],[39.253251,21.490352],[39.253205,21.490358],[39.25313,21.490304],[39.25307,21.48988],[39.253175,21.489867],[39.253192,21.489847],[39.253184,21.489793],[39.253167,21.48978],[39.253106,21.489788],[39.253122,21.489767],[39.253181,21.48976],[39.253158,21.489598],[39.252986,21.48962],[39.253009,21.489781],[39.253011,21.489781],[39.253113,21.490452],[39.25326,21.490434],[39.253274,21.49042],[39.253266,21.490363]]]]},"properties":{"capacity":46.0,"subtype":1,"description":"PARKING SHED CONCRETE","branch":"السليمانية","area_sqm":919.123,"parking_id":"NET_PARKING_LOTS-000060"}},{"type":"Feature","id":"NET_PARKING_LOTS-000061","geometry":{"type":"MultiPolygon","coordinates":[[[[39.253303,21.490615],[39.25328,21.490454],[39.253223,21.490461],[39.2532,21.490444],[39.253181,21.490447],[39.253162,21.490468],[39.253109,21.490475],[39.253131,21.490636],[39.253303,21.490615]]]]},"properties":{"capacity":28.0,"subtype":1,"description":"PARKING SHED CONCRETE","branch":"السليمانية","area_sqm":330.69,"parking_id":"NET_PARKING_LOTS-000061"}},{"type":"Feature","id":"NET_PARKING_LOTS-000062","geometry":{"type":"MultiPolygon","coordinates":[[[[39.254051,21.489376],[39.254049,21.489356],[39.254028,21.489343],[39.25402,21.48929],[39.253734,21.489325],[39.253758,21.489485],[39.254043,21.48945],[39.254035,21.489397],[39.254051,21.489376]]]]},"properties":{"capacity":44.0,"subtype":1,"description":"CAR PARKING TENT","branch":"السليمانية","area_sqm":543.486,"parking_id":"NET_PARKING_LOTS-000062"}},{"type":"Feature","id":"NET_PARKING_LOTS-000063","geometry":{"type":"MultiPolygon","coordinates":[[[[39.254534,21.489508],[39.254495,21.489457],[39.254492,21.489458],[39.254489,21.48946],[39.254485,21.489461],[39.254482,21.489461],[39.254478,21.489462],[39.254475,21.489462],[39.254471,21.489462],[39.254413,21.48947],[39.254458,21.48979],[39.254517,21.489783],[39.254534,21.489797],[39.254556,21.489795],[39.254572,21.489776],[39.254631,21.489769],[39.254597,21.489526],[39.254538,21.489534],[39.254535,21.489512],[39.254535,21.489512],[39.254534,21.489511],[39.254534,21.489511],[39.254534,21.48951],[39.254534,21.489509],[39.254534,21.489509],[39.254534,21.489508]]]]},"properties":{"capacity":46.0,"subtype":1,"description":"PARKING SHED CONCRETE","branch":"السليمانية","area_sqm":591.035,"parking_id":"NET_PARKING_LOTS-000063"}},{"type":"Feature","id":"NET_PARKING_LOTS-000064","geometry":{"type":"MultiPolygon","coordinates":[[[[39.254133,21.489959],[39.25413,21.489939],[39.254111,21.489925],[39.254103,21.489871],[39.253815,21.489907],[39.253823,21.489963],[39.253832,21.490016],[39.253831,21.490016],[39.253838,21.490067],[39.254126,21.490031],[39.254119,21.489978],[39.254133,21.489959]]]]},"properties":{"capacity":44.0,"subtype":1,"description":"CAR PARKING TENT","branch":"السليمانية","area_sqm":544.731,"parking_id":"NET_PARKING_LOTS-000064"}},{"type":"Feature","id":"NET_PARKING_LOTS-000065","geometry":{"type":"MultiPolygon","coordinates":[[[[39.254522,21.490461],[39.254477,21.490142],[39.254417,21.490149],[39.254397,21.490132],[39.254378,21.490134],[39.254363,21.490156],[39.254302,21.490164],[39.254347,21.490485],[39.254522,21.490461]]]]},"properties":{"capacity":52.0,"subtype":1,"description":"PARKING SHED CONCRETE","branch":"السليمانية","area_sqm":661.675,"parking_id":"NET_PARKING_LOTS-000065"}},{"type":"Feature","id":"NET_PARKING_LOTS-000066","geometry":{"type":"MultiPolygon","coordinates":[[[[39.255218,21.48967],[39.255195,21.489508],[39.255082,21.489522],[39.255105,21.489685],[39.255163,21.489678],[39.255189,21.489692],[39.255204,21.48969],[39.255218,21.48967]]]]},"properties":{"capacity":14.0,"subtype":1,"description":"PARKING SHED CONCRETE","branch":"السليمانية","area_sqm":221.731,"parking_id":"NET_PARKING_LOTS-000066"}},{"type":"Feature","id":"NET_PARKING_LOTS-000067","geometry":{"type":"MultiPolygon","coordinates":[[[[39.255686,21.48978],[39.255746,21.489773],[39.255768,21.489788],[39.255864,21.489776],[39.255815,21.489431],[39.255641,21.489453],[39.255686,21.48978]]]]},"properties":{"capacity":28.0,"subtype":1,"description":"PARKING SHED CONCRETE","branch":"السليمانية","area_sqm":688.994,"parking_id":"NET_PARKING_LOTS-000067"}},{"type":"Feature","id":"NET_PARKING_LOTS-000068","geometry":{"type":"MultiPolygon","coordinates":[[[[39.255662,21.490324],[39.255833,21.490303],[39.255806,21.490111],[39.255747,21.490118],[39.25573,21.490104],[39.255707,21.490106],[39.255691,21.490125],[39.255634,21.490132],[39.255662,21.490324]]]]},"properties":{"capacity":32.0,"subtype":1,"description":"PARKING SHED CONCRETE","branch":"السليمانية","area_sqm":393.024,"parking_id":"NET_PARKING_LOTS-000068"}},{"type":"Feature","id":"NET_PARKING_LOTS-000069","geometry":{"type":"MultiPolygon","coordinates":[[[[39.254975,21.490214],[39.255002,21.490405],[39.255176,21.490385],[39.255149,21.490193],[39.255091,21.4902],[39.255071,21.490185],[39.255053,21.490188],[39.255037,21.490206],[39.254975,21.490214]]]]},"properties":{"capacity":32.0,"subtype":1,"description":"PARKING SHED CONCRETE","branch":"السليمانية","area_sqm":394.116,"parking_id":"NET_PARKING_LOTS-000069"}},{"type":"Feature","id":"NET_PARKING_LOTS-000070","geometry":{"type":"MultiPolygon","coordinates":[[[[39.256096,21.490498],[39.256327,21.49047],[39.256319,21.490416],[39.256337,21.490396],[39.256334,21.490378],[39.256312,21.490364],[39.256304,21.490308],[39.256046,21.490339],[39.256062,21.490448],[39.256065,21.490447],[39.256069,21.490446],[39.256073,21.490445],[39.256077,21.490444],[39.256081,21.490444],[39.256084,21.490444],[39.256088,21.490444],[39.256096,21.490498]]]]},"properties":{"capacity":38.0,"subtype":1,"description":"PARKING SHED CONCRETE","branch":"السليمانية","area_sqm":479.289,"parking_id":"NET_PARKING_LOTS-000070"}},{"type":"Feature","id":"NET_PARKING_LOTS-000071","geometry":{"type":"MultiPolygon","coordinates":[[[[39.257632,21.490883],[39.257609,21.490722],[39.257206,21.490771],[39.257214,21.490825],[39.257196,21.490846],[39.257199,21.490863],[39.257221,21.490879],[39.257229,21.490933],[39.257632,21.490883]]]]},"properties":{"capacity":64.0,"subtype":1,"description":"CAR PARKING TENT","branch":"السليمانية","area_sqm":765.395,"parking_id":"NET_PARKING_LOTS-000071"}},{"type":"Feature","id":"NET_PARKING_LOTS-000072","geometry":{"type":"MultiPolygon","coordinates":[[[[39.256549,21.491623],[39.25654,21.491567],[39.256223,21.491606],[39.256246,21.491766],[39.256562,21.491727],[39.256556,21.491673],[39.256573,21.491654],[39.25657,21.491635],[39.256549,21.491623]]]]},"properties":{"capacity":48.0,"subtype":1,"description":"PARKING SHED CONCRETE","branch":"السليمانية","area_sqm":600.024,"parking_id":"NET_PARKING_LOTS-000072"}},{"type":"Feature","id":"NET_PARKING_LOTS-000073","geometry":{"type":"MultiPolygon","coordinates":[[[[39.25647,21.492228],[39.256487,21.492209],[39.256484,21.49219],[39.256463,21.492175],[39.256306,21.492194],[39.256321,21.492301],[39.256478,21.492282],[39.25647,21.492228]]]]},"properties":{"capacity":12.0,"subtype":1,"description":"PARKING SHED CONCRETE","branch":"السليمانية","area_sqm":204.046,"parking_id":"NET_PARKING_LOTS-000073"}},{"type":"Feature","id":"NET_PARKING_LOTS-000074","geometry":{"type":"MultiPolygon","coordinates":[[[[39.254363,21.488786],[39.254356,21.488735],[39.254358,21.488734],[39.254361,21.488734],[39.254364,21.488734],[39.254367,21.488734],[39.25437,21.488734],[39.254372,21.488735],[39.254375,21.488736],[39.254378,21.488737],[39.25438,21.488738],[39.254383,21.488739],[39.254385,21.48874],[39.254387,21.488742],[39.25439,21.488743],[39.254392,21.488745],[39.254394,21.488747],[39.254395,21.488749],[39.254397,21.488751],[39.254399,21.488753],[39.2544,21.488756],[39.254401,21.488758],[39.254402,21.488761],[39.254387,21.488654],[39.254385,21.488657],[39.254384,21.488659],[39.254382,21.488662],[39.25438,21.488665],[39.254378,21.488667],[39.254375,21.488669],[39.254373,21.488671],[39.25437,21.488673],[39.254367,21.488675],[39.254364,21.488677],[39.254361,21.488678],[39.254358,21.48868],[39.254355,21.488681],[39.254352,21.488682],[39.254348,21.488682],[39.253833,21.488746],[39.253831,21.488746],[39.25383,21.488747],[39.253828,21.488748],[39.253826,21.48875],[39.253825,21.488751],[39.253823,21.488752],[39.253822,21.488754],[39.253821,21.488755],[39.25382,21.488757],[39.253819,21.488758],[39.253818,21.48876],[39.253817,21.488762],[39.253816,21.488764],[39.253816,21.488765],[39.253816,21.488767],[39.253815,21.488769],[39.253815,21.488771],[39.253815,21.488773],[39.253816,21.488775],[39.253816,21.488777],[39.253816,21.488779],[39.253817,21.48878],[39.253818,21.488782],[39.253819,21.488784],[39.25382,21.488786],[39.253821,21.488787],[39.253822,21.488789],[39.253824,21.48879],[39.253825,21.488791],[39.253826,21.488793],[39.253828,21.488794],[39.25383,21.488795],[39.253832,21.488796],[39.253833,21.488796],[39.253835,21.488797],[39.253837,21.488798],[39.253839,21.488798],[39.253839,21.488798],[39.253839,21.488798],[39.25384,21.488798],[39.25384,21.488798],[39.25384,21.488798],[39.25384,21.488798],[39.25384,21.488798],[39.25384,21.488798],[39.25384,21.488798],[39.25384,21.488798],[39.25384,21.488799],[39.25384,21.488799],[39.25384,21.488799],[39.25384,21.488799],[39.25384,21.488799],[39.25384,21.488799],[39.25384,21.488799],[39.25384,21.488799],[39.25384,21.488799],[39.25384,21.488799],[39.25384,21.488799],[39.25384,21.4888],[39.25384,21.4888],[39.25384,21.4888],[39.25384,21.4888],[39.25384,21.4888],[39.25384,21.4888],[39.25384,21.4888],[39.25384,21.4888],[39.25384,21.4888],[39.25384,21.4888],[39.25384,21.4888],[39.25384,21.4888],[39.25384,21.4888],[39.25384,21.488801],[39.25384,21.488801],[39.25384,21.488801],[39.253839,21.488801],[39.253839,21.488801],[39.253839,21.488801],[39.253839,21.488801],[39.253816,21.488804],[39.253822,21.488853],[39.254363,21.488786]]]]},"properties":{"capacity":42.0,"subtype":1,"description":"PARKING SHED CONCRETE","branch":"السليمانية","area_sqm":680.522,"parking_id":"NET_PARKING_LOTS-000074"}},{"type":"Feature","id":"NET_PARKING_LOTS-000075","geometry":{"type":"MultiPolygon","coordinates":[[[[39.252964,21.487668],[39.253306,21.487728],[39.253315,21.487681],[39.253315,21.487681],[39.253315,21.48768],[39.253315,21.48768],[39.253316,21.48768],[39.253316,21.48768],[39.253316,21.487679],[39.253316,21.487679],[39.253316,21.487679],[39.253317,21.487679],[39.253317,21.487679],[39.253317,21.487678],[39.253317,21.487678],[39.253318,21.487678],[39.253318,21.487678],[39.253318,21.487678],[39.253319,21.487678],[39.253319,21.487678],[39.253319,21.487678],[39.25332,21.487678],[39.25332,21.487678],[39.25332,21.487678],[39.253321,21.487678],[39.253321,21.487678],[39.253321,21.487678],[39.253322,21.487678],[39.253323,21.487679],[39.253325,21.487679],[39.253326,21.48768],[39.253327,21.487681],[39.253329,21.487682],[39.25333,21.487682],[39.253331,21.487683],[39.253332,21.487685],[39.253333,21.487686],[39.253334,21.487687],[39.253335,21.487688],[39.253336,21.487689],[39.253336,21.487691],[39.253337,21.487692],[39.253337,21.487694],[39.253338,21.487695],[39.253338,21.487697],[39.253338,21.487698],[39.253338,21.4877],[39.253338,21.487701],[39.253337,21.487703],[39.253327,21.487756],[39.253326,21.4878],[39.253326,21.4878],[39.253326,21.487801],[39.253326,21.487801],[39.253326,21.487802],[39.253326,21.487802],[39.253326,21.487803],[39.253326,21.487803],[39.253326,21.487803],[39.253325,21.487804],[39.253325,21.487804],[39.253325,21.487805],[39.253325,21.487805],[39.253324,21.487805],[39.253324,21.487806],[39.253324,21.487806],[39.253323,21.487806],[39.253323,21.487806],[39.253322,21.487807],[39.253322,21.487807],[39.253321,21.487807],[39.253321,21.487807],[39.253232,21.487829],[39.253233,21.487775],[39.2529,21.487715],[39.2529,21.487759],[39.2529,21.48776],[39.2529,21.487761],[39.2529,21.487761],[39.252899,21.487762],[39.252899,21.487763],[39.252899,21.487764],[39.252898,21.487764],[39.252898,21.487765],[39.252897,21.487766],[39.252896,21.487766],[39.252896,21.487767],[39.252895,21.487767],[39.252894,21.487768],[39.252894,21.487768],[39.252893,21.487768],[39.252892,21.487769],[39.252891,21.487769],[39.25289,21.487769],[39.252889,21.487769],[39.252842,21.487768],[39.25284,21.487933],[39.25284,21.487967],[39.252838,21.488119],[39.252838,21.488124],[39.252838,21.488147],[39.252837,21.488285],[39.252882,21.488286],[39.252882,21.488286],[39.252883,21.488285],[39.252884,21.488285],[39.252884,21.488285],[39.252885,21.488285],[39.252886,21.488285],[39.252886,21.488285],[39.252887,21.488286],[39.252888,21.488286],[39.252888,21.488286],[39.252889,21.488286],[39.25289,21.488286],[39.25289,21.488287],[39.252891,21.488287],[39.252891,21.488288],[39.252892,21.488288],[39.252892,21.488289],[39.252893,21.488289],[39.252893,21.48829],[39.252893,21.48829],[39.252894,21.488291],[39.252894,21.488291],[39.252894,21.488292],[39.252894,21.488293],[39.252895,21.488293],[39.252895,21.488294],[39.252895,21.488295],[39.252895,21.488295],[39.252895,21.488296],[39.252894,21.488297],[39.252894,21.488297],[39.252893,21.488341],[39.253113,21.488305],[39.253235,21.488285],[39.253235,21.488239],[39.253236,21.488238],[39.253236,21.488238],[39.253236,21.488237],[39.253236,21.488237],[39.253236,21.488236],[39.253237,21.488236],[39.253237,21.488235],[39.253237,21.488235],[39.253238,21.488234],[39.253238,21.488234],[39.253239,21.488234],[39.253239,21.488233],[39.25324,21.488233],[39.25324,21.488233],[39.253241,21.488233],[39.253241,21.488232],[39.253242,21.488232],[39.253242,21.488232],[39.253243,21.488232],[39.253244,21.488232],[39.253244,21.488232],[39.253245,21.488232],[39.253245,21.488232],[39.253246,21.488232],[39.253247,21.488232],[39.253247,21.488232],[39.253248,21.488233],[39.253336,21.488252],[39.25334,21.488256],[39.253361,21.48834],[39.253366,21.488358],[39.253366,21.488359],[39.253366,21.48836],[39.253366,21.488361],[39.253366,21.488362],[39.253366,21.488364],[39.253366,21.488365],[39.253366,21.488366],[39.253365,21.488367],[39.253365,21.488368],[39.253364,21.488369],[39.253364,21.48837],[39.253363,21.488371],[39.253362,21.488372],[39.253362,21.488373],[39.253361,21.488374],[39.25336,21.488375],[39.253359,21.488376],[39.253358,21.488376],[39.253357,21.488377],[39.253356,21.488377],[39.253354,21.488378],[39.25343,21.48841],[39.253446,21.488367],[39.253447,21.488362],[39.253447,21.488358],[39.253447,21.488353],[39.253447,21.488349],[39.253447,21.488344],[39.253446,21.48834],[39.253446,21.488335],[39.253426,21.488231],[39.253413,21.487894],[39.253401,21.48783],[39.253401,21.487788],[39.253416,21.487711],[39.253417,21.48771],[39.253417,21.487709],[39.253418,21.487708],[39.253419,21.487707],[39.25342,21.487706],[39.25342,21.487705],[39.253421,21.487705],[39.253422,21.487704],[39.253423,21.487703],[39.253425,21.487702],[39.253426,21.487702],[39.253427,21.487701],[39.253428,21.487701],[39.253429,21.487701],[39.253431,21.4877],[39.253432,21.4877],[39.253433,21.4877],[39.253434,21.4877],[39.253436,21.4877],[39.253437,21.4877],[39.253438,21.4877],[39.25344,21.487701],[39.253441,21.487701],[39.253432,21.48775],[39.253606,21.48778],[39.253617,21.487723],[39.253618,21.487722],[39.253619,21.487721],[39.25362,21.48772],[39.25362,21.487719],[39.253621,21.487718],[39.253622,21.487717],[39.253623,21.487717],[39.253624,21.487716],[39.253626,21.487716],[39.253627,21.487715],[39.253628,21.487715],[39.253629,21.487714],[39.25363,21.487714],[39.253632,21.487714],[39.253633,21.487714],[39.253634,21.487714],[39.253635,21.487714],[39.253637,21.487713],[39.253638,21.487712],[39.25364,21.487712],[39.253641,21.487711],[39.253643,21.48771],[39.253644,21.487709],[39.253645,21.487707],[39.253646,21.487706],[39.253647,21.487705],[39.253648,21.487704],[39.253648,21.487702],[39.253649,21.487701],[39.253649,21.487699],[39.253649,21.487698],[39.25365,21.487698],[39.25365,21.487697],[39.25365,21.487696],[39.25365,21.487695],[39.25365,21.487695],[39.253651,21.487694],[39.253651,21.487693],[39.253652,21.487693],[39.253652,21.487692],[39.253653,21.487691],[39.253653,21.487691],[39.253654,21.48769],[39.253655,21.48769],[39.253655,21.487689],[39.253656,21.487689],[39.253657,21.487689],[39.253662,21.487689],[39.253708,21.487696],[39.253778,21.48732],[39.25374,21.487314],[39.253738,21.487313],[39.253737,21.487313],[39.253736,21.487312],[39.253734,21.487311],[39.253733,21.48731],[39.253732,21.487309],[39.253731,21.487308],[39.25373,21.487307],[39.253729,21.487306],[39.253728,21.487305],[39.253727,21.487304],[39.253727,21.487303],[39.253726,21.487301],[39.253726,21.4873],[39.253725,21.487299],[39.253725,21.487297],[39.253725,21.487296],[39.253725,21.487295],[39.253725,21.487293],[39.253728,21.487279],[39.25373,21.487275],[39.253731,21.487273],[39.253733,21.48727],[39.253734,21.487267],[39.253736,21.487265],[39.253738,21.487263],[39.253741,21.487261],[39.253743,21.487259],[39.253746,21.487257],[39.253748,21.487255],[39.253751,21.487254],[39.253754,21.487252],[39.253757,21.487251],[39.25376,21.48725],[39.253763,21.48725],[39.253766,21.487249],[39.25377,21.487249],[39.253773,21.487249],[39.253776,21.487249],[39.253779,21.487249],[39.253917,21.487272],[39.253921,21.487273],[39.253923,21.487275],[39.253949,21.487303],[39.254209,21.487346],[39.254233,21.487327],[39.254238,21.487326],[39.254357,21.487346],[39.254357,21.487346],[39.254357,21.487346],[39.254358,21.487346],[39.254358,21.487346],[39.254359,21.487347],[39.254359,21.487347],[39.25436,21.487347],[39.25436,21.487347],[39.25436,21.487348],[39.254361,21.487348],[39.254361,21.487348],[39.254361,21.487349],[39.254361,21.487349],[39.254362,21.48735],[39.254362,21.48735],[39.254362,21.48735],[39.254362,21.487351],[39.254362,21.487351],[39.254362,21.487352],[39.254362,21.487352],[39.254362,21.487353],[39.254363,21.487361],[39.254261,21.487888],[39.254261,21.487888],[39.254261,21.487889],[39.254261,21.487889],[39.254261,21.487889],[39.254261,21.487889],[39.254261,21.48789],[39.254261,21.48789],[39.254261,21.48789],[39.254261,21.48789],[39.254261,21.48789],[39.254262,21.487891],[39.254262,21.487891],[39.254262,21.487891],[39.254262,21.487891],[39.254262,21.487891],[39.254262,21.487892],[39.254263,21.487892],[39.254263,21.487892],[39.254263,21.487892],[39.254263,21.487892],[39.254263,21.487892],[39.254264,21.487892],[39.254264,21.487892],[39.254264,21.487892],[39.254264,21.487892],[39.254265,21.487892],[39.254265,21.487892],[39.254265,21.487892],[39.254265,21.487892],[39.254266,21.487892],[39.254266,21.487892],[39.254457,21.487924],[39.254472,21.48784],[39.25436,21.487821],[39.254359,21.48782],[39.254358,21.48782],[39.254358,21.48782],[39.254357,21.48782],[39.254356,21.487819],[39.254355,21.487819],[39.254355,21.487818],[39.254354,21.487818],[39.254354,21.487817],[39.254353,21.487817],[39.254353,21.487816],[39.254352,21.487816],[39.254352,21.487815],[39.254351,21.487814],[39.254351,21.487814],[39.254351,21.487813],[39.254351,21.487812],[39.25435,21.487811],[39.25435,21.487811],[39.25435,21.48781],[39.25435,21.487809],[39.25435,21.487809],[39.25435,21.487808],[39.254351,21.487807],[39.254351,21.487806],[39.254413,21.487483],[39.254413,21.487483],[39.254413,21.487482],[39.254413,21.487482],[39.254414,21.487481],[39.254414,21.487481],[39.254414,21.48748],[39.254414,21.48748],[39.254415,21.48748],[39.254415,21.487479],[39.254416,21.487479],[39.254416,21.487479],[39.254417,21.487478],[39.254417,21.487478],[39.254417,21.487478],[39.254418,21.487478],[39.254418,21.487477],[39.254419,21.487477],[39.25442,21.487477],[39.25442,21.487477],[39.254421,21.487477],[39.254421,21.487477],[39.254422,21.487477],[39.254422,21.487477],[39.254535,21.487497],[39.254536,21.487497],[39.254536,21.487497],[39.254536,21.487497],[39.254537,21.487497],[39.254537,21.487497],[39.254537,21.487497],[39.254538,21.487497],[39.254538,21.487497],[39.254539,21.487497],[39.254539,21.487497],[39.254539,21.487497],[39.25454,21.487497],[39.25454,21.487496],[39.25454,21.487496],[39.254541,21.487496],[39.254541,21.487496],[39.254541,21.487496],[39.254542,21.487495],[39.254542,21.487495],[39.254542,21.487495],[39.254542,21.487495],[39.254542,21.487494],[39.254543,21.487494],[39.254543,21.487494],[39.254543,21.487493],[39.254598,21.487202],[39.254549,21.487194],[39.254547,21.487194],[39.254546,21.487193],[39.254544,21.487193],[39.254543,21.487192],[39.254542,21.487192],[39.25454,21.487191],[39.254539,21.48719],[39.254538,21.487189],[39.254537,21.487188],[39.254536,21.487187],[39.254535,21.487186],[39.254534,21.487185],[39.254533,21.487184],[39.254533,21.487182],[39.254532,21.487181],[39.254532,21.48718],[39.254531,21.487178],[39.254531,21.487177],[39.254531,21.487176],[39.254531,21.487174],[39.254531,21.487173],[39.254531,21.487171],[39.254532,21.48717],[39.254537,21.48714],[39.25445,21.487125],[39.254445,21.487151],[39.254444,21.487154],[39.254442,21.487157],[39.25444,21.48716],[39.254439,21.487162],[39.254437,21.487165],[39.254434,21.487167],[39.254432,21.487169],[39.254429,21.487171],[39.254427,21.487173],[39.254424,21.487175],[39.254421,21.487176],[39.254418,21.487177],[39.254415,21.487178],[39.254412,21.487179],[39.254408,21.48718],[39.254405,21.48718],[39.254402,21.487181],[39.254399,21.487181],[39.254395,21.48718],[39.254273,21.48716],[39.254266,21.487156],[39.254238,21.487128],[39.25399,21.487086],[39.253962,21.487104],[39.253955,21.487106],[39.253954,21.487106],[39.253807,21.487082],[39.253804,21.487081],[39.253801,21.48708],[39.253798,21.487079],[39.253795,21.487078],[39.253792,21.487076],[39.25379,21.487075],[39.253787,21.487073],[39.253785,21.487071],[39.253782,21.487069],[39.25378,21.487067],[39.253778,21.487064],[39.253776,21.487062],[39.253775,21.487059],[39.253773,21.487057],[39.253772,21.487054],[39.253771,21.487051],[39.25377,21.487048],[39.25377,21.487045],[39.253769,21.487042],[39.253769,21.487039],[39.253769,21.487036],[39.253774,21.487011],[39.253705,21.487],[39.2537,21.487025],[39.253699,21.487028],[39.253697,21.487031],[39.253696,21.487033],[39.253694,21.487036],[39.253692,21.487039],[39.25369,21.487041],[39.253687,21.487043],[39.253685,21.487045],[39.253682,21.487047],[39.253679,21.487049],[39.253677,21.48705],[39.253674,21.487052],[39.25367,21.487053],[39.253667,21.487054],[39.253664,21.487055],[39.253661,21.487055],[39.253658,21.487056],[39.253654,21.487056],[39.253651,21.487056],[39.253567,21.487042],[39.25356,21.487038],[39.253537,21.48701],[39.253289,21.486969],[39.25326,21.486986],[39.253251,21.486989],[39.253132,21.486969],[39.253128,21.486968],[39.253125,21.486967],[39.253121,21.486965],[39.253118,21.486963],[39.253115,21.486961],[39.253112,21.486959],[39.253109,21.486957],[39.253106,21.486954],[39.253104,21.486951],[39.253102,21.486949],[39.2531,21.486946],[39.253098,21.486942],[39.253096,21.486939],[39.253095,21.486936],[39.253094,21.486932],[39.253093,21.486929],[39.253093,21.486925],[39.253093,21.486922],[39.253093,21.486918],[39.253093,21.486915],[39.253094,21.486911],[39.253095,21.486908],[39.253096,21.486904],[39.253097,21.486901],[39.253099,21.486898],[39.253026,21.486888],[39.253025,21.486892],[39.253024,21.486896],[39.253023,21.486901],[39.253022,21.486905],[39.253021,21.486909],[39.253019,21.486914],[39.253018,21.486918],[39.253016,21.486921],[39.253014,21.486923],[39.253012,21.486926],[39.25301,21.486928],[39.253008,21.48693],[39.253005,21.486932],[39.253003,21.486934],[39.253,21.486936],[39.252997,21.486938],[39.252994,21.486939],[39.252991,21.48694],[39.252988,21.486941],[39.252984,21.486941],[39.252981,21.486942],[39.252978,21.486942],[39.252975,21.486942],[39.252971,21.486942],[39.252963,21.486942],[39.252955,21.486941],[39.252946,21.486939],[39.252938,21.486938],[39.25293,21.486935],[39.252922,21.486933],[39.252915,21.486929],[39.252907,21.486926],[39.2529,21.486922],[39.252895,21.486917],[39.25289,21.486913],[39.252885,21.486908],[39.252881,21.486903],[39.252877,21.486897],[39.252874,21.486892],[39.252871,21.486886],[39.252868,21.48688],[39.252866,21.486873],[39.252822,21.487137],[39.252826,21.487133],[39.25283,21.487129],[39.252834,21.487125],[39.252839,21.487121],[39.252844,21.487118],[39.252849,21.487115],[39.252854,21.487112],[39.25286,21.487109],[39.252865,21.487107],[39.252871,21.487106],[39.252877,21.487104],[39.252883,21.487103],[39.252889,21.487103],[39.252895,21.487103],[39.252901,21.487103],[39.25294,21.48711],[39.252943,21.48711],[39.252946,21.487111],[39.252948,21.487113],[39.252951,21.487114],[39.252954,21.487115],[39.252956,21.487117],[39.252958,21.487119],[39.25296,21.487121],[39.252962,21.487123],[39.252964,21.487125],[39.252966,21.487127],[39.252967,21.48713],[39.252969,21.487132],[39.25297,21.487135],[39.252971,21.487137],[39.252972,21.48714],[39.252972,21.487142],[39.252973,21.487145],[39.252973,21.487148],[39.252973,21.487151],[39.252973,21.487154],[39.252973,21.487156],[39.252972,21.487159],[39.252969,21.487178],[39.252968,21.48718],[39.252968,21.487181],[39.252967,21.487183],[39.252966,21.487184],[39.252965,21.487186],[39.252964,21.487187],[39.252963,21.487188],[39.252962,21.487189],[39.252961,21.487191],[39.252959,21.487192],[39.252958,21.487193],[39.252956,21.487193],[39.252955,21.487194],[39.252953,21.487195],[39.252952,21.487195],[39.25295,21.487196],[39.252948,21.487196],[39.252946,21.487196],[39.252945,21.487197],[39.252943,21.487197],[39.252941,21.487196],[39.252939,21.487196],[39.252938,21.487196],[39.252908,21.487191],[39.252839,21.487561],[39.252885,21.487569],[39.252886,21.487569],[39.252887,21.487569],[39.252887,21.48757],[39.252888,21.48757],[39.252888,21.48757],[39.252889,21.487571],[39.252889,21.487571],[39.25289,21.487571],[39.25289,21.487572],[39.25289,21.487572],[39.252891,21.487573],[39.252891,21.487573],[39.252891,21.487574],[39.252892,21.487574],[39.252892,21.487575],[39.252892,21.487577],[39.252893,21.487579],[39.252893,21.487581],[39.252894,21.487583],[39.252895,21.487585],[39.252896,21.487587],[39.252897,21.487589],[39.252899,21.48759],[39.2529,21.487592],[39.252902,21.487593],[39.252903,21.487595],[39.252905,21.487596],[39.252907,21.487597],[39.252909,21.487598],[39.252911,21.487599],[39.252913,21.4876],[39.252916,21.487601],[39.252959,21.487608],[39.252961,21.487609],[39.252962,21.48761],[39.252963,21.487611],[39.252965,21.487612],[39.252966,21.487613],[39.252967,21.487614],[39.252968,21.487616],[39.252969,21.487617],[39.252969,21.487618],[39.25297,21.48762],[39.252971,21.487621],[39.252971,21.487623],[39.252971,21.487624],[39.252972,21.487626],[39.252972,21.487628],[39.252964,21.487668]]]]},"properties":{"capacity":318.0,"subtype":1,"description":"CAR PARKING","branch":"السليمانية","area_sqm":13545.173,"parking_id":"NET_PARKING_LOTS-000075"}},{"type":"Feature","id":"NET_PARKING_LOTS-000076","geometry":{"type":"MultiPolygon","coordinates":[[[[39.255366,21.488077],[39.255403,21.487868],[39.25547,21.48788],[39.255472,21.487877],[39.255927,21.487954],[39.255938,21.4879],[39.255938,21.487899],[39.255939,21.487897],[39.255939,21.487896],[39.25594,21.487895],[39.255941,21.487894],[39.255942,21.487893],[39.255942,21.487892],[39.255943,21.487891],[39.255944,21.487891],[39.255945,21.48789],[39.255946,21.487889],[39.255948,21.487888],[39.255949,21.487888],[39.25595,21.487887],[39.255951,21.487887],[39.255952,21.487887],[39.255954,21.487886],[39.255955,21.487886],[39.255956,21.487886],[39.255958,21.487886],[39.255959,21.487886],[39.25596,21.487886],[39.255961,21.487887],[39.255998,21.487894],[39.256075,21.487492],[39.256023,21.487484],[39.256013,21.487481],[39.256007,21.487477],[39.25596,21.487429],[39.255837,21.487409],[39.255537,21.48736],[39.255457,21.487414],[39.255395,21.48774],[39.255424,21.487779],[39.255366,21.487769],[39.255292,21.488161],[39.255299,21.488158],[39.255306,21.488155],[39.255313,21.488151],[39.25532,21.488147],[39.255326,21.488142],[39.255332,21.488137],[39.255338,21.488131],[39.255343,21.488125],[39.255348,21.488119],[39.255352,21.488113],[39.255356,21.488106],[39.255359,21.488099],[39.255362,21.488092],[39.255364,21.488085],[39.255366,21.488077]]]]},"properties":{"capacity":170.0,"subtype":1,"description":"CAR PARKING","branch":"السليمانية","area_sqm":3799.912,"parking_id":"NET_PARKING_LOTS-000076"}},{"type":"Feature","id":"NET_PARKING_LOTS-000077","geometry":{"type":"MultiPolygon","coordinates":[[[[39.257137,21.491134],[39.257128,21.491076],[39.2569,21.491104],[39.256908,21.491162],[39.256891,21.491178],[39.256894,21.491196],[39.256915,21.491212],[39.257143,21.491184],[39.257137,21.491134]]]]},"properties":{"capacity":18.0,"subtype":1,"description":"PARKING SHED CONCRETE","branch":"السليمانية","area_sqm":295.934,"parking_id":"NET_PARKING_LOTS-000077"}},{"type":"Feature","id":"NET_PARKING_LOTS-000078","geometry":{"type":"MultiPolygon","coordinates":[[[[39.257149,21.491787],[39.257124,21.491628],[39.256952,21.491649],[39.25696,21.491705],[39.256945,21.491721],[39.256947,21.49174],[39.256969,21.491755],[39.256976,21.491808],[39.257149,21.491787]]]]},"properties":{"capacity":26.0,"subtype":1,"description":"PARKING SHED CONCRETE","branch":"السليمانية","area_sqm":328.004,"parking_id":"NET_PARKING_LOTS-000078"}},{"type":"Feature","id":"NET_PARKING_LOTS-000079","geometry":{"type":"MultiPolygon","coordinates":[[[[39.256067,21.489009],[39.256047,21.488993],[39.256038,21.488937],[39.255867,21.488958],[39.255882,21.489066],[39.256055,21.489045],[39.25607,21.489026],[39.256067,21.489009]]]]},"properties":{"capacity":14.0,"subtype":1,"description":"PARKING SHED CONCRETE","branch":"السليمانية","area_sqm":223.886,"parking_id":"NET_PARKING_LOTS-000079"}},{"type":"Feature","id":"NET_PARKING_LOTS-000080","geometry":{"type":"MultiPolygon","coordinates":[[[[39.255998,21.488507],[39.255995,21.48849],[39.255976,21.488475],[39.255968,21.488421],[39.255794,21.488443],[39.25581,21.488549],[39.255983,21.488527],[39.255998,21.488507]]]]},"properties":{"capacity":14.0,"subtype":1,"description":"PARKING SHED CONCRETE","branch":"السليمانية","area_sqm":221.85,"parking_id":"NET_PARKING_LOTS-000080"}},{"type":"Feature","id":"NET_PARKING_LOTS-000081","geometry":{"type":"MultiPolygon","coordinates":[[[[39.258522,21.489912],[39.258499,21.489748],[39.258387,21.489762],[39.258331,21.489769],[39.258354,21.489933],[39.25841,21.489926],[39.25843,21.48994],[39.25845,21.489937],[39.258464,21.489919],[39.258522,21.489912]]]]},"properties":{"capacity":28.0,"subtype":1,"description":"PARKING SHED CONCRETE","branch":"السليمانية","area_sqm":327.472,"parking_id":"NET_PARKING_LOTS-000081"}},{"type":"Feature","id":"NET_PARKING_LOTS-000082","geometry":{"type":"MultiPolygon","coordinates":[[[[39.257197,21.487863],[39.257194,21.487844],[39.257194,21.487844],[39.257187,21.48779],[39.256899,21.487825],[39.256907,21.487881],[39.256888,21.487901],[39.256891,21.48792],[39.256913,21.487934],[39.25692,21.487987],[39.257209,21.487951],[39.257197,21.487863]]]]},"properties":{"capacity":44.0,"subtype":1,"description":"PARKING SHED CONCRETE","branch":"السليمانية","area_sqm":551.589,"parking_id":"NET_PARKING_LOTS-000082"}},{"type":"Feature","id":"NET_PARKING_LOTS-000083","geometry":{"type":"MultiPolygon","coordinates":[[[[39.256501,21.487685],[39.256498,21.487669],[39.256478,21.487653],[39.25647,21.487599],[39.256282,21.487622],[39.256289,21.487674],[39.256285,21.487674],[39.256293,21.487726],[39.256293,21.487725],[39.256294,21.487725],[39.256294,21.487725],[39.256295,21.487725],[39.256295,21.487725],[39.256296,21.487725],[39.256297,21.487725],[39.256305,21.487783],[39.256493,21.48776],[39.256485,21.487705],[39.256501,21.487685]]]]},"properties":{"capacity":28.0,"subtype":1,"description":"PARKING SHED CONCRETE","branch":"السليمانية","area_sqm":361.433,"parking_id":"NET_PARKING_LOTS-000083"}},{"type":"Feature","id":"NET_PARKING_LOTS-000084","geometry":{"type":"MultiPolygon","coordinates":[[[[39.260387,21.489408],[39.260364,21.489246],[39.260195,21.489266],[39.260217,21.489429],[39.260275,21.489422],[39.260295,21.489436],[39.260315,21.489433],[39.260331,21.489415],[39.260387,21.489408]]]]},"properties":{"capacity":28.0,"subtype":1,"description":"PARKING SHED CONCRETE","branch":"السليمانية","area_sqm":328.293,"parking_id":"NET_PARKING_LOTS-000084"}},{"type":"Feature","id":"NET_PARKING_LOTS-000085","geometry":{"type":"MultiPolygon","coordinates":[[[[39.260453,21.489879],[39.260432,21.489725],[39.260373,21.489732],[39.260353,21.489719],[39.260335,21.489721],[39.260319,21.489739],[39.260259,21.489746],[39.260282,21.489907],[39.260341,21.4899],[39.26034,21.489886],[39.260394,21.48988],[39.260396,21.489893],[39.260445,21.489887],[39.260447,21.489886],[39.260448,21.489885],[39.260449,21.489884],[39.26045,21.489883],[39.260451,21.489882],[39.260452,21.489881],[39.260453,21.489879]]]]},"properties":{"capacity":28.0,"subtype":1,"description":"PARKING SHED CONCRETE","branch":"السليمانية","area_sqm":321.68,"parking_id":"NET_PARKING_LOTS-000085"}},{"type":"Feature","id":"NET_PARKING_LOTS-000086","geometry":{"type":"MultiPolygon","coordinates":[[[[39.259523,21.48978],[39.259515,21.489726],[39.2595,21.489728],[39.259416,21.489738],[39.259414,21.489738],[39.259412,21.489739],[39.25941,21.489739],[39.259408,21.48974],[39.259406,21.489741],[39.259404,21.489742],[39.259403,21.489743],[39.259401,21.489744],[39.2594,21.489745],[39.259398,21.489747],[39.259397,21.489748],[39.259396,21.489749],[39.259394,21.489751],[39.259393,21.489753],[39.259393,21.489754],[39.259392,21.489756],[39.259391,21.489758],[39.259391,21.48976],[39.25939,21.489762],[39.25939,21.489764],[39.25939,21.489765],[39.25939,21.489767],[39.25939,21.489769],[39.259393,21.489792],[39.259394,21.489793],[39.259394,21.489795],[39.259394,21.489796],[39.259393,21.489798],[39.259393,21.489799],[39.259393,21.489801],[39.259392,21.489802],[39.259392,21.489804],[39.259391,21.489805],[39.25939,21.489806],[39.259389,21.489808],[39.259388,21.489809],[39.259387,21.48981],[39.259386,21.489811],[39.259385,21.489812],[39.259383,21.489813],[39.259382,21.489814],[39.259381,21.489815],[39.259379,21.489815],[39.259378,21.489816],[39.259376,21.489816],[39.259375,21.489817],[39.259373,21.489817],[39.259339,21.489821],[39.25936,21.489981],[39.259394,21.489976],[39.259396,21.489976],[39.259397,21.489976],[39.259399,21.489976],[39.2594,21.489976],[39.259402,21.489977],[39.259403,21.489977],[39.259405,21.489978],[39.259406,21.489978],[39.259408,21.489979],[39.259409,21.489979],[39.25941,21.48998],[39.259412,21.489981],[39.259413,21.489982],[39.259414,21.489983],[39.259415,21.489984],[39.259416,21.489985],[39.259417,21.489987],[39.259418,21.489988],[39.259418,21.489989],[39.259419,21.489991],[39.259419,21.489992],[39.25942,21.489994],[39.25942,21.489995],[39.259424,21.490027],[39.259425,21.490028],[39.259425,21.49003],[39.259425,21.490031],[39.259426,21.490033],[39.259427,21.490034],[39.259427,21.490035],[39.259428,21.490036],[39.259429,21.490038],[39.25943,21.490039],[39.259431,21.49004],[39.259433,21.490041],[39.259434,21.490042],[39.259435,21.490042],[39.259436,21.490043],[39.259438,21.490044],[39.259439,21.490044],[39.259441,21.490045],[39.259442,21.490045],[39.259444,21.490045],[39.259445,21.490046],[39.259447,21.490046],[39.259449,21.490046],[39.25945,21.490045],[39.259543,21.490034],[39.259558,21.490032],[39.259551,21.489978],[39.259497,21.489985],[39.259496,21.489985],[39.259494,21.489985],[39.259493,21.489985],[39.259492,21.489985],[39.25949,21.489985],[39.259489,21.489985],[39.259488,21.489985],[39.259486,21.489984],[39.259485,21.489984],[39.259484,21.489983],[39.259483,21.489983],[39.259482,21.489982],[39.259481,21.489981],[39.25948,21.48998],[39.259479,21.489979],[39.259478,21.489979],[39.259477,21.489978],[39.259476,21.489976],[39.259475,21.489975],[39.259475,21.489974],[39.259474,21.489973],[39.259474,21.489972],[39.259474,21.489971],[39.259473,21.489969],[39.259473,21.489968],[39.259533,21.489961],[39.25951,21.4898],[39.259453,21.489807],[39.259452,21.489806],[39.259452,21.489805],[39.259452,21.489804],[39.259452,21.489803],[39.259452,21.489802],[39.259452,21.4898],[39.259453,21.489799],[39.259453,21.489798],[39.259453,21.489797],[39.259454,21.489796],[39.259454,21.489795],[39.259455,21.489794],[39.259456,21.489793],[39.259457,21.489792],[39.259457,21.489791],[39.259458,21.489791],[39.259459,21.48979],[39.25946,21.489789],[39.259461,21.489789],[39.259462,21.489788],[39.259463,21.489788],[39.259465,21.489787],[39.259466,21.489787],[39.259467,21.489787],[39.259468,21.489787],[39.259523,21.48978]]]]},"properties":{"capacity":28.0,"subtype":1,"description":"PARKING SHED CONCRETE","branch":"السليمانية","area_sqm":509.553,"parking_id":"NET_PARKING_LOTS-000086"}},{"type":"Feature","id":"NET_PARKING_LOTS-000087","geometry":{"type":"MultiPolygon","coordinates":[[[[39.258435,21.490598],[39.258394,21.490305],[39.258334,21.490312],[39.258312,21.490295],[39.258293,21.490298],[39.258278,21.490317],[39.258219,21.490323],[39.25826,21.49062],[39.258435,21.490598]]]]},"properties":{"capacity":48.0,"subtype":1,"description":"PARKING SHED CONCRETE","branch":"السليمانية","area_sqm":608.305,"parking_id":"NET_PARKING_LOTS-000087"}},{"type":"Feature","id":"NET_PARKING_LOTS-000088","geometry":{"type":"MultiPolygon","coordinates":[[[[39.258917,21.490539],[39.259086,21.490518],[39.259063,21.490356],[39.259007,21.490362],[39.258986,21.490348],[39.258968,21.49035],[39.258952,21.490371],[39.258895,21.490378],[39.258917,21.490539]]]]},"properties":{"capacity":28.0,"subtype":1,"description":"PARKING SHED CONCRETE","branch":"السليمانية","area_sqm":325.999,"parking_id":"NET_PARKING_LOTS-000088"}},{"type":"Feature","id":"NET_PARKING_LOTS-000089","geometry":{"type":"MultiPolygon","coordinates":[[[[39.257775,21.490679],[39.257753,21.490517],[39.257697,21.490524],[39.257676,21.490511],[39.257658,21.490513],[39.257643,21.490534],[39.257584,21.490541],[39.257606,21.4907],[39.257775,21.490679]]]]},"properties":{"capacity":28.0,"subtype":1,"description":"PARKING SHED CONCRETE","branch":"السليمانية","area_sqm":324.474,"parking_id":"NET_PARKING_LOTS-000089"}},{"type":"Feature","id":"NET_PARKING_LOTS-000090","geometry":{"type":"MultiPolygon","coordinates":[[[[39.25704,21.489862],[39.257045,21.489898],[39.256986,21.489905],[39.25704,21.490286],[39.257077,21.490311],[39.25718,21.490298],[39.257211,21.490265],[39.257169,21.489966],[39.25711,21.489973],[39.257099,21.489886],[39.25704,21.489862]]]]},"properties":{"capacity":56.0,"subtype":1,"description":"PARKING SHED CONCRETE","branch":"السليمانية","area_sqm":764.896,"parking_id":"NET_PARKING_LOTS-000090"}},{"type":"Feature","id":"NET_PARKING_LOTS-000091","geometry":{"type":"MultiPolygon","coordinates":[[[[39.257868,21.489991],[39.257845,21.489831],[39.257734,21.489844],[39.257673,21.489852],[39.257695,21.490013],[39.257757,21.490005],[39.257778,21.490021],[39.257795,21.490019],[39.25781,21.489999],[39.257868,21.489991]]]]},"properties":{"capacity":28.0,"subtype":1,"description":"PARKING SHED CONCRETE","branch":"السليمانية","area_sqm":330.817,"parking_id":"NET_PARKING_LOTS-000091"}},{"type":"Feature","id":"NET_PARKING_LOTS-000092","geometry":{"type":"MultiPolygon","coordinates":[[[[39.253303,21.490615],[39.25328,21.490454],[39.253223,21.490461],[39.2532,21.490444],[39.253181,21.490447],[39.253162,21.490468],[39.253109,21.490475],[39.253131,21.490636],[39.253303,21.490615]]]]},"properties":{"capacity":28.0,"subtype":1,"description":"PARKING SHED CONCRETE","branch":"السليمانية","area_sqm":330.69,"parking_id":"NET_PARKING_LOTS-000092"}},{"type":"Feature","id":"NET_PARKING_LOTS-000093","geometry":{"type":"MultiPolygon","coordinates":[[[[39.254051,21.489376],[39.254049,21.489356],[39.254028,21.489343],[39.25402,21.48929],[39.253734,21.489325],[39.253758,21.489485],[39.254043,21.48945],[39.254035,21.489397],[39.254051,21.489376]]]]},"properties":{"capacity":44.0,"subtype":1,"description":"CAR PARKING TENT","branch":"السليمانية","area_sqm":543.486,"parking_id":"NET_PARKING_LOTS-000093"}},{"type":"Feature","id":"NET_PARKING_LOTS-000094","geometry":{"type":"MultiPolygon","coordinates":[[[[39.254534,21.489508],[39.254495,21.489457],[39.254492,21.489458],[39.254489,21.48946],[39.254485,21.489461],[39.254482,21.489461],[39.254478,21.489462],[39.254475,21.489462],[39.254471,21.489462],[39.254413,21.48947],[39.254458,21.48979],[39.254517,21.489783],[39.254534,21.489797],[39.254556,21.489795],[39.254572,21.489776],[39.254631,21.489769],[39.254597,21.489526],[39.254538,21.489534],[39.254535,21.489512],[39.254535,21.489512],[39.254534,21.489511],[39.254534,21.489511],[39.254534,21.48951],[39.254534,21.489509],[39.254534,21.489509],[39.254534,21.489508]]]]},"properties":{"capacity":46.0,"subtype":1,"description":"PARKING SHED CONCRETE","branch":"السليمانية","area_sqm":591.035,"parking_id":"NET_PARKING_LOTS-000094"}},{"type":"Feature","id":"NET_PARKING_LOTS-000095","geometry":{"type":"MultiPolygon","coordinates":[[[[39.254133,21.489959],[39.25413,21.489939],[39.254111,21.489925],[39.254103,21.489871],[39.253815,21.489907],[39.253823,21.489963],[39.253832,21.490016],[39.253831,21.490016],[39.253838,21.490067],[39.254126,21.490031],[39.254119,21.489978],[39.254133,21.489959]]]]},"properties":{"capacity":44.0,"subtype":1,"description":"CAR PARKING TENT","branch":"السليمانية","area_sqm":544.731,"parking_id":"NET_PARKING_LOTS-000095"}},{"type":"Feature","id":"NET_PARKING_LOTS-000096","geometry":{"type":"MultiPolygon","coordinates":[[[[39.254522,21.490461],[39.254477,21.490142],[39.254417,21.490149],[39.254397,21.490132],[39.254378,21.490134],[39.254363,21.490156],[39.254302,21.490164],[39.254347,21.490485],[39.254522,21.490461]]]]},"properties":{"capacity":52.0,"subtype":1,"description":"PARKING SHED CONCRETE","branch":"السليمانية","area_sqm":661.675,"parking_id":"NET_PARKING_LOTS-000096"}},{"type":"Feature","id":"NET_PARKING_LOTS-000097","geometry":{"type":"MultiPolygon","coordinates":[[[[39.255218,21.48967],[39.255195,21.489508],[39.255082,21.489522],[39.255105,21.489685],[39.255163,21.489678],[39.255189,21.489692],[39.255204,21.48969],[39.255218,21.48967]]]]},"properties":{"capacity":14.0,"subtype":1,"description":"PARKING SHED CONCRETE","branch":"السليمانية","area_sqm":221.731,"parking_id":"NET_PARKING_LOTS-000097"}},{"type":"Feature","id":"NET_PARKING_LOTS-000098","geometry":{"type":"MultiPolygon","coordinates":[[[[39.255686,21.48978],[39.255746,21.489773],[39.255768,21.489788],[39.255864,21.489776],[39.255815,21.489431],[39.255641,21.489453],[39.255686,21.48978]]]]},"properties":{"capacity":28.0,"subtype":1,"description":"PARKING SHED CONCRETE","branch":"السليمانية","area_sqm":688.994,"parking_id":"NET_PARKING_LOTS-000098"}},{"type":"Feature","id":"NET_PARKING_LOTS-000099","geometry":{"type":"MultiPolygon","coordinates":[[[[39.255662,21.490324],[39.255833,21.490303],[39.255806,21.490111],[39.255747,21.490118],[39.25573,21.490104],[39.255707,21.490106],[39.255691,21.490125],[39.255634,21.490132],[39.255662,21.490324]]]]},"properties":{"capacity":32.0,"subtype":1,"description":"PARKING SHED CONCRETE","branch":"السليمانية","area_sqm":393.024,"parking_id":"NET_PARKING_LOTS-000099"}},{"type":"Feature","id":"NET_PARKING_LOTS-000100","geometry":{"type":"MultiPolygon","coordinates":[[[[39.254975,21.490214],[39.255002,21.490405],[39.255176,21.490385],[39.255149,21.490193],[39.255091,21.4902],[39.255071,21.490185],[39.255053,21.490188],[39.255037,21.490206],[39.254975,21.490214]]]]},"properties":{"capacity":32.0,"subtype":1,"description":"PARKING SHED CONCRETE","branch":"السليمانية","area_sqm":394.116,"parking_id":"NET_PARKING_LOTS-000100"}},{"type":"Feature","id":"NET_PARKING_LOTS-000101","geometry":{"type":"MultiPolygon","coordinates":[[[[39.256096,21.490498],[39.256327,21.49047],[39.256319,21.490416],[39.256337,21.490396],[39.256334,21.490378],[39.256312,21.490364],[39.256304,21.490308],[39.256046,21.490339],[39.256062,21.490448],[39.256065,21.490447],[39.256069,21.490446],[39.256073,21.490445],[39.256077,21.490444],[39.256081,21.490444],[39.256084,21.490444],[39.256088,21.490444],[39.256096,21.490498]]]]},"properties":{"capacity":38.0,"subtype":1,"description":"PARKING SHED CONCRETE","branch":"السليمانية","area_sqm":479.289,"parking_id":"NET_PARKING_LOTS-000101"}},{"type":"Feature","id":"NET_PARKING_LOTS-000102","geometry":{"type":"MultiPolygon","coordinates":[[[[39.257632,21.490883],[39.257609,21.490722],[39.257206,21.490771],[39.257214,21.490825],[39.257196,21.490846],[39.257199,21.490863],[39.257221,21.490879],[39.257229,21.490933],[39.257632,21.490883]]]]},"properties":{"capacity":64.0,"subtype":1,"description":"CAR PARKING TENT","branch":"السليمانية","area_sqm":765.395,"parking_id":"NET_PARKING_LOTS-000102"}},{"type":"Feature","id":"NET_PARKING_LOTS-000103","geometry":{"type":"MultiPolygon","coordinates":[[[[39.256549,21.491623],[39.25654,21.491567],[39.256223,21.491606],[39.256246,21.491766],[39.256562,21.491727],[39.256556,21.491673],[39.256573,21.491654],[39.25657,21.491635],[39.256549,21.491623]]]]},"properties":{"capacity":48.0,"subtype":1,"description":"PARKING SHED CONCRETE","branch":"السليمانية","area_sqm":600.024,"parking_id":"NET_PARKING_LOTS-000103"}},{"type":"Feature","id":"NET_PARKING_LOTS-000104","geometry":{"type":"MultiPolygon","coordinates":[[[[39.25647,21.492228],[39.256487,21.492209],[39.256484,21.49219],[39.256463,21.492175],[39.256306,21.492194],[39.256321,21.492301],[39.256478,21.492282],[39.25647,21.492228]]]]},"properties":{"capacity":12.0,"subtype":1,"description":"PARKING SHED CONCRETE","branch":"السليمانية","area_sqm":204.046,"parking_id":"NET_PARKING_LOTS-000104"}},{"type":"Feature","id":"NET_PARKING_LOTS-000105","geometry":{"type":"MultiPolygon","coordinates":[[[[39.254363,21.488786],[39.254356,21.488735],[39.254358,21.488734],[39.254361,21.488734],[39.254364,21.488734],[39.254367,21.488734],[39.25437,21.488734],[39.254372,21.488735],[39.254375,21.488736],[39.254378,21.488737],[39.25438,21.488738],[39.254383,21.488739],[39.254385,21.48874],[39.254387,21.488742],[39.25439,21.488743],[39.254392,21.488745],[39.254394,21.488747],[39.254395,21.488749],[39.254397,21.488751],[39.254399,21.488753],[39.2544,21.488756],[39.254401,21.488758],[39.254402,21.488761],[39.254387,21.488654],[39.254385,21.488657],[39.254384,21.488659],[39.254382,21.488662],[39.25438,21.488665],[39.254378,21.488667],[39.254375,21.488669],[39.254373,21.488671],[39.25437,21.488673],[39.254367,21.488675],[39.254364,21.488677],[39.254361,21.488678],[39.254358,21.48868],[39.254355,21.488681],[39.254352,21.488682],[39.254348,21.488682],[39.253833,21.488746],[39.253831,21.488746],[39.25383,21.488747],[39.253828,21.488748],[39.253826,21.48875],[39.253825,21.488751],[39.253823,21.488752],[39.253822,21.488754],[39.253821,21.488755],[39.25382,21.488757],[39.253819,21.488758],[39.253818,21.48876],[39.253817,21.488762],[39.253816,21.488764],[39.253816,21.488765],[39.253816,21.488767],[39.253815,21.488769],[39.253815,21.488771],[39.253815,21.488773],[39.253816,21.488775],[39.253816,21.488777],[39.253816,21.488779],[39.253817,21.48878],[39.253818,21.488782],[39.253819,21.488784],[39.25382,21.488786],[39.253821,21.488787],[39.253822,21.488789],[39.253824,21.48879],[39.253825,21.488791],[39.253826,21.488793],[39.253828,21.488794],[39.25383,21.488795],[39.253832,21.488796],[39.253833,21.488796],[39.253835,21.488797],[39.253837,21.488798],[39.253839,21.488798],[39.253839,21.488798],[39.253839,21.488798],[39.25384,21.488798],[39.25384,21.488798],[39.25384,21.488798],[39.25384,21.488798],[39.25384,21.488798],[39.25384,21.488798],[39.25384,21.488798],[39.25384,21.488798],[39.25384,21.488799],[39.25384,21.488799],[39.25384,21.488799],[39.25384,21.488799],[39.25384,21.488799],[39.25384,21.488799],[39.25384,21.488799],[39.25384,21.488799],[39.25384,21.488799],[39.25384,21.488799],[39.25384,21.488799],[39.25384,21.4888],[39.25384,21.4888],[39.25384,21.4888],[39.25384,21.4888],[39.25384,21.4888],[39.25384,21.4888],[39.25384,21.4888],[39.25384,21.4888],[39.25384,21.4888],[39.25384,21.4888],[39.25384,21.4888],[39.25384,21.4888],[39.25384,21.4888],[39.25384,21.488801],[39.25384,21.488801],[39.25384,21.488801],[39.253839,21.488801],[39.253839,21.488801],[39.253839,21.488801],[39.253839,21.488801],[39.253816,21.488804],[39.253822,21.488853],[39.254363,21.488786]]]]},"properties":{"capacity":42.0,"subtype":1,"description":"PARKING SHED CONCRETE","branch":"السليمانية","area_sqm":680.522,"parking_id":"NET_PARKING_LOTS-000105"}},{"type":"Feature","id":"NET_PARKING_LOTS-000106","geometry":{"type":"MultiPolygon","coordinates":[[[[39.257107,21.48724],[39.257174,21.487262],[39.257193,21.487214],[39.257123,21.487191],[39.257107,21.48724]]]]},"properties":{"capacity":5.0,"subtype":1,"description":"CAR PARKING TENT","branch":"السليمانية","area_sqm":42.558,"parking_id":"NET_PARKING_LOTS-000106"}},{"type":"Feature","id":"NET_PARKING_LOTS-000107","geometry":{"type":"MultiPolygon","coordinates":[[[[39.257032,21.487187],[39.257031,21.487238],[39.257103,21.48724],[39.257106,21.487189],[39.257032,21.487187]]]]},"properties":{"capacity":3.0,"subtype":1,"description":"CAR PARKING TENT","branch":"السليمانية","area_sqm":42.799,"parking_id":"NET_PARKING_LOTS-000107"}},{"type":"Feature","id":"NET_PARKING_LOTS-000108","geometry":{"type":"MultiPolygon","coordinates":[[[[39.256887,21.487249],[39.257029,21.487239],[39.257026,21.487188],[39.25688,21.487198],[39.256887,21.487249]]]]},"properties":{"capacity":6.0,"subtype":1,"description":"CAR PARKING TENT","branch":"السليمانية","area_sqm":84.331,"parking_id":"NET_PARKING_LOTS-000108"}},{"type":"Feature","id":"NET_PARKING_LOTS-000109","geometry":{"type":"MultiPolygon","coordinates":[[[[39.25616,21.487738],[39.256138,21.487533],[39.256083,21.487537],[39.256106,21.487744],[39.25616,21.487738]]]]},"properties":{"capacity":9.0,"subtype":1,"description":"CAR PARKING TENT","branch":"السليمانية","area_sqm":128.685,"parking_id":"NET_PARKING_LOTS-000109"}},{"type":"Feature","id":"NET_PARKING_LOTS-000110","geometry":{"type":"MultiPolygon","coordinates":[[[[39.256202,21.488048],[39.256256,21.488041],[39.256215,21.487738],[39.256161,21.487743],[39.256202,21.488048]]]]},"properties":{"capacity":13.0,"subtype":1,"description":"CAR PARKING","branch":"السليمانية","area_sqm":189.904,"parking_id":"NET_PARKING_LOTS-000110"}},{"type":"Feature","id":"NET_PARKING_LOTS-000111","geometry":{"type":"MultiPolygon","coordinates":[[[[39.257218,21.487298],[39.257254,21.48726],[39.257211,21.487224],[39.257209,21.487223],[39.257174,21.487262],[39.257218,21.487298]]]]},"properties":{"capacity":5.0,"subtype":1,"description":"CAR PARKING TENT","branch":"السليمانية","area_sqm":34.404,"parking_id":"NET_PARKING_LOTS-000111"}},{"type":"Feature","id":"NET_PARKING_LOTS-000112","geometry":{"type":"MultiPolygon","coordinates":[[[[39.255856,21.487308],[39.25591,21.487314],[39.255986,21.48691],[39.255933,21.486899],[39.255856,21.487308]]]]},"properties":{"capacity":17.0,"subtype":1,"description":"CAR PARKING TENT","branch":"السليمانية","area_sqm":257.454,"parking_id":"NET_PARKING_LOTS-000112"}},{"type":"Feature","id":"NET_PARKING_LOTS-000113","geometry":{"type":"MultiPolygon","coordinates":[[[[39.255421,21.486811],[39.255613,21.486841],[39.255623,21.486789],[39.255431,21.48676],[39.255421,21.486811]]]]},"properties":{"capacity":7.0,"subtype":1,"description":"CAR PARKING TENT","branch":"السليمانية","area_sqm":116.792,"parking_id":"NET_PARKING_LOTS-000113"}},{"type":"Feature","id":"NET_PARKING_LOTS-000114","geometry":{"type":"MultiPolygon","coordinates":[[[[39.255624,21.486844],[39.255846,21.486882],[39.255856,21.48683],[39.255636,21.486789],[39.255624,21.486844]]]]},"properties":{"capacity":9.0,"subtype":1,"description":"CAR PARKING TENT","branch":"السليمانية","area_sqm":141.419,"parking_id":"NET_PARKING_LOTS-000114"}},{"type":"Feature","id":"NET_PARKING_LOTS-000115","geometry":{"type":"MultiPolygon","coordinates":[[[[39.255148,21.486766],[39.255372,21.486803],[39.255381,21.486751],[39.255159,21.486711],[39.255148,21.486766]]]]},"properties":{"capacity":9.0,"subtype":1,"description":"CAR PARKING TENT","branch":"السليمانية","area_sqm":141.185,"parking_id":"NET_PARKING_LOTS-000115"}},{"type":"Feature","id":"NET_PARKING_LOTS-000116","geometry":{"type":"MultiPolygon","coordinates":[[[[39.255149,21.48671],[39.255033,21.48669],[39.255023,21.486745],[39.25514,21.486765],[39.255149,21.48671]]]]},"properties":{"capacity":4.0,"subtype":1,"description":"CAR PARKING TENT","branch":"السليمانية","area_sqm":75.299,"parking_id":"NET_PARKING_LOTS-000116"}},{"type":"Feature","id":"NET_PARKING_LOTS-000117","geometry":{"type":"MultiPolygon","coordinates":[[[[39.25481,21.487634],[39.254872,21.487308],[39.254814,21.487297],[39.254751,21.487625],[39.25481,21.487634]]]]},"properties":{"capacity":14.0,"subtype":1,"description":"CAR PARKING TENT","branch":"السليمانية","area_sqm":225.727,"parking_id":"NET_PARKING_LOTS-000117"}},{"type":"Feature","id":"NET_PARKING_LOTS-000118","geometry":{"type":"MultiPolygon","coordinates":[[[[39.254827,21.487251],[39.25488,21.48726],[39.254977,21.486745],[39.254924,21.486736],[39.254827,21.487251]]]]},"properties":{"capacity":22.0,"subtype":1,"description":"CAR PARKING TENT","branch":"السليمانية","area_sqm":322.062,"parking_id":"NET_PARKING_LOTS-000118"}},{"type":"Feature","id":"NET_PARKING_LOTS-000119","geometry":{"type":"MultiPolygon","coordinates":[[[[39.256784,21.489261],[39.256525,21.489293],[39.256532,21.489343],[39.256791,21.489311],[39.256784,21.489261]]]]},"properties":{"capacity":10.0,"subtype":1,"description":"CAR PARKING TENT","branch":"السليمانية","area_sqm":151.046,"parking_id":"NET_PARKING_LOTS-000119"}},{"type":"Feature","id":"NET_PARKING_LOTS-000120","geometry":{"type":"MultiPolygon","coordinates":[[[[39.256795,21.489338],[39.256536,21.48937],[39.256543,21.48942],[39.256802,21.489388],[39.256795,21.489338]]]]},"properties":{"capacity":10.0,"subtype":1,"description":"CAR PARKING TENT","branch":"السليمانية","area_sqm":151.046,"parking_id":"NET_PARKING_LOTS-000120"}},{"type":"Feature","id":"NET_PARKING_LOTS-000121","geometry":{"type":"MultiPolygon","coordinates":[[[[39.258876,21.48957],[39.258848,21.489369],[39.2588,21.489375],[39.258828,21.489576],[39.258876,21.48957]]]]},"properties":{"capacity":8.0,"subtype":1,"description":"CAR PARKING TENT","branch":"السليمانية","area_sqm":112.276,"parking_id":"NET_PARKING_LOTS-000121"}},{"type":"Feature","id":"NET_PARKING_LOTS-000122","geometry":{"type":"MultiPolygon","coordinates":[[[[39.258639,21.489148],[39.258626,21.489059],[39.258588,21.489064],[39.258623,21.489313],[39.258642,21.48931],[39.258661,21.489308],[39.258639,21.489148]]]]},"properties":{"capacity":10.0,"subtype":1,"description":"CAR PARKING TENT","branch":"السليمانية","area_sqm":110.893,"parking_id":"NET_PARKING_LOTS-000122"}},{"type":"Feature","id":"NET_PARKING_LOTS-000123","geometry":{"type":"MultiPolygon","coordinates":[[[[39.25699,21.489537],[39.25693,21.489113],[39.256885,21.489119],[39.256944,21.489542],[39.25699,21.489537]]]]},"properties":{"capacity":18.0,"subtype":1,"description":"CAR PARKING TENT","branch":"السليمانية","area_sqm":225.198,"parking_id":"NET_PARKING_LOTS-000123"}},{"type":"Feature","id":"NET_PARKING_LOTS-000124","geometry":{"type":"MultiPolygon","coordinates":[[[[39.258469,21.489641],[39.258463,21.4896],[39.258082,21.489645],[39.258088,21.489687],[39.258469,21.489641]]]]},"properties":{"capacity":15.0,"subtype":1,"description":"CAR PARKING TENT","branch":"السليمانية","area_sqm":185.505,"parking_id":"NET_PARKING_LOTS-000124"}},{"type":"Feature","id":"NET_PARKING_LOTS-000125","geometry":{"type":"MultiPolygon","coordinates":[[[[39.257285,21.489783],[39.257934,21.489706],[39.257929,21.489664],[39.25728,21.489742],[39.257285,21.489783]]]]},"properties":{"capacity":25.0,"subtype":1,"description":"CAR PARKING TENT","branch":"السليمانية","area_sqm":316.505,"parking_id":"NET_PARKING_LOTS-000125"}},{"type":"Feature","id":"NET_PARKING_LOTS-000126","geometry":{"type":"MultiPolygon","coordinates":[[[[39.255655,21.48875],[39.25571,21.488743],[39.255679,21.488523],[39.255625,21.488529],[39.255655,21.48875]]]]},"properties":{"capacity":9.0,"subtype":1,"description":"CAR PARKING TENT","branch":"السليمانية","area_sqm":139.071,"parking_id":"NET_PARKING_LOTS-000126"}},{"type":"Feature","id":"NET_PARKING_LOTS-000127","geometry":{"type":"MultiPolygon","coordinates":[[[[39.257332,21.488296],[39.257288,21.487987],[39.257238,21.487994],[39.257281,21.488302],[39.257332,21.488296]]]]},"properties":{"capacity":13.0,"subtype":1,"description":"CAR PARKING TENT","branch":"السليمانية","area_sqm":181.97,"parking_id":"NET_PARKING_LOTS-000127"}},{"type":"Feature","id":"NET_PARKING_LOTS-000128","geometry":{"type":"MultiPolygon","coordinates":[[[[39.253327,21.49076],[39.253638,21.490721],[39.25363,21.490665],[39.25332,21.490704],[39.253327,21.49076]]]]},"properties":{"capacity":12.0,"subtype":1,"description":"CAR PARKING TENT","branch":"السليمانية","area_sqm":203.703,"parking_id":"NET_PARKING_LOTS-000128"}},{"type":"Feature","id":"NET_PARKING_LOTS-000129","geometry":{"type":"MultiPolygon","coordinates":[[[[39.260386,21.489992],[39.260178,21.490015],[39.260184,21.490065],[39.260393,21.49004],[39.260386,21.489992]]]]},"properties":{"capacity":8.0,"subtype":1,"description":"CAR PARKING TENT","branch":"السليمانية","area_sqm":118.798,"parking_id":"NET_PARKING_LOTS-000129"}},{"type":"Feature","id":"NET_PARKING_LOTS-000130","geometry":{"type":"MultiPolygon","coordinates":[[[[39.259866,21.489192],[39.25986,21.489142],[39.259711,21.48916],[39.25972,21.489211],[39.259866,21.489192]]]]},"properties":{"capacity":6.0,"subtype":1,"description":"CAR PARKING TENT","branch":"السليمانية","area_sqm":86.912,"parking_id":"NET_PARKING_LOTS-000130"}},{"type":"Feature","id":"NET_PARKING_LOTS-000131","geometry":{"type":"MultiPolygon","coordinates":[[[[39.258056,21.490815],[39.258125,21.490807],[39.258118,21.490756],[39.258049,21.490764],[39.258056,21.490815]]]]},"properties":{"capacity":6.0,"subtype":1,"description":"CAR PARKING TENT","branch":"السليمانية","area_sqm":40.74,"parking_id":"NET_PARKING_LOTS-000131"}},{"type":"Feature","id":"NET_PARKING_LOTS-000132","geometry":{"type":"MultiPolygon","coordinates":[[[[39.258125,21.490807],[39.258193,21.490799],[39.258186,21.490748],[39.258118,21.490756],[39.258125,21.490807]]]]},"properties":{"capacity":6.0,"subtype":1,"description":"CAR PARKING TENT","branch":"السليمانية","area_sqm":40.74,"parking_id":"NET_PARKING_LOTS-000132"}},{"type":"Feature","id":"NET_PARKING_LOTS-000133","geometry":{"type":"MultiPolygon","coordinates":[[[[39.258516,21.490759],[39.258584,21.49075],[39.258577,21.490699],[39.258509,21.490707],[39.258516,21.490759]]]]},"properties":{"capacity":7.0,"subtype":1,"description":"CAR PARKING TENT","branch":"السليمانية","area_sqm":40.741,"parking_id":"NET_PARKING_LOTS-000133"}},{"type":"Feature","id":"NET_PARKING_LOTS-000134","geometry":{"type":"MultiPolygon","coordinates":[[[[39.258584,21.49075],[39.258652,21.490742],[39.258645,21.490691],[39.258577,21.490699],[39.258584,21.49075]]]]},"properties":{"capacity":11.0,"subtype":1,"description":"CAR PARKING TENT","branch":"السليمانية","area_sqm":40.74,"parking_id":"NET_PARKING_LOTS-000134"}},{"type":"Feature","id":"NET_PARKING_LOTS-000135","geometry":{"type":"MultiPolygon","coordinates":[[[[39.258652,21.490742],[39.25872,21.490734],[39.258713,21.490683],[39.258645,21.490691],[39.258652,21.490742]]]]},"properties":{"capacity":11.0,"subtype":1,"description":"CAR PARKING TENT","branch":"السليمانية","area_sqm":40.74,"parking_id":"NET_PARKING_LOTS-000135"}},{"type":"Feature","id":"NET_PARKING_LOTS-000136","geometry":{"type":"MultiPolygon","coordinates":[[[[39.25872,21.490734],[39.258788,21.490725],[39.258781,21.490674],[39.258713,21.490682],[39.25872,21.490734]]]]},"properties":{"capacity":7.0,"subtype":1,"description":"CAR PARKING TENT","branch":"السليمانية","area_sqm":40.74,"parking_id":"NET_PARKING_LOTS-000136"}},{"type":"Feature","id":"NET_PARKING_LOTS-000137","geometry":{"type":"MultiPolygon","coordinates":[[[[39.259069,21.490691],[39.259137,21.490683],[39.25913,21.490632],[39.259062,21.49064],[39.259069,21.490691]]]]},"properties":{"capacity":2.0,"subtype":1,"description":"CAR PARKING TENT","branch":"السليمانية","area_sqm":40.741,"parking_id":"NET_PARKING_LOTS-000137"}},{"type":"Feature","id":"NET_PARKING_LOTS-000138","geometry":{"type":"MultiPolygon","coordinates":[[[[39.259145,21.490681],[39.259213,21.490673],[39.259206,21.490622],[39.259138,21.49063],[39.259145,21.490681]]]]},"properties":{"capacity":2.0,"subtype":1,"description":"CAR PARKING TENT","branch":"السليمانية","area_sqm":40.74,"parking_id":"NET_PARKING_LOTS-000138"}},{"type":"Feature","id":"NET_PARKING_LOTS-000139","geometry":{"type":"MultiPolygon","coordinates":[[[[39.259218,21.490672],[39.259286,21.490664],[39.259279,21.490613],[39.259211,21.490621],[39.259218,21.490672]]]]},"properties":{"capacity":2.0,"subtype":1,"description":"CAR PARKING TENT","branch":"السليمانية","area_sqm":40.74,"parking_id":"NET_PARKING_LOTS-000139"}},{"type":"Feature","id":"NET_PARKING_LOTS-000140","geometry":{"type":"MultiPolygon","coordinates":[[[[39.259292,21.490663],[39.25936,21.490655],[39.259353,21.490604],[39.259285,21.490612],[39.259292,21.490663]]]]},"properties":{"capacity":2.0,"subtype":1,"description":"CAR PARKING TENT","branch":"السليمانية","area_sqm":40.74,"parking_id":"NET_PARKING_LOTS-000140"}},{"type":"Feature","id":"NET_PARKING_LOTS-000141","geometry":{"type":"MultiPolygon","coordinates":[[[[39.255917,21.490683],[39.255966,21.491028],[39.256019,21.491021],[39.255971,21.490676],[39.255917,21.490683]]]]},"properties":{"capacity":14.0,"subtype":1,"description":"CAR PARKING TENT","branch":"السليمانية","area_sqm":215.735,"parking_id":"NET_PARKING_LOTS-000141"}},{"type":"Feature","id":"NET_PARKING_LOTS-000142","geometry":{"type":"MultiPolygon","coordinates":[[[[39.256447,21.48847],[39.256407,21.488444],[39.256345,21.488519],[39.256385,21.488544],[39.256447,21.48847]]]]},"properties":{"capacity":4.0,"subtype":1,"description":"CAR PARKING TENT","branch":"السليمانية","area_sqm":52.52,"parking_id":"NET_PARKING_LOTS-000142"}},{"type":"Feature","id":"NET_PARKING_LOTS-000143","geometry":{"type":"MultiPolygon","coordinates":[[[[39.256471,21.488603],[39.25648,21.48865],[39.256595,21.488628],[39.256585,21.488584],[39.256471,21.488603]]]]},"properties":{"capacity":4.0,"subtype":1,"description":"CAR PARKING TENT","branch":"السليمانية","area_sqm":61.438,"parking_id":"NET_PARKING_LOTS-000143"}},{"type":"Feature","id":"NET_PARKING_LOTS-000144","geometry":{"type":"MultiPolygon","coordinates":[[[[39.256342,21.491044],[39.256319,21.491028],[39.256311,21.490974],[39.256137,21.490996],[39.256145,21.49105],[39.256144,21.49105],[39.256144,21.49105],[39.256144,21.49105],[39.256143,21.49105],[39.256143,21.49105],[39.256142,21.49105],[39.256142,21.49105],[39.256148,21.491101],[39.256149,21.491101],[39.256149,21.491101],[39.25615,21.491101],[39.25615,21.4911],[39.256151,21.4911],[39.256151,21.4911],[39.256152,21.4911],[39.256159,21.491154],[39.256334,21.491132],[39.256327,21.491079],[39.256344,21.491058],[39.256342,21.491044]]]]},"properties":{"capacity":14.0,"subtype":1,"description":"PARKING SHED CONCRETE","branch":"السليمانية","area_sqm":331.13,"parking_id":"NET_PARKING_LOTS-000144"}},{"type":"Feature","id":"NET_PARKING_LOTS-000145","geometry":{"type":"MultiPolygon","coordinates":[[[[39.256192,21.492141],[39.256158,21.491925],[39.256108,21.491932],[39.256142,21.492148],[39.256192,21.492141]]]]},"properties":{"capacity":9.0,"subtype":1,"description":"PARKING SHED CONCRETE","branch":"السليمانية","area_sqm":127.524,"parking_id":"NET_PARKING_LOTS-000145"}},{"type":"Feature","id":"NET_PARKING_LOTS-000146","geometry":{"type":"MultiPolygon","coordinates":[[[[39.256191,21.492234],[39.256178,21.492149],[39.256121,21.492157],[39.256133,21.492241],[39.256191,21.492234]]]]},"properties":{"capacity":3.0,"subtype":1,"description":"PARKING SHED CONCRETE","branch":"السليمانية","area_sqm":56.775,"parking_id":"NET_PARKING_LOTS-000146"}},{"type":"Feature","id":"NET_PARKING_LOTS-000147","geometry":{"type":"MultiPolygon","coordinates":[[[[39.256191,21.492234],[39.256178,21.492149],[39.256121,21.492157],[39.256133,21.492241],[39.256191,21.492234]]]]},"properties":{"capacity":3.0,"subtype":1,"description":"PARKING SHED CONCRETE","branch":"السليمانية","area_sqm":56.775,"parking_id":"NET_PARKING_LOTS-000147"}},{"type":"Feature","id":"NET_PARKING_LOTS-000148","geometry":{"type":"MultiPolygon","coordinates":[[[[39.256191,21.492234],[39.256178,21.492149],[39.256121,21.492157],[39.256133,21.492241],[39.256191,21.492234]]]]},"properties":{"capacity":3.0,"subtype":1,"description":"PARKING SHED CONCRETE","branch":"السليمانية","area_sqm":56.775,"parking_id":"NET_PARKING_LOTS-000148"}},{"type":"Feature","id":"NET_PARKING_LOTS-000149","geometry":{"type":"MultiPolygon","coordinates":[[[[39.256035,21.491193],[39.256035,21.491189],[39.255984,21.491195],[39.255987,21.491219],[39.255991,21.491243],[39.255994,21.491266],[39.255998,21.49129],[39.256001,21.491314],[39.256004,21.491337],[39.256008,21.491361],[39.256011,21.491385],[39.256014,21.491409],[39.256018,21.491432],[39.256021,21.491456],[39.256024,21.49148],[39.256028,21.491504],[39.256031,21.491527],[39.256035,21.491551],[39.256038,21.491575],[39.256041,21.491599],[39.256049,21.491656],[39.256053,21.491679],[39.256103,21.491671],[39.256085,21.491545],[39.256082,21.491521],[39.256078,21.491497],[39.256075,21.491474],[39.256072,21.49145],[39.256068,21.491426],[39.256065,21.491402],[39.256062,21.491379],[39.256058,21.491355],[39.256055,21.491331],[39.256051,21.491307],[39.256048,21.491284],[39.256035,21.491193]]]]},"properties":{"capacity":20.0,"subtype":1,"description":"PARKING SHED CONCRETE","branch":"السليمانية","area_sqm":284.851,"parking_id":"NET_PARKING_LOTS-000149"}},{"type":"Feature","id":"NET_PARKING_LOTS-000150","geometry":{"type":"MultiPolygon","coordinates":[[[[39.257163,21.491524],[39.257214,21.491519],[39.257173,21.491213],[39.257122,21.491218],[39.257163,21.491524]]]]},"properties":{"capacity":13.0,"subtype":1,"description":"INDIVIDUAL PARKING","branch":"السليمانية","area_sqm":180.409,"parking_id":"NET_PARKING_LOTS-000150"}},{"type":"Feature","id":"NET_PARKING_LOTS-000151","geometry":{"type":"MultiPolygon","coordinates":[[[[39.256729,21.491062],[39.256754,21.491059],[39.256747,21.491012],[39.25643,21.491051],[39.256437,21.491098],[39.256729,21.491062]]]]},"properties":{"capacity":12.0,"subtype":1,"description":"PARKING SHED CONCRETE","branch":"السليمانية","area_sqm":174.907,"parking_id":"NET_PARKING_LOTS-000151"}},{"type":"Feature","id":"NET_PARKING_LOTS-000152","geometry":{"type":"MultiPolygon","coordinates":[[[[39.256776,21.489194],[39.256769,21.489146],[39.25645,21.489186],[39.256456,21.489233],[39.256776,21.489194]]]]},"properties":{"capacity":12.0,"subtype":1,"description":"PARKING SHED CONCRETE","branch":"السليمانية","area_sqm":176.231,"parking_id":"NET_PARKING_LOTS-000152"}},{"type":"Feature","id":"NET_PARKING_LOTS-000153","geometry":{"type":"MultiPolygon","coordinates":[[[[39.256817,21.489498],[39.256811,21.489451],[39.256496,21.48949],[39.256503,21.489537],[39.256817,21.489498]]]]},"properties":{"capacity":12.0,"subtype":1,"description":"PARKING SHED CONCRETE","branch":"السليمانية","area_sqm":173.633,"parking_id":"NET_PARKING_LOTS-000153"}},{"type":"Feature","id":"NET_PARKING_LOTS-000154","geometry":{"type":"MultiPolygon","coordinates":[[[[39.257196,21.488685],[39.257341,21.488509],[39.2573,21.48848],[39.257155,21.488655],[39.257196,21.488685]]]]},"properties":{"capacity":9.0,"subtype":1,"description":"CAR PARKING TENT","branch":"السليمانية","area_sqm":129.59,"parking_id":"NET_PARKING_LOTS-000154"}},{"type":"Feature","id":"NET_PARKING_LOTS-000155","geometry":{"type":"MultiPolygon","coordinates":[[[[39.25672,21.488424],[39.256712,21.488364],[39.256661,21.488371],[39.25667,21.48843],[39.25672,21.488424]]]]},"properties":{"capacity":2.0,"subtype":1,"description":"CAR PARKING TENT","branch":"السليمانية","area_sqm":34.99,"parking_id":"NET_PARKING_LOTS-000155"}},{"type":"Feature","id":"NET_PARKING_LOTS-000156","geometry":{"type":"MultiPolygon","coordinates":[[[[39.258603,21.488176],[39.25865,21.48794],[39.2586,21.487932],[39.258553,21.488167],[39.258603,21.488176]]]]},"properties":{"capacity":10.0,"subtype":1,"description":"PARKING SHED CONCRETE","branch":"السليمانية","area_sqm":139.976,"parking_id":"NET_PARKING_LOTS-000156"}},{"type":"Feature","id":"NET_PARKING_LOTS-000157","geometry":{"type":"MultiPolygon","coordinates":[[[[39.257256,21.487738],[39.257254,21.487724],[39.257252,21.487714],[39.257249,21.487691],[39.257246,21.487667],[39.257242,21.487643],[39.257239,21.48762],[39.257236,21.487596],[39.257232,21.487572],[39.257229,21.487548],[39.257226,21.487525],[39.257222,21.487501],[39.257219,21.487477],[39.257216,21.487453],[39.257212,21.48743],[39.25721,21.48741],[39.257159,21.487414],[39.257162,21.487436],[39.257165,21.48746],[39.257169,21.487483],[39.257172,21.487507],[39.257175,21.487531],[39.257179,21.487555],[39.257182,21.487578],[39.257185,21.487602],[39.257189,21.487626],[39.257192,21.487649],[39.257195,21.487673],[39.257199,21.487697],[39.257202,21.487721],[39.257205,21.487744],[39.257228,21.487742],[39.257256,21.487738]]]]},"properties":{"capacity":14.0,"subtype":1,"description":"PARKING SHED CONCRETE","branch":"السليمانية","area_sqm":194.192,"parking_id":"NET_PARKING_LOTS-000157"}},{"type":"Feature","id":"NET_PARKING_LOTS-000158","geometry":{"type":"MultiPolygon","coordinates":[[[[39.258782,21.493998],[39.25881,21.493958],[39.258175,21.493555],[39.258146,21.493595],[39.258782,21.493998]]]]},"properties":{"capacity":30.0,"subtype":1,"description":"CAR PARKING TENT","branch":"السليمانية","area_sqm":419.939,"parking_id":"NET_PARKING_LOTS-000158"}},{"type":"Feature","id":"NET_PARKING_LOTS-000159","geometry":{"type":"MultiPolygon","coordinates":[[[[39.25893,21.493884],[39.258959,21.493844],[39.258324,21.49344],[39.258295,21.49348],[39.25893,21.493884]]]]},"properties":{"capacity":30.0,"subtype":1,"description":"CAR PARKING TENT","branch":"السليمانية","area_sqm":419.933,"parking_id":"NET_PARKING_LOTS-000159"}},{"type":"Feature","id":"NET_PARKING_LOTS-000160","geometry":{"type":"MultiPolygon","coordinates":[[[[39.259834,21.49446],[39.259862,21.494421],[39.259144,21.493962],[39.259115,21.494002],[39.259834,21.49446]]]]},"properties":{"capacity":34.0,"subtype":1,"description":"CAR PARKING TENT","branch":"السليمانية","area_sqm":475.923,"parking_id":"NET_PARKING_LOTS-000160"}},{"type":"Feature","id":"NET_PARKING_LOTS-000161","geometry":{"type":"MultiPolygon","coordinates":[[[[39.25973,21.494603],[39.259758,21.494563],[39.25904,21.494104],[39.259011,21.494144],[39.25973,21.494603]]]]},"properties":{"capacity":34.0,"subtype":1,"description":"CAR PARKING TENT","branch":"السليمانية","area_sqm":475.924,"parking_id":"NET_PARKING_LOTS-000161"}},{"type":"Feature","id":"NET_PARKING_LOTS-000162","geometry":{"type":"MultiPolygon","coordinates":[[[[39.257798,21.493075],[39.257813,21.493057],[39.257733,21.492479],[39.257692,21.49245],[39.257678,21.492467],[39.257757,21.493046],[39.257798,21.493075]]]]},"properties":{"capacity":21.0,"subtype":1,"description":"CAR PARKING TENT","branch":"السليمانية","area_sqm":366.734,"parking_id":"NET_PARKING_LOTS-000162"}},{"type":"Feature","id":"NET_PARKING_LOTS-000163","geometry":{"type":"MultiPolygon","coordinates":[[[[39.257645,21.493051],[39.257675,21.493051],[39.257706,21.493013],[39.257639,21.492575],[39.25758,21.492535],[39.257549,21.492573],[39.257595,21.49303],[39.257626,21.493037],[39.257645,21.493051]]]]},"properties":{"capacity":21.0,"subtype":1,"description":"CAR PARKING TENT","branch":"السليمانية","area_sqm":564.796,"parking_id":"NET_PARKING_LOTS-000163"}},{"type":"Feature","id":"NET_PARKING_LOTS-000164","geometry":{"type":"MultiPolygon","coordinates":[[[[39.257544,21.493029],[39.257558,21.493012],[39.257501,21.492595],[39.25746,21.492566],[39.257446,21.492583],[39.257503,21.493],[39.257544,21.493029]]]]},"properties":{"capacity":14.0,"subtype":1,"description":"CAR PARKING TENT","branch":"السليمانية","area_sqm":265.44,"parking_id":"NET_PARKING_LOTS-000164"}},{"type":"Feature","id":"NET_PARKING_LOTS-000165","geometry":{"type":"MultiPolygon","coordinates":[[[[39.257412,21.492605],[39.257406,21.492558],[39.257177,21.492587],[39.257184,21.492634],[39.257412,21.492605]]]]},"properties":{"capacity":9.0,"subtype":1,"description":"CAR PARKING TENT","branch":"السليمانية","area_sqm":125.977,"parking_id":"NET_PARKING_LOTS-000165"}},{"type":"Feature","id":"NET_PARKING_LOTS-000166","geometry":{"type":"MultiPolygon","coordinates":[[[[39.257752,21.493421],[39.257746,21.493374],[39.257517,21.493402],[39.257524,21.493449],[39.257752,21.493421]]]]},"properties":{"capacity":9.0,"subtype":1,"description":"CAR PARKING TENT","branch":"السليمانية","area_sqm":125.979,"parking_id":"NET_PARKING_LOTS-000166"}},{"type":"Feature","id":"NET_PARKING_LOTS-000167","geometry":{"type":"MultiPolygon","coordinates":[[[[39.262394,21.49346],[39.26238,21.493365],[39.26233,21.493372],[39.262343,21.493467],[39.262394,21.49346]]]]},"properties":{"capacity":4.0,"subtype":1,"description":"CAR PARKING TENT","branch":"السليمانية","area_sqm":55.991,"parking_id":"NET_PARKING_LOTS-000167"}},{"type":"Feature","id":"NET_PARKING_LOTS-000168","geometry":{"type":"MultiPolygon","coordinates":[[[[39.262285,21.493341],[39.262278,21.493294],[39.262126,21.493313],[39.262133,21.493361],[39.262285,21.493341]]]]},"properties":{"capacity":6.0,"subtype":1,"description":"CAR PARKING TENT","branch":"السليمانية","area_sqm":83.987,"parking_id":"NET_PARKING_LOTS-000168"}},{"type":"Feature","id":"NET_PARKING_LOTS-000169","geometry":{"type":"MultiPolygon","coordinates":[[[[39.258839,21.497147],[39.258797,21.497121],[39.258725,21.497219],[39.258767,21.497246],[39.258839,21.497147]]]]},"properties":{"capacity":5.0,"subtype":1,"description":"CAR PARKING TENT","branch":"السليمانية","area_sqm":69.989,"parking_id":"NET_PARKING_LOTS-000169"}},{"type":"Feature","id":"NET_PARKING_LOTS-000170","geometry":{"type":"MultiPolygon","coordinates":[[[[39.258634,21.497272],[39.258662,21.49723],[39.258535,21.497149],[39.258506,21.497188],[39.258634,21.497272]]]]},"properties":{"capacity":6.0,"subtype":1,"description":"CAR PARKING TENT","branch":"السليمانية","area_sqm":85.898,"parking_id":"NET_PARKING_LOTS-000170"}},{"type":"Feature","id":"NET_PARKING_LOTS-000171","geometry":{"type":"MultiPolygon","coordinates":[[[[39.25866,21.496988],[39.258624,21.496953],[39.25851,21.49705],[39.258544,21.497085],[39.25866,21.496988]]]]},"properties":{"capacity":6.0,"subtype":1,"description":"CAR PARKING TENT","branch":"السليمانية","area_sqm":85.25,"parking_id":"NET_PARKING_LOTS-000171"}},{"type":"Feature","id":"NET_PARKING_LOTS-000172","geometry":{"type":"MultiPolygon","coordinates":[[[[39.256545,21.498239],[39.256573,21.4982],[39.256425,21.498105],[39.256397,21.498145],[39.256545,21.498239]]]]},"properties":{"capacity":7.0,"subtype":1,"description":"CAR PARKING TENT","branch":"السليمانية","area_sqm":97.984,"parking_id":"NET_PARKING_LOTS-000172"}},{"type":"Feature","id":"NET_PARKING_LOTS-000173","geometry":{"type":"MultiPolygon","coordinates":[[[[39.256431,21.498317],[39.256459,21.498277],[39.256396,21.498237],[39.256367,21.498276],[39.256431,21.498317]]]]},"properties":{"capacity":3.0,"subtype":1,"description":"CAR PARKING TENT","branch":"السليمانية","area_sqm":41.993,"parking_id":"NET_PARKING_LOTS-000173"}},{"type":"Feature","id":"NET_PARKING_LOTS-000174","geometry":{"type":"MultiPolygon","coordinates":[[[[39.256273,21.498218],[39.256331,21.498139],[39.256289,21.498112],[39.256231,21.498191],[39.256273,21.498218]]]]},"properties":{"capacity":4.0,"subtype":1,"description":"CAR PARKING TENT","branch":"السليمانية","area_sqm":55.993,"parking_id":"NET_PARKING_LOTS-000174"}},{"type":"Feature","id":"NET_PARKING_LOTS-000175","geometry":{"type":"MultiPolygon","coordinates":[[[[39.256187,21.498423],[39.256216,21.498383],[39.255983,21.498235],[39.255955,21.498274],[39.256187,21.498423]]]]},"properties":{"capacity":11.0,"subtype":1,"description":"CAR PARKING TENT","branch":"السليمانية","area_sqm":153.98,"parking_id":"NET_PARKING_LOTS-000175"}},{"type":"Feature","id":"NET_PARKING_LOTS-000176","geometry":{"type":"MultiPolygon","coordinates":[[[[39.255875,21.498223],[39.255904,21.498184],[39.25565,21.498022],[39.255621,21.498061],[39.255875,21.498223]]]]},"properties":{"capacity":12.0,"subtype":1,"description":"CAR PARKING TENT","branch":"السليمانية","area_sqm":167.969,"parking_id":"NET_PARKING_LOTS-000176"}},{"type":"Feature","id":"NET_PARKING_LOTS-000177","geometry":{"type":"MultiPolygon","coordinates":[[[[39.255719,21.497862],[39.255748,21.497823],[39.255663,21.497769],[39.255634,21.497808],[39.255719,21.497862]]]]},"properties":{"capacity":4.0,"subtype":1,"description":"CAR PARKING TENT","branch":"السليمانية","area_sqm":55.991,"parking_id":"NET_PARKING_LOTS-000177"}},{"type":"Feature","id":"NET_PARKING_LOTS-000178","geometry":{"type":"MultiPolygon","coordinates":[[[[39.255811,21.497771],[39.25584,21.497732],[39.255692,21.497637],[39.255663,21.497677],[39.255811,21.497771]]]]},"properties":{"capacity":7.0,"subtype":1,"description":"CAR PARKING TENT","branch":"السليمانية","area_sqm":97.983,"parking_id":"NET_PARKING_LOTS-000178"}},{"type":"Feature","id":"NET_PARKING_LOTS-000179","geometry":{"type":"MultiPolygon","coordinates":[[[[39.253392,21.489477],[39.253385,21.48943],[39.25336,21.489433],[39.253335,21.489436],[39.253309,21.489439],[39.253284,21.489442],[39.253258,21.489445],[39.253233,21.489448],[39.253208,21.489452],[39.253182,21.489455],[39.253157,21.489458],[39.253132,21.489461],[39.253106,21.489464],[39.253081,21.489467],[39.253088,21.489514],[39.253113,21.489511],[39.253138,21.489508],[39.253164,21.489505],[39.253189,21.489502],[39.253214,21.489499],[39.25324,21.489496],[39.253265,21.489493],[39.25329,21.48949],[39.253316,21.489486],[39.253341,21.489483],[39.253367,21.48948],[39.253392,21.489477]]]]},"properties":{"capacity":12.0,"subtype":1,"description":"CAR PARKING","branch":"السليمانية","area_sqm":167.975,"parking_id":"NET_PARKING_LOTS-000179"}},{"type":"Feature","id":"NET_PARKING_LOTS-000180","geometry":{"type":"MultiPolygon","coordinates":[[[[39.252925,21.501468],[39.253205,21.50149],[39.253287,21.501495],[39.253288,21.501489],[39.25343,21.5015],[39.253508,21.501505],[39.253624,21.501505],[39.253996,21.501517],[39.253997,21.501551],[39.254185,21.501564],[39.255409,21.501648],[39.255331,21.502423],[39.25533,21.502438],[39.255551,21.502453],[39.255553,21.502438],[39.255563,21.502334],[39.255571,21.502259],[39.255742,21.500565],[39.254043,21.500441],[39.253998,21.500441],[39.253953,21.500443],[39.253908,21.500449],[39.253863,21.500457],[39.253819,21.500469],[39.253777,21.500483],[39.253735,21.5005],[39.253713,21.500511],[39.253692,21.500523],[39.25367,21.500535],[39.25365,21.500548],[39.25363,21.500562],[39.25361,21.500576],[39.253591,21.500591],[39.253579,21.5006],[39.253566,21.500608],[39.253552,21.500616],[39.253539,21.500624],[39.253525,21.500631],[39.253511,21.500638],[39.253497,21.500644],[39.253498,21.500682],[39.253497,21.500683],[39.253497,21.500683],[39.253496,21.500684],[39.253495,21.500684],[39.253494,21.500685],[39.253494,21.500685],[39.253493,21.500685],[39.253492,21.500686],[39.253491,21.500686],[39.253491,21.500686],[39.25349,21.500686],[39.253489,21.500686],[39.253488,21.500686],[39.253487,21.500686],[39.253486,21.500686],[39.253486,21.500686],[39.253485,21.500685],[39.253484,21.500685],[39.253483,21.500685],[39.253483,21.500684],[39.253482,21.500684],[39.253481,21.500683],[39.253481,21.500683],[39.25348,21.500682],[39.253479,21.500682],[39.253479,21.500681],[39.253478,21.500681],[39.253477,21.500654],[39.253475,21.5006],[39.253281,21.500627],[39.253282,21.500627],[39.253282,21.500627],[39.253283,21.500628],[39.253283,21.500628],[39.253284,21.500628],[39.253284,21.500629],[39.253284,21.500629],[39.253285,21.500629],[39.253285,21.50063],[39.253286,21.50063],[39.253286,21.500631],[39.253286,21.500631],[39.253286,21.500632],[39.253287,21.500632],[39.253287,21.500633],[39.253287,21.500633],[39.253287,21.500634],[39.253287,21.500634],[39.253287,21.500635],[39.253287,21.500635],[39.253287,21.500636],[39.253282,21.500714],[39.253282,21.500715],[39.253282,21.500715],[39.253282,21.500716],[39.253281,21.500717],[39.253281,21.500717],[39.253281,21.500718],[39.25328,21.500718],[39.25328,21.500719],[39.253279,21.500719],[39.253279,21.50072],[39.253278,21.50072],[39.253278,21.500721],[39.253277,21.500721],[39.253276,21.500722],[39.253276,21.500722],[39.253275,21.500722],[39.253274,21.500722],[39.253273,21.500723],[39.253273,21.500723],[39.253272,21.500723],[39.253271,21.500723],[39.25327,21.500723],[39.25327,21.500723],[39.253269,21.500723],[39.253268,21.500722],[39.253267,21.500722],[39.253267,21.500722],[39.253266,21.500722],[39.253265,21.500721],[39.253265,21.500721],[39.253264,21.500721],[39.253233,21.500716],[39.253202,21.50071],[39.253171,21.500702],[39.253142,21.500692],[39.253112,21.50068],[39.253084,21.500667],[39.253056,21.500652],[39.25303,21.500636],[39.253005,21.500618],[39.252925,21.501468]]]]},"properties":{"capacity":552.0,"subtype":1,"description":"مفتوح","branch":"السليمانية","area_sqm":34305.876,"parking_id":"NET_PARKING_LOTS-000180"}},{"type":"Feature","id":"NET_PARKING_LOTS-000181","geometry":{"type":"MultiPolygon","coordinates":[[[[39.258192,21.502602],[39.258308,21.50261],[39.258309,21.502566],[39.2582,21.502558],[39.258192,21.502602]]]]},"properties":{"subtype":1,"description":"CAR PARKING TENT.","branch":"السليمانية","area_sqm":57.093,"parking_id":"NET_PARKING_LOTS-000181"}},{"type":"Feature","id":"NET_PARKING_LOTS-000182","geometry":{"type":"MultiPolygon","coordinates":[[[[39.240794,21.500552],[39.240796,21.500496],[39.240524,21.500491],[39.240521,21.500547],[39.240553,21.500547],[39.240794,21.500552]]]]},"properties":{"subtype":1,"description":"CAR PARKING TENT.","branch":"السليمانية","area_sqm":173.902,"parking_id":"NET_PARKING_LOTS-000182"}},{"type":"Feature","id":"NET_PARKING_LOTS-000183","geometry":{"type":"MultiPolygon","coordinates":[[[[39.249081,21.501322],[39.249131,21.501326],[39.24914,21.501226],[39.24909,21.501222],[39.249081,21.501322]]]]},"properties":{"subtype":1,"description":"CAR PARKING TENT.","branch":"السليمانية","area_sqm":58.064,"parking_id":"NET_PARKING_LOTS-000183"}},{"type":"Feature","id":"NET_PARKING_LOTS-000184","geometry":{"type":"MultiPolygon","coordinates":[[[[39.249399,21.500359],[39.249479,21.500364],[39.249483,21.500307],[39.249403,21.500302],[39.249399,21.500359]]]]},"properties":{"capacity":1.0,"subtype":1,"description":"PARKING SHED CONCRETE","branch":"السليمانية","area_sqm":52.755,"parking_id":"NET_PARKING_LOTS-000184"}},{"type":"Feature","id":"NET_PARKING_LOTS-000185","geometry":{"type":"MultiPolygon","coordinates":[[[[39.249275,21.50035],[39.249354,21.500355],[39.24936,21.500299],[39.249279,21.500293],[39.249275,21.50035]]]]},"properties":{"capacity":1.0,"subtype":1,"description":"PARKING SHED CONCRETE","branch":"السليمانية","area_sqm":52.141,"parking_id":"NET_PARKING_LOTS-000185"}},{"type":"Feature","id":"NET_PARKING_LOTS-000186","geometry":{"type":"MultiPolygon","coordinates":[[[[39.250031,21.50049],[39.249981,21.501101],[39.250032,21.501153],[39.250046,21.501131],[39.250096,21.50056],[39.250031,21.50049]]]]},"properties":{"capacity":16.0,"subtype":1,"description":"مفتوح","branch":"السليمانية","area_sqm":482.006,"parking_id":"NET_PARKING_LOTS-000186"}},{"type":"Feature","id":"NET_PARKING_LOTS-000187","geometry":{"type":"MultiPolygon","coordinates":[[[[39.249538,21.500337],[39.249516,21.500609],[39.249567,21.500614],[39.249589,21.500341],[39.249538,21.500337]]]]},"properties":{"subtype":1,"description":"PARKING SHED CONCRETE","branch":"السليمانية","area_sqm":159.818,"parking_id":"NET_PARKING_LOTS-000187"}},{"type":"Feature","id":"NET_PARKING_LOTS-000188","geometry":{"type":"MultiPolygon","coordinates":[[[[39.249228,21.500597],[39.249252,21.500317],[39.249202,21.500313],[39.249176,21.500594],[39.24918,21.500593],[39.249228,21.500597]]]]},"properties":{"subtype":1,"description":"PARKING SHED CONCRETE","branch":"السليمانية","area_sqm":166.091,"parking_id":"NET_PARKING_LOTS-000188"}},{"type":"Feature","id":"NET_PARKING_LOTS-000189","geometry":{"type":"MultiPolygon","coordinates":[[[[39.249701,21.500625],[39.249722,21.500349],[39.249673,21.500345],[39.24965,21.500621],[39.249701,21.500625]]]]},"properties":{"subtype":1,"description":"PARKING SHED CONCRETE","branch":"السليمانية","area_sqm":158.473,"parking_id":"NET_PARKING_LOTS-000189"}},{"type":"Feature","id":"NET_PARKING_LOTS-000190","geometry":{"type":"MultiPolygon","coordinates":[[[[39.249846,21.500188],[39.249816,21.500185],[39.249729,21.501222],[39.249759,21.501225],[39.249846,21.500188]]]]},"properties":{"capacity":19.0,"subtype":1,"description":"مفتوح","branch":"السليمانية","area_sqm":359.368,"parking_id":"NET_PARKING_LOTS-000190"}},{"type":"Feature","id":"NET_PARKING_LOTS-000191","geometry":{"type":"MultiPolygon","coordinates":[[[[39.244686,21.499373],[39.244691,21.49936],[39.244695,21.499347],[39.24464,21.49933],[39.244631,21.499357],[39.244686,21.499373]]]]},"properties":{"subtype":1,"description":"HANDICAPPED PARKING","branch":"السليمانية","area_sqm":18.378,"parking_id":"NET_PARKING_LOTS-000191"}},{"type":"Feature","id":"NET_PARKING_LOTS-000192","geometry":{"type":"MultiPolygon","coordinates":[[[[39.2447,21.499332],[39.24471,21.499306],[39.244653,21.49929],[39.244645,21.499316],[39.2447,21.499332]]]]},"properties":{"subtype":1,"description":"HANDICAPPED PARKING","branch":"السليمانية","area_sqm":18.599,"parking_id":"NET_PARKING_LOTS-000192"}},{"type":"Feature","id":"NET_PARKING_LOTS-000193","geometry":{"type":"MultiPolygon","coordinates":[[[[39.244051,21.494272],[39.243924,21.494285],[39.24393,21.494333],[39.244057,21.49432],[39.244051,21.494272]]]]},"properties":{"capacity":5.0,"subtype":1,"description":"PARKING SHED CONCRETE","branch":"السليمانية","area_sqm":69.988,"parking_id":"NET_PARKING_LOTS-000193"}},{"type":"Feature","id":"NET_PARKING_LOTS-000194","geometry":{"type":"MultiPolygon","coordinates":[[[[39.24399,21.494111],[39.243812,21.494131],[39.243818,21.494178],[39.243996,21.494158],[39.24399,21.494111]]]]},"properties":{"capacity":7.0,"subtype":1,"description":"PARKING SHED CONCRETE","branch":"السليمانية","area_sqm":97.571,"parking_id":"NET_PARKING_LOTS-000194"}},{"type":"Feature","id":"NET_PARKING_LOTS-000195","geometry":{"type":"MultiPolygon","coordinates":[[[[39.243853,21.494442],[39.24403,21.49442],[39.244024,21.494372],[39.243846,21.494395],[39.243853,21.494442]]]]},"properties":{"capacity":7.0,"subtype":1,"description":"PARKING SHED CONCRETE","branch":"السليمانية","area_sqm":97.983,"parking_id":"NET_PARKING_LOTS-000195"}},{"type":"Feature","id":"NET_PARKING_LOTS-000196","geometry":{"type":"MultiPolygon","coordinates":[[[[39.243923,21.494278],[39.244051,21.494266],[39.244045,21.494218],[39.243918,21.494231],[39.243923,21.494278]]]]},"properties":{"capacity":5.0,"subtype":1,"description":"PARKING SHED CONCRETE","branch":"السليمانية","area_sqm":69.988,"parking_id":"NET_PARKING_LOTS-000196"}},{"type":"Feature","id":"NET_PARKING_LOTS-000197","geometry":{"type":"MultiPolygon","coordinates":[[[[39.240875,21.492139],[39.240859,21.492158],[39.240897,21.49219],[39.240915,21.492169],[39.240897,21.492156],[39.240938,21.492185],[39.240956,21.492164],[39.240979,21.49218],[39.240997,21.492158],[39.24102,21.492174],[39.241038,21.492153],[39.241061,21.492169],[39.241078,21.492148],[39.241101,21.492164],[39.241118,21.492144],[39.241141,21.49216],[39.24116,21.492138],[39.241119,21.492109],[39.241101,21.492131],[39.241077,21.492114],[39.24106,21.492135],[39.241037,21.492119],[39.241019,21.49214],[39.241038,21.492153],[39.240996,21.492124],[39.240979,21.492146],[39.240997,21.492158],[39.240955,21.49213],[39.240938,21.492151],[39.240956,21.492164],[39.240915,21.492135],[39.240897,21.492156],[39.240875,21.492139]]]]},"properties":{"capacity":7.0,"subtype":1,"description":"CAR PARKING","branch":"السليمانية","area_sqm":110.306,"parking_id":"NET_PARKING_LOTS-000197"}},{"type":"Feature","id":"NET_PARKING_LOTS-000198","geometry":{"type":"MultiPolygon","coordinates":[[[[39.250025,21.498387],[39.250042,21.498291],[39.24976,21.498244],[39.249741,21.498342],[39.250025,21.498387]]]]},"properties":{"subtype":1,"description":"CAR PARKING TENT","branch":"السليمانية","area_sqm":324.319,"parking_id":"NET_PARKING_LOTS-000198"}},{"type":"Feature","id":"NET_PARKING_LOTS-000199","geometry":{"type":"MultiPolygon","coordinates":[[[[39.250094,21.498399],[39.250447,21.498462],[39.250467,21.498372],[39.250114,21.498304],[39.250094,21.498399]]]]},"properties":{"subtype":1,"description":"CAR PARKING TENT","branch":"السليمانية","area_sqm":388.322,"parking_id":"NET_PARKING_LOTS-000199"}},{"type":"Feature","id":"NET_PARKING_LOTS-000200","geometry":{"type":"MultiPolygon","coordinates":[[[[39.250476,21.498298],[39.250495,21.4982],[39.250355,21.498177],[39.250342,21.498226],[39.250133,21.49819],[39.250119,21.498238],[39.250476,21.498298]]]]},"properties":{"subtype":1,"description":"CAR PARKING TENT","branch":"السليمانية","area_sqm":286.233,"parking_id":"NET_PARKING_LOTS-000200"}},{"type":"Feature","id":"NET_PARKING_LOTS-000201","geometry":{"type":"MultiPolygon","coordinates":[[[[39.239735,21.493744],[39.239736,21.493743],[39.239756,21.493728],[39.239733,21.493702],[39.239696,21.493729],[39.239719,21.493755],[39.239735,21.493744],[39.239735,21.493744]]]]},"properties":{"subtype":1,"description":"PARKING SHED CONCRETE","branch":"السليمانية","area_sqm":18.216,"parking_id":"NET_PARKING_LOTS-000201"}},{"type":"Feature","id":"NET_PARKING_LOTS-000202","geometry":{"type":"MultiPolygon","coordinates":[[[[39.250635,21.490537],[39.250681,21.490298],[39.250719,21.490103],[39.250701,21.490101],[39.250683,21.490189],[39.250633,21.49018],[39.250632,21.490183],[39.250618,21.49018],[39.250622,21.490159],[39.250316,21.490108],[39.250311,21.490132],[39.250282,21.490127],[39.250278,21.490149],[39.250353,21.490164],[39.250355,21.490164],[39.250356,21.490165],[39.250357,21.490166],[39.250358,21.490166],[39.250359,21.490167],[39.25036,21.490168],[39.25036,21.490169],[39.250361,21.49017],[39.250362,21.490171],[39.250362,21.490172],[39.250363,21.490173],[39.250363,21.490174],[39.250364,21.490175],[39.250364,21.490176],[39.250364,21.490177],[39.250364,21.490178],[39.250364,21.49018],[39.250364,21.490181],[39.250364,21.490182],[39.250364,21.490183],[39.250364,21.490184],[39.250363,21.490185],[39.250363,21.490186],[39.250362,21.490187],[39.250361,21.490188],[39.250361,21.490189],[39.25036,21.49019],[39.250359,21.490191],[39.250358,21.490192],[39.250357,21.490193],[39.250356,21.490193],[39.250355,21.490194],[39.250354,21.490194],[39.250338,21.490282],[39.250376,21.490288],[39.250374,21.490302],[39.250359,21.4903],[39.250357,21.490314],[39.250335,21.490311],[39.250311,21.49043],[39.250153,21.490409],[39.25014,21.490477],[39.2504,21.490519],[39.250401,21.490519],[39.250403,21.490519],[39.250404,21.49052],[39.250406,21.49052],[39.250407,21.490521],[39.250408,21.490521],[39.25041,21.490522],[39.250411,21.490523],[39.250412,21.490524],[39.250413,21.490524],[39.250414,21.490525],[39.250415,21.490526],[39.250416,21.490528],[39.250417,21.490529],[39.250418,21.49053],[39.250419,21.490531],[39.250419,21.490533],[39.25042,21.490534],[39.25042,21.490535],[39.25042,21.490537],[39.250421,21.490538],[39.250421,21.490539],[39.250421,21.490541],[39.250421,21.490542],[39.25042,21.490544],[39.250415,21.490572],[39.250415,21.490574],[39.250414,21.490575],[39.250413,21.490577],[39.250412,21.490578],[39.250412,21.49058],[39.25041,21.490581],[39.250409,21.490583],[39.250408,21.490584],[39.250407,21.490585],[39.250405,21.490587],[39.250404,21.490588],[39.250402,21.490589],[39.250401,21.49059],[39.250399,21.49059],[39.250397,21.490591],[39.250395,21.490592],[39.250394,21.490592],[39.250392,21.490592],[39.25039,21.490593],[39.250388,21.490593],[39.250386,21.490593],[39.250384,21.490592],[39.250382,21.490592],[39.250499,21.490612],[39.250497,21.490611],[39.250495,21.490611],[39.250494,21.49061],[39.250492,21.490609],[39.25049,21.490608],[39.250489,21.490607],[39.250487,21.490605],[39.250486,21.490604],[39.250484,21.490603],[39.250483,21.490601],[39.250482,21.4906],[39.250481,21.490598],[39.25048,21.490596],[39.25048,21.490594],[39.250479,21.490593],[39.250479,21.490591],[39.250478,21.490589],[39.250478,21.490587],[39.250478,21.490585],[39.250478,21.490583],[39.250479,21.490581],[39.250484,21.490553],[39.250577,21.490569],[39.250585,21.490527],[39.250635,21.490537]]]]},"properties":{"capacity":27.0,"subtype":1,"description":"Open Area","branch":"السليمانية","area_sqm":1747.694,"parking_id":"NET_PARKING_LOTS-000202"}},{"type":"Feature","id":"NET_PARKING_LOTS-000203","geometry":{"type":"MultiPolygon","coordinates":[[[[39.251413,21.48656],[39.251473,21.486236],[39.251468,21.486242],[39.25144,21.486267],[39.251432,21.486278],[39.25139,21.486503],[39.251391,21.486507],[39.251392,21.486511],[39.251393,21.486515],[39.251394,21.486519],[39.251395,21.486523],[39.251397,21.486527],[39.251398,21.486531],[39.251399,21.486532],[39.2514,21.486533],[39.251401,21.486535],[39.251402,21.486536],[39.251402,21.486537],[39.251403,21.486539],[39.251404,21.48654],[39.251405,21.486543],[39.251407,21.486546],[39.251408,21.486548],[39.251409,21.486551],[39.251411,21.486554],[39.251412,21.486557],[39.251413,21.48656]]]]},"properties":{"capacity":10.0,"subtype":1,"description":"Open Area","branch":"السليمانية","area_sqm":104.463,"parking_id":"NET_PARKING_LOTS-000203"}},{"type":"Feature","id":"NET_PARKING_LOTS-000204","geometry":{"type":"MultiPolygon","coordinates":[[[[39.251319,21.486521],[39.251367,21.486529],[39.251388,21.486415],[39.251341,21.486407],[39.251319,21.486521]]]]},"properties":{"capacity":6.0,"subtype":1,"description":"Open Area","branch":"السليمانية","area_sqm":63.799,"parking_id":"NET_PARKING_LOTS-000204"}},{"type":"Feature","id":"NET_PARKING_LOTS-000205","geometry":{"type":"MultiPolygon","coordinates":[[[[39.251415,21.486269],[39.251368,21.486262],[39.251351,21.486354],[39.251398,21.486362],[39.251415,21.486269]]]]},"properties":{"capacity":5.0,"subtype":1,"description":"Open Area","branch":"السليمانية","area_sqm":51.553,"parking_id":"NET_PARKING_LOTS-000205"}},{"type":"Feature","id":"NET_PARKING_LOTS-000206","geometry":{"type":"MultiPolygon","coordinates":[[[[39.251368,21.486209],[39.251375,21.486164],[39.251346,21.486159],[39.251339,21.486204],[39.251368,21.486209]]]]},"properties":{"capacity":1.0,"subtype":1,"description":"Open Area","branch":"السليمانية","area_sqm":15.567,"parking_id":"NET_PARKING_LOTS-000206"}},{"type":"Feature","id":"NET_PARKING_LOTS-000207","geometry":{"type":"MultiPolygon","coordinates":[[[[39.250778,21.486626],[39.25073,21.486618],[39.250722,21.486663],[39.25077,21.486671],[39.250794,21.486675],[39.250795,21.486675],[39.250805,21.486677],[39.25112,21.486728],[39.251129,21.486684],[39.250799,21.48663],[39.250778,21.486626]]]]},"properties":{"capacity":15.0,"subtype":1,"description":"Open Area","branch":"السليمانية","area_sqm":209.693,"parking_id":"NET_PARKING_LOTS-000207"}},{"type":"Feature","id":"NET_PARKING_LOTS-000208","geometry":{"type":"MultiPolygon","coordinates":[[[[39.251295,21.486592],[39.251302,21.486548],[39.251273,21.486543],[39.251266,21.486587],[39.251295,21.486592]]]]},"properties":{"capacity":1.0,"subtype":1,"description":"CAR PARKING","branch":"السليمانية","area_sqm":15.567,"parking_id":"NET_PARKING_LOTS-000208"}},{"type":"Feature","id":"NET_PARKING_LOTS-000209","geometry":{"type":"MultiPolygon","coordinates":[[[[39.249483,21.48698],[39.249435,21.486972],[39.249336,21.487488],[39.249385,21.487494],[39.249391,21.487474],[39.249396,21.487453],[39.249483,21.48698]]]]},"properties":{"capacity":22.0,"subtype":1,"description":"CAR PARKING TENT","branch":"السليمانية","area_sqm":301.444,"parking_id":"NET_PARKING_LOTS-000209"}},{"type":"Feature","id":"NET_PARKING_LOTS-000210","geometry":{"type":"MultiPolygon","coordinates":[[[[39.249088,21.489361],[39.249127,21.489156],[39.24908,21.489148],[39.249042,21.489353],[39.249088,21.489361]]]]},"properties":{"capacity":9.0,"subtype":1,"description":"CAR PARKING TENT","branch":"السليمانية","area_sqm":113.097,"parking_id":"NET_PARKING_LOTS-000210"}},{"type":"Feature","id":"NET_PARKING_LOTS-000211","geometry":{"type":"MultiPolygon","coordinates":[[[[39.24896,21.489499],[39.249036,21.489095],[39.248989,21.489088],[39.248912,21.489491],[39.24896,21.489499]]]]},"properties":{"capacity":17.0,"subtype":1,"description":"CAR PARKING TENT","branch":"السليمانية","area_sqm":226.614,"parking_id":"NET_PARKING_LOTS-000211"}},{"type":"Feature","id":"NET_PARKING_LOTS-000212","geometry":{"type":"MultiPolygon","coordinates":[[[[39.252475,21.492102],[39.252469,21.492058],[39.252396,21.492067],[39.252036,21.492112],[39.252043,21.492156],[39.252475,21.492102]]]]},"properties":{"capacity":17.0,"subtype":1,"description":"Open Area","branch":"السليمانية","area_sqm":225.972,"parking_id":"NET_PARKING_LOTS-000212"}},{"type":"Feature","id":"NET_PARKING_LOTS-000213","geometry":{"type":"MultiPolygon","coordinates":[[[[39.252334,21.491097],[39.252074,21.491129],[39.252079,21.491174],[39.25234,21.491142],[39.252334,21.491097]]]]},"properties":{"capacity":10.0,"subtype":1,"description":"Open Area","branch":"السليمانية","area_sqm":135.916,"parking_id":"NET_PARKING_LOTS-000213"}},{"type":"Feature","id":"NET_PARKING_LOTS-000214","geometry":{"type":"MultiPolygon","coordinates":[[[[39.24982,21.492384],[39.249554,21.492417],[39.24956,21.492462],[39.249827,21.492429],[39.24982,21.492384]]]]},"properties":{"capacity":10.0,"subtype":1,"description":"Open Area","branch":"السليمانية","area_sqm":139.378,"parking_id":"NET_PARKING_LOTS-000214"}},{"type":"Feature","id":"NET_PARKING_LOTS-000215","geometry":{"type":"MultiPolygon","coordinates":[[[[39.252778,21.491045],[39.252562,21.491071],[39.252568,21.491116],[39.252784,21.49109],[39.252778,21.491045]]]]},"properties":{"capacity":8.0,"subtype":1,"description":"Open Area","branch":"السليمانية","area_sqm":112.924,"parking_id":"NET_PARKING_LOTS-000215"}},{"type":"Feature","id":"NET_PARKING_LOTS-000216","geometry":{"type":"MultiPolygon","coordinates":[[[[39.249603,21.490412],[39.249361,21.490372],[39.249353,21.490417],[39.249595,21.490457],[39.249603,21.490412]]]]},"properties":{"capacity":9.0,"subtype":1,"description":"CAR PARKING TENT","branch":"السليمانية","area_sqm":127.636,"parking_id":"NET_PARKING_LOTS-000216"}},{"type":"Feature","id":"NET_PARKING_LOTS-000217","geometry":{"type":"MultiPolygon","coordinates":[[[[39.249337,21.490368],[39.249068,21.490324],[39.24906,21.490369],[39.249328,21.490413],[39.249337,21.490368]]]]},"properties":{"capacity":10.0,"subtype":1,"description":"CAR PARKING TENT","branch":"السليمانية","area_sqm":141.108,"parking_id":"NET_PARKING_LOTS-000217"}},{"type":"Feature","id":"NET_PARKING_LOTS-000218","geometry":{"type":"MultiPolygon","coordinates":[[[[39.249044,21.49032],[39.248802,21.490281],[39.248793,21.490325],[39.249036,21.490365],[39.249044,21.49032]]]]},"properties":{"capacity":10.0,"subtype":1,"description":"CAR PARKING TENT","branch":"السليمانية","area_sqm":127.358,"parking_id":"NET_PARKING_LOTS-000218"}},{"type":"Feature","id":"NET_PARKING_LOTS-000219","geometry":{"type":"MultiPolygon","coordinates":[[[[39.248751,21.490273],[39.248535,21.490237],[39.248527,21.490282],[39.248743,21.490317],[39.248751,21.490273]]]]},"properties":{"capacity":8.0,"subtype":1,"description":"CAR PARKING TENT","branch":"السليمانية","area_sqm":112.953,"parking_id":"NET_PARKING_LOTS-000219"}},{"type":"Feature","id":"NET_PARKING_LOTS-000220","geometry":{"type":"MultiPolygon","coordinates":[[[[39.248514,21.490233],[39.248298,21.490198],[39.24829,21.490242],[39.248506,21.490278],[39.248514,21.490233]]]]},"properties":{"capacity":8.0,"subtype":1,"description":"CAR PARKING TENT","branch":"السليمانية","area_sqm":113.42,"parking_id":"NET_PARKING_LOTS-000220"}},{"type":"Feature","id":"NET_PARKING_LOTS-000221","geometry":{"type":"MultiPolygon","coordinates":[[[[39.248142,21.487249],[39.248151,21.487184],[39.248112,21.487179],[39.248101,21.487244],[39.248142,21.487249]]]]},"properties":{"capacity":1.0,"subtype":1,"description":"CAR PARKING TENT","branch":"السليمانية","area_sqm":30.055,"parking_id":"NET_PARKING_LOTS-000221"}},{"type":"Feature","id":"NET_PARKING_LOTS-000222","geometry":{"type":"MultiPolygon","coordinates":[[[[39.251367,21.486529],[39.251319,21.486521],[39.251315,21.486543],[39.251363,21.486551],[39.251367,21.486529]]]]},"properties":{"capacity":2.0,"subtype":1,"description":"HANDICAPPED PARKING_Open Area","branch":"السليمانية","area_sqm":12.054,"parking_id":"NET_PARKING_LOTS-000222"}},{"type":"Feature","id":"NET_PARKING_LOTS-000223","geometry":{"type":"MultiPolygon","coordinates":[[[[39.251372,21.486241],[39.251419,21.486249],[39.251423,21.486228],[39.251376,21.486221],[39.251372,21.486241]]]]},"properties":{"capacity":2.0,"subtype":1,"description":"Open Area","branch":"السليمانية","area_sqm":11.47,"parking_id":"NET_PARKING_LOTS-000223"}},{"type":"Feature","id":"NET_PARKING_LOTS-000224","geometry":{"type":"MultiPolygon","coordinates":[[[[39.251419,21.486249],[39.251372,21.486241],[39.251368,21.486262],[39.251415,21.486269],[39.251419,21.486249]]]]},"properties":{"capacity":3.0,"subtype":1,"description":"Open Area","branch":"السليمانية","area_sqm":11.534,"parking_id":"NET_PARKING_LOTS-000224"}},{"type":"Feature","id":"NET_PARKING_LOTS-000225","geometry":{"type":"MultiPolygon","coordinates":[[[[39.240461,21.488924],[39.24042,21.488917],[39.240407,21.488915],[39.240401,21.488943],[39.240231,21.488916],[39.240163,21.488905],[39.240141,21.489017],[39.240208,21.489016],[39.24021,21.489157],[39.240102,21.489158],[39.240102,21.48921],[39.24021,21.489209],[39.240574,21.489203],[39.240582,21.489663],[39.240612,21.489662],[39.240591,21.488978],[39.240528,21.48897],[39.240533,21.488934],[39.240461,21.488924]]]]},"properties":{"capacity":0.0,"subtype":1,"description":"CAR PARKING","branch":"السليمانية","area_sqm":1476.247,"parking_id":"NET_PARKING_LOTS-000225"}},{"type":"Feature","id":"NET_PARKING_LOTS-000226","geometry":{"type":"MultiPolygon","coordinates":[[[[39.247528,21.49171],[39.247529,21.491701],[39.247529,21.491695],[39.247533,21.49169],[39.247539,21.491688],[39.247582,21.491683],[39.247577,21.491649],[39.247595,21.491646],[39.247579,21.491533],[39.247514,21.491541],[39.247513,21.491537],[39.247508,21.491538],[39.2475,21.491475],[39.247418,21.491486],[39.24741,21.491483],[39.247407,21.49148],[39.247401,21.491436],[39.246859,21.491504],[39.246865,21.491552],[39.246872,21.491612],[39.246873,21.491627],[39.246945,21.491651],[39.246944,21.491639],[39.246947,21.491632],[39.246951,21.491629],[39.246955,21.491628],[39.246977,21.491625],[39.24702,21.491621],[39.247031,21.491621],[39.247036,21.491623],[39.247055,21.491629],[39.247052,21.491635],[39.247034,21.491679],[39.247441,21.491824],[39.247461,21.491775],[39.247464,21.491774],[39.247471,21.491771],[39.247478,21.491768],[39.247494,21.491757],[39.247508,21.491746],[39.247515,21.491738],[39.247523,21.491726],[39.247528,21.49171]],[[39.247426,21.491644],[39.247271,21.49159],[39.247254,21.491631],[39.247251,21.491634],[39.247244,21.491635],[39.247143,21.4916],[39.247137,21.491591],[39.247139,21.491584],[39.247436,21.491547],[39.24744,21.491548],[39.247444,21.491553],[39.247445,21.49156],[39.247464,21.491696],[39.247464,21.491702],[39.247459,21.491707],[39.247452,21.491707],[39.247417,21.491695],[39.247412,21.491692],[39.247411,21.491683],[39.247426,21.491644]]]]},"properties":{"capacity":42.0,"subtype":1,"description":"CAR PARKING","branch":"السليمانية","area_sqm":1759.166,"parking_id":"NET_PARKING_LOTS-000226"}},{"type":"Feature","id":"NET_PARKING_LOTS-000227","geometry":{"type":"MultiPolygon","coordinates":[[[[39.246517,21.489871],[39.246538,21.48976],[39.246188,21.489704],[39.246184,21.489726],[39.246145,21.48972],[39.246144,21.489716],[39.246145,21.489713],[39.246093,21.489704],[39.246093,21.489708],[39.246089,21.489711],[39.246051,21.489705],[39.246055,21.489681],[39.245827,21.489644],[39.24582,21.489683],[39.245788,21.489678],[39.245746,21.489621],[39.24576,21.489581],[39.245819,21.489591],[39.245891,21.489169],[39.245754,21.489138],[39.245749,21.489158],[39.245633,21.489217],[39.245621,21.489267],[39.245618,21.48927],[39.245615,21.489271],[39.245579,21.489264],[39.245517,21.489621],[39.245651,21.489647],[39.245653,21.489647],[39.245655,21.489648],[39.245657,21.489649],[39.245659,21.489649],[39.24566,21.48965],[39.245662,21.489651],[39.245663,21.489652],[39.245665,21.489653],[39.245666,21.489655],[39.245667,21.489656],[39.245669,21.489657],[39.24567,21.489659],[39.24567,21.489661],[39.245671,21.489662],[39.245672,21.489664],[39.245673,21.489666],[39.245673,21.489667],[39.245674,21.489671],[39.245674,21.489674],[39.245675,21.489677],[39.245675,21.48968],[39.245675,21.489684],[39.245675,21.489687],[39.245675,21.48969],[39.245661,21.489766],[39.245752,21.489782],[39.245754,21.489764],[39.245769,21.489755],[39.245831,21.489765],[39.245854,21.489786],[39.245854,21.489786],[39.246481,21.489889],[39.24651,21.489873],[39.24651,21.489873],[39.246511,21.489872],[39.246511,21.489872],[39.246512,21.489872],[39.246512,21.489872],[39.246513,21.489871],[39.246513,21.489871],[39.246514,21.489871],[39.246514,21.489871],[39.246515,21.489871],[39.246515,21.489871],[39.246516,21.489871],[39.246517,21.489871]]]]},"properties":{"capacity":83.0,"subtype":1,"description":"CAR PARKING TENT","branch":"السليمانية","area_sqm":2773.957,"parking_id":"NET_PARKING_LOTS-000227"}},{"type":"Feature","id":"NET_PARKING_LOTS-000228","geometry":{"type":"MultiPolygon","coordinates":[[[[39.244354,21.488085],[39.244354,21.488083],[39.244355,21.488082],[39.244356,21.48808],[39.244357,21.488078],[39.244358,21.488077],[39.244359,21.488075],[39.244361,21.488074],[39.244362,21.488072],[39.244363,21.488071],[39.244365,21.48807],[39.244367,21.488069],[39.244368,21.488068],[39.24437,21.488067],[39.244372,21.488066],[39.244374,21.488065],[39.244376,21.488065],[39.244378,21.488065],[39.24438,21.488064],[39.244382,21.488064],[39.244384,21.488064],[39.244386,21.488064],[39.244415,21.488069],[39.244416,21.488069],[39.244416,21.488069],[39.244417,21.48807],[39.244418,21.48807],[39.244418,21.48807],[39.244419,21.48807],[39.24442,21.488071],[39.24442,21.488071],[39.244421,21.488072],[39.244421,21.488072],[39.244422,21.488073],[39.244422,21.488073],[39.244423,21.488074],[39.244423,21.488074],[39.244423,21.488075],[39.244424,21.488075],[39.244424,21.488076],[39.244424,21.488077],[39.244424,21.488077],[39.244424,21.488078],[39.244424,21.488079],[39.244416,21.488123],[39.244688,21.488165],[39.244696,21.488124],[39.244696,21.488123],[39.244696,21.488123],[39.244696,21.488122],[39.244697,21.488122],[39.244697,21.488121],[39.244697,21.488121],[39.244698,21.48812],[39.244698,21.48812],[39.244699,21.488119],[39.244699,21.488119],[39.2447,21.488119],[39.2447,21.488119],[39.244701,21.488118],[39.244701,21.488118],[39.244702,21.488118],[39.244702,21.488118],[39.244703,21.488118],[39.244704,21.488118],[39.244704,21.488118],[39.244714,21.488119],[39.244726,21.488057],[39.244664,21.488047],[39.244664,21.488046],[39.244663,21.488046],[39.244663,21.488046],[39.244662,21.488046],[39.244661,21.488045],[39.244661,21.488045],[39.24466,21.488045],[39.24466,21.488044],[39.24466,21.488044],[39.244659,21.488043],[39.244659,21.488043],[39.244659,21.488043],[39.244658,21.488042],[39.244658,21.488041],[39.244658,21.488041],[39.244658,21.48804],[39.244657,21.48804],[39.244657,21.488039],[39.244657,21.488039],[39.244657,21.488038],[39.244657,21.488038],[39.244665,21.487995],[39.244444,21.487959],[39.244438,21.488001],[39.244438,21.488002],[39.244438,21.488002],[39.244438,21.488003],[39.244437,21.488003],[39.244437,21.488004],[39.244437,21.488004],[39.244436,21.488004],[39.244436,21.488005],[39.244436,21.488005],[39.244435,21.488005],[39.244435,21.488006],[39.244434,21.488006],[39.244434,21.488006],[39.244433,21.488006],[39.244433,21.488007],[39.244432,21.488007],[39.244432,21.488007],[39.244431,21.488007],[39.24443,21.488007],[39.24443,21.488007],[39.244429,21.488007],[39.244397,21.488002],[39.244395,21.488002],[39.244393,21.488001],[39.244391,21.488],[39.244389,21.487999],[39.244388,21.487998],[39.244386,21.487996],[39.244384,21.487995],[39.244383,21.487994],[39.244381,21.487992],[39.24438,21.48799],[39.244379,21.487988],[39.244378,21.487987],[39.244377,21.487985],[39.244376,21.487983],[39.244376,21.487981],[39.244376,21.487979],[39.244375,21.487977],[39.244375,21.487975],[39.244375,21.487973],[39.244354,21.488085]]]]},"properties":{"capacity":20.0,"subtype":1,"description":"CAR PARKING","branch":"السليمانية","area_sqm":556.821,"parking_id":"NET_PARKING_LOTS-000228"}},{"type":"Feature","id":"NET_PARKING_LOTS-000229","geometry":{"type":"MultiPolygon","coordinates":[[[[39.247996,21.490058],[39.247996,21.490057],[39.247995,21.490057],[39.247995,21.490057],[39.247994,21.490057],[39.247994,21.490056],[39.247993,21.490056],[39.247993,21.490056],[39.247992,21.490055],[39.247992,21.490055],[39.247991,21.490054],[39.247991,21.490054],[39.247991,21.490053],[39.247991,21.490053],[39.24799,21.490052],[39.24799,21.490052],[39.24799,21.490051],[39.24799,21.490051],[39.24799,21.49005],[39.24799,21.490049],[39.248015,21.489912],[39.248016,21.489911],[39.248016,21.489911],[39.248016,21.48991],[39.248016,21.48991],[39.248017,21.489909],[39.248017,21.489909],[39.248018,21.489908],[39.248018,21.489908],[39.248019,21.489907],[39.248019,21.489907],[39.24802,21.489906],[39.248021,21.489906],[39.248021,21.489906],[39.248022,21.489906],[39.248023,21.489905],[39.248023,21.489905],[39.248024,21.489905],[39.248025,21.489905],[39.248025,21.489905],[39.248026,21.489905],[39.248027,21.489905],[39.248081,21.489914],[39.248082,21.489914],[39.248082,21.489915],[39.248083,21.489915],[39.248083,21.489915],[39.248084,21.489915],[39.248084,21.489916],[39.248085,21.489916],[39.248085,21.489916],[39.248086,21.489917],[39.248086,21.489917],[39.248086,21.489917],[39.248087,21.489918],[39.248087,21.489918],[39.248087,21.489919],[39.248087,21.489919],[39.248088,21.48992],[39.248088,21.48992],[39.248088,21.489921],[39.248088,21.489922],[39.248088,21.489922],[39.248088,21.489923],[39.248088,21.489923],[39.248088,21.489924],[39.248084,21.489945],[39.248084,21.489945],[39.248084,21.489946],[39.248084,21.489947],[39.248083,21.489947],[39.248083,21.489948],[39.248083,21.489948],[39.248082,21.489949],[39.248082,21.489949],[39.248082,21.48995],[39.248081,21.48995],[39.248081,21.48995],[39.24808,21.489951],[39.24808,21.489951],[39.248079,21.489951],[39.248078,21.489951],[39.248078,21.489952],[39.248077,21.489952],[39.248077,21.489952],[39.248076,21.489952],[39.248075,21.489952],[39.248075,21.489952],[39.248074,21.489952],[39.248073,21.489952],[39.248029,21.489945],[39.248009,21.490049],[39.248182,21.490076],[39.248221,21.489873],[39.24817,21.489865],[39.24817,21.489865],[39.248169,21.489864],[39.248169,21.489864],[39.248168,21.489864],[39.248168,21.489864],[39.248167,21.489864],[39.248167,21.489864],[39.248166,21.489863],[39.248166,21.489863],[39.248165,21.489863],[39.248165,21.489862],[39.248165,21.489862],[39.248164,21.489861],[39.248164,21.489861],[39.248164,21.489861],[39.248164,21.48986],[39.248163,21.48986],[39.248163,21.489859],[39.248163,21.489859],[39.248163,21.489858],[39.248163,21.489858],[39.248163,21.489857],[39.248163,21.489857],[39.248163,21.489856],[39.248163,21.489856],[39.248171,21.489814],[39.247977,21.489783],[39.24797,21.489822],[39.24797,21.489822],[39.247969,21.489823],[39.247969,21.489824],[39.247969,21.489824],[39.247969,21.489825],[39.247968,21.489825],[39.247968,21.489825],[39.247968,21.489826],[39.247967,21.489826],[39.247967,21.489827],[39.247966,21.489827],[39.247966,21.489827],[39.247965,21.489828],[39.247965,21.489828],[39.247964,21.489828],[39.247964,21.489828],[39.247963,21.489828],[39.247963,21.489829],[39.247962,21.489829],[39.247961,21.489829],[39.247961,21.489829],[39.24796,21.489829],[39.24796,21.489829],[39.247909,21.48982],[39.24787,21.490027],[39.247915,21.490034],[39.247915,21.490034],[39.247916,21.490034],[39.247916,21.490035],[39.247916,21.490035],[39.247916,21.490035],[39.247916,21.490035],[39.247917,21.490036],[39.247917,21.490036],[39.247917,21.490036],[39.247917,21.490036],[39.247917,21.490037],[39.247917,21.490037],[39.247917,21.490037],[39.247917,21.490038],[39.247917,21.490038],[39.247917,21.490038],[39.247917,21.490039],[39.247917,21.490039],[39.247917,21.490039],[39.247917,21.490039],[39.247917,21.49004],[39.247917,21.49004],[39.247917,21.49004],[39.247917,21.490041],[39.247916,21.490041],[39.247916,21.490041],[39.247916,21.490041],[39.247916,21.490041],[39.247915,21.490042],[39.247915,21.490042],[39.247915,21.490042],[39.247915,21.490042],[39.247914,21.490042],[39.247914,21.490042],[39.247914,21.490042],[39.247913,21.490042],[39.247913,21.490042],[39.247913,21.490043],[39.247912,21.490043],[39.247912,21.490042],[39.247912,21.490042],[39.247996,21.490058]]]]},"properties":{"capacity":30.0,"subtype":1,"description":"PARKING SHED CONCRETE","branch":"السليمانية","area_sqm":820.129,"parking_id":"NET_PARKING_LOTS-000229"}},{"type":"Feature","id":"NET_PARKING_LOTS-000230","geometry":{"type":"MultiPolygon","coordinates":[[[[39.24681,21.488661],[39.246935,21.488684],[39.246949,21.488608],[39.24695,21.488602],[39.246959,21.4886],[39.247026,21.488258],[39.246997,21.488254],[39.247009,21.488191],[39.2469,21.488172],[39.246854,21.488414],[39.246802,21.488406],[39.246848,21.488164],[39.246805,21.488158],[39.246799,21.488155],[39.246796,21.488147],[39.246803,21.488112],[39.246811,21.488096],[39.246831,21.48809],[39.246831,21.488088],[39.246724,21.488071],[39.246726,21.488072],[39.246728,21.488073],[39.24673,21.488074],[39.246731,21.488075],[39.246733,21.488077],[39.246734,21.488079],[39.246735,21.48808],[39.246736,21.488082],[39.246737,21.488084],[39.246738,21.488086],[39.246739,21.488087],[39.246739,21.488089],[39.24674,21.488091],[39.24674,21.488093],[39.24674,21.488095],[39.24674,21.488097],[39.24674,21.488099],[39.24674,21.488101],[39.246739,21.488103],[39.246738,21.488112],[39.246736,21.488122],[39.246734,21.488135],[39.246734,21.488135],[39.246734,21.488136],[39.246733,21.488137],[39.246733,21.488138],[39.246733,21.488138],[39.246732,21.488139],[39.246732,21.488139],[39.246731,21.48814],[39.246731,21.488141],[39.24673,21.488141],[39.24673,21.488142],[39.246729,21.488142],[39.246728,21.488142],[39.246728,21.488143],[39.246727,21.488143],[39.246726,21.488143],[39.246725,21.488144],[39.246725,21.488144],[39.246724,21.488144],[39.246723,21.488144],[39.246722,21.488144],[39.246677,21.488135],[39.246633,21.488363],[39.246679,21.48837],[39.246679,21.48837],[39.24668,21.488371],[39.246681,21.488371],[39.246681,21.488371],[39.246682,21.488372],[39.246683,21.488372],[39.246683,21.488373],[39.246684,21.488373],[39.246684,21.488374],[39.246685,21.488374],[39.246685,21.488375],[39.246685,21.488376],[39.246686,21.488376],[39.246686,21.488377],[39.246686,21.488378],[39.246686,21.488379],[39.246686,21.488379],[39.246686,21.48838],[39.246686,21.488381],[39.246686,21.488382],[39.246686,21.488382],[39.246686,21.488383],[39.246686,21.488384],[39.246685,21.488384],[39.246685,21.488385],[39.246685,21.488386],[39.246684,21.488386],[39.246684,21.488387],[39.246683,21.488387],[39.246682,21.488388],[39.246682,21.488388],[39.246681,21.488389],[39.246681,21.488389],[39.24668,21.488389],[39.246679,21.48839],[39.246678,21.48839],[39.246678,21.48839],[39.246677,21.48839],[39.246676,21.48839],[39.246675,21.48839],[39.246675,21.48839],[39.246674,21.48839],[39.246658,21.488465],[39.246839,21.488496],[39.24681,21.488661]]]]},"properties":{"capacity":20.0,"subtype":1,"description":"CAR PARKING","branch":"السليمانية","area_sqm":1468.343,"parking_id":"NET_PARKING_LOTS-000230"}},{"type":"Feature","id":"NET_PARKING_LOTS-000231","geometry":{"type":"MultiPolygon","coordinates":[[[[39.24344,21.489195],[39.24347,21.489043],[39.243447,21.489039],[39.24345,21.489022],[39.24338,21.48901],[39.243377,21.489026],[39.243249,21.489004],[39.243241,21.489044],[39.243235,21.489049],[39.243225,21.489051],[39.243214,21.489114],[39.243226,21.489116],[39.243182,21.489326],[39.243235,21.489337],[39.243248,21.489267],[39.243233,21.489265],[39.243239,21.489237],[39.243251,21.489173],[39.243269,21.489176],[39.24327,21.489171],[39.24344,21.489195]]]]},"properties":{"capacity":0.0,"subtype":1,"description":"CAR PARKING","branch":"السليمانية","area_sqm":520.306,"parking_id":"NET_PARKING_LOTS-000231"}},{"type":"Feature","id":"NET_PARKING_LOTS-000232","geometry":{"type":"MultiPolygon","coordinates":[[[[39.247483,21.48794],[39.247506,21.487825],[39.2475,21.487824],[39.247534,21.487637],[39.24754,21.487639],[39.247566,21.487514],[39.247453,21.487494],[39.24746,21.487459],[39.247189,21.487411],[39.247163,21.487537],[39.247171,21.487538],[39.247111,21.487837],[39.24722,21.487861],[39.247214,21.487893],[39.247483,21.48794]]]]},"properties":{"capacity":0.0,"subtype":1,"description":"CAR PARKING","branch":"السليمانية","area_sqm":1972.184,"parking_id":"NET_PARKING_LOTS-000232"}},{"type":"Feature","id":"NET_PARKING_LOTS-000233","geometry":{"type":"MultiPolygon","coordinates":[[[[39.244388,21.487179],[39.244388,21.487177],[39.244389,21.487175],[39.24439,21.487174],[39.244391,21.487172],[39.244392,21.48717],[39.244393,21.487169],[39.244394,21.487168],[39.244395,21.487166],[39.244397,21.487165],[39.244398,21.487164],[39.2444,21.487163],[39.244402,21.487162],[39.244403,21.487161],[39.244405,21.487161],[39.244407,21.48716],[39.244409,21.48716],[39.244411,21.487159],[39.244412,21.487159],[39.244414,21.487159],[39.244416,21.487159],[39.244418,21.487159],[39.244501,21.487173],[39.244502,21.487173],[39.244502,21.487173],[39.244503,21.487173],[39.244503,21.487174],[39.244504,21.487174],[39.244504,21.487174],[39.244505,21.487175],[39.244505,21.487175],[39.244506,21.487176],[39.244506,21.487176],[39.244507,21.487177],[39.244507,21.487177],[39.244507,21.487178],[39.244507,21.487178],[39.244508,21.487179],[39.244508,21.48718],[39.244508,21.48718],[39.244508,21.487181],[39.244508,21.487181],[39.2445,21.487224],[39.244771,21.48727],[39.24478,21.487229],[39.24478,21.487228],[39.24478,21.487227],[39.24478,21.487227],[39.24478,21.487226],[39.24478,21.487226],[39.244781,21.487225],[39.244781,21.487225],[39.244781,21.487224],[39.244782,21.487224],[39.244782,21.487223],[39.244783,21.487223],[39.244783,21.487223],[39.244784,21.487222],[39.244784,21.487222],[39.244785,21.487222],[39.244785,21.487221],[39.244786,21.487221],[39.244787,21.487221],[39.244787,21.487221],[39.244788,21.487221],[39.244788,21.487221],[39.244789,21.487221],[39.24479,21.487221],[39.244797,21.487222],[39.244811,21.487159],[39.244805,21.487158],[39.244804,21.487158],[39.244804,21.487158],[39.244803,21.487158],[39.244802,21.487158],[39.244802,21.487158],[39.244801,21.487157],[39.244801,21.487157],[39.2448,21.487157],[39.244799,21.487157],[39.244799,21.487156],[39.244798,21.487156],[39.244798,21.487155],[39.244798,21.487155],[39.244797,21.487155],[39.244797,21.487154],[39.244797,21.487154],[39.244796,21.487153],[39.244796,21.487153],[39.244796,21.487152],[39.244796,21.487151],[39.244795,21.487151],[39.244795,21.48715],[39.244795,21.48715],[39.244795,21.487149],[39.244795,21.487148],[39.244803,21.487107],[39.24453,21.487062],[39.244521,21.487112],[39.244434,21.487097],[39.244432,21.487097],[39.24443,21.487096],[39.244428,21.487096],[39.244426,21.487095],[39.244424,21.487094],[39.244422,21.487093],[39.244421,21.487092],[39.244419,21.487091],[39.244418,21.48709],[39.244416,21.487088],[39.244415,21.487087],[39.244414,21.487085],[39.244413,21.487084],[39.244412,21.487082],[39.244411,21.48708],[39.24441,21.487079],[39.24441,21.487077],[39.244409,21.487075],[39.244409,21.487073],[39.244409,21.487071],[39.244409,21.48707],[39.244388,21.487179]]]]},"properties":{"capacity":22.0,"subtype":1,"description":"PARKING SHED CONCRETE","branch":"السليمانية","area_sqm":626.352,"parking_id":"NET_PARKING_LOTS-000233"}},{"type":"Feature","id":"NET_PARKING_LOTS-000234","geometry":{"type":"MultiPolygon","coordinates":[[[[39.246898,21.487887],[39.246956,21.487569],[39.246923,21.487564],[39.246923,21.487556],[39.246923,21.487548],[39.246922,21.48754],[39.246921,21.487533],[39.246919,21.487525],[39.246917,21.487518],[39.246914,21.48751],[39.24691,21.487503],[39.246906,21.487496],[39.246902,21.48749],[39.246897,21.487484],[39.246891,21.487478],[39.246885,21.487472],[39.246879,21.487467],[39.246872,21.487462],[39.246865,21.487458],[39.246858,21.487454],[39.246851,21.487451],[39.246843,21.487448],[39.246835,21.487446],[39.246827,21.487444],[39.246834,21.487406],[39.246446,21.487342],[39.246438,21.487382],[39.246413,21.487377],[39.246398,21.48746],[39.246398,21.487459],[39.246398,21.487458],[39.246399,21.487457],[39.246399,21.487456],[39.2464,21.487455],[39.246401,21.487454],[39.246401,21.487454],[39.246402,21.487453],[39.246403,21.487452],[39.246404,21.487451],[39.246405,21.487451],[39.246406,21.48745],[39.246407,21.48745],[39.246408,21.487449],[39.246409,21.487449],[39.24641,21.487449],[39.246411,21.487449],[39.246412,21.487449],[39.246413,21.487449],[39.246414,21.487449],[39.246415,21.487449],[39.246416,21.487449],[39.246418,21.487449],[39.246419,21.487449],[39.24642,21.48745],[39.246421,21.48745],[39.246422,21.487451],[39.246423,21.487451],[39.246423,21.487452],[39.246424,21.487453],[39.246425,21.487453],[39.246426,21.487454],[39.246426,21.487455],[39.246427,21.487456],[39.246428,21.487457],[39.246428,21.487458],[39.246428,21.487459],[39.246429,21.48746],[39.246429,21.487461],[39.246429,21.487462],[39.246429,21.487463],[39.246429,21.487464],[39.246429,21.487465],[39.246422,21.487502],[39.246796,21.487563],[39.246804,21.487525],[39.246805,21.487524],[39.246805,21.487523],[39.246805,21.487523],[39.246806,21.487522],[39.246807,21.487521],[39.246807,21.48752],[39.246808,21.487519],[39.246809,21.487518],[39.24681,21.487518],[39.24681,21.487517],[39.246811,21.487517],[39.246812,21.487516],[39.246813,21.487516],[39.246814,21.487515],[39.246815,21.487515],[39.246816,21.487515],[39.246817,21.487514],[39.246819,21.487514],[39.24682,21.487514],[39.246821,21.487514],[39.246822,21.487514],[39.246823,21.487515],[39.246824,21.487515],[39.246825,21.487515],[39.246826,21.487515],[39.246827,21.487516],[39.246828,21.487516],[39.246829,21.487517],[39.24683,21.487518],[39.246831,21.487518],[39.246831,21.487519],[39.246832,21.48752],[39.246833,21.48752],[39.246834,21.487521],[39.246834,21.487522],[39.246835,21.487523],[39.246835,21.487524],[39.246835,21.487525],[39.246836,21.487526],[39.246836,21.487527],[39.246836,21.487528],[39.246836,21.487529],[39.246836,21.48753],[39.246836,21.487531],[39.246836,21.487532],[39.246817,21.487632],[39.246817,21.487633],[39.246817,21.487634],[39.246817,21.487635],[39.246817,21.487636],[39.246816,21.487637],[39.246816,21.487638],[39.246815,21.487639],[39.246815,21.48764],[39.246814,21.48764],[39.246813,21.487641],[39.246812,21.487642],[39.246812,21.487643],[39.246811,21.487643],[39.24681,21.487644],[39.246809,21.487645],[39.246808,21.487645],[39.246807,21.487645],[39.246806,21.487646],[39.246804,21.487646],[39.246803,21.487646],[39.246802,21.487646],[39.246801,21.487646],[39.2468,21.487646],[39.246799,21.487646],[39.246798,21.487646],[39.246797,21.487646],[39.246796,21.487646],[39.246795,21.487645],[39.246793,21.487645],[39.246792,21.487644],[39.246792,21.487644],[39.246791,21.487643],[39.24679,21.487642],[39.246789,21.487642],[39.246788,21.487641],[39.246787,21.48764],[39.246787,21.487639],[39.246786,21.487638],[39.246786,21.487637],[39.246785,21.487636],[39.246785,21.487635],[39.246785,21.487634],[39.246784,21.487633],[39.246784,21.487632],[39.246784,21.487631],[39.246784,21.48763],[39.246784,21.487629],[39.246791,21.487596],[39.246416,21.487532],[39.246409,21.487568],[39.246409,21.487569],[39.246409,21.48757],[39.246408,21.487571],[39.246408,21.487571],[39.246407,21.487572],[39.246407,21.487573],[39.246406,21.487574],[39.246405,21.487575],[39.246405,21.487575],[39.246404,21.487576],[39.246403,21.487577],[39.246402,21.487577],[39.246401,21.487578],[39.2464,21.487578],[39.246399,21.487579],[39.246398,21.487579],[39.246397,21.487579],[39.246396,21.487579],[39.246395,21.487579],[39.246394,21.487579],[39.246393,21.487579],[39.246392,21.487579],[39.246391,21.487579],[39.24639,21.487579],[39.246389,21.487579],[39.246388,21.487578],[39.246387,21.487578],[39.246386,21.487577],[39.246385,21.487577],[39.246384,21.487576],[39.246383,21.487576],[39.246382,21.487575],[39.246382,21.487574],[39.246381,21.487573],[39.24638,21.487572],[39.24638,21.487572],[39.246379,21.487571],[39.246379,21.48757],[39.246379,21.487569],[39.246378,21.487568],[39.246378,21.487567],[39.246378,21.487566],[39.246378,21.487565],[39.246363,21.487647],[39.246363,21.487646],[39.246363,21.487645],[39.246364,21.487644],[39.246364,21.487643],[39.246365,21.487642],[39.246365,21.487641],[39.246366,21.487641],[39.246367,21.48764],[39.246368,21.487639],[39.246369,21.487638],[39.24637,21.487638],[39.24637,21.487637],[39.246371,21.487637],[39.246373,21.487637],[39.246374,21.487636],[39.246375,21.487636],[39.246376,21.487636],[39.246377,21.487636],[39.246378,21.487636],[39.246379,21.487636],[39.24638,21.487636],[39.246381,21.487636],[39.246382,21.487636],[39.246383,21.487637],[39.246384,21.487637],[39.246385,21.487637],[39.246386,21.487638],[39.246387,21.487638],[39.246388,21.487639],[39.246389,21.48764],[39.24639,21.487641],[39.24639,21.487641],[39.246391,21.487642],[39.246392,21.487643],[39.246392,21.487644],[39.246393,21.487645],[39.246393,21.487646],[39.246393,21.487647],[39.246394,21.487648],[39.246394,21.487649],[39.246394,21.48765],[39.246394,21.487651],[39.246394,21.487652],[39.246387,21.487689],[39.246761,21.48775],[39.246769,21.487713],[39.246769,21.487712],[39.246769,21.487711],[39.24677,21.48771],[39.24677,21.487709],[39.246771,21.487708],[39.246772,21.487707],[39.246772,21.487706],[39.246773,21.487706],[39.246774,21.487705],[39.246775,21.487704],[39.246776,21.487704],[39.246777,21.487703],[39.246778,21.487703],[39.246779,21.487702],[39.24678,21.487702],[39.246781,21.487702],[39.246782,21.487702],[39.246783,21.487701],[39.246784,21.487701],[39.246785,21.487701],[39.246786,21.487702],[39.246787,21.487702],[39.246789,21.487702],[39.24679,21.487702],[39.246791,21.487703],[39.246792,21.487703],[39.246793,21.487703],[39.246793,21.487704],[39.246794,21.487705],[39.246795,21.487705],[39.246796,21.487706],[39.246797,21.487707],[39.246797,21.487708],[39.246798,21.487708],[39.246799,21.487709],[39.246799,21.48771],[39.2468,21.487711],[39.2468,21.487712],[39.2468,21.487713],[39.2468,21.487714],[39.246801,21.487715],[39.246801,21.487716],[39.246801,21.487717],[39.246801,21.487718],[39.2468,21.487719],[39.246793,21.487761],[39.246792,21.487763],[39.246792,21.487765],[39.246791,21.487767],[39.24679,21.487768],[39.246789,21.48777],[39.246788,21.487772],[39.246787,21.487773],[39.246786,21.487775],[39.246784,21.487776],[39.246783,21.487777],[39.246781,21.487778],[39.24678,21.487779],[39.246778,21.48778],[39.246776,21.487781],[39.246775,21.487782],[39.246773,21.487783],[39.246771,21.487783],[39.246769,21.487783],[39.246767,21.487784],[39.246765,21.487784],[39.246763,21.487784],[39.246761,21.487784],[39.246759,21.487783],[39.246381,21.487719],[39.246365,21.487798],[39.246898,21.487887]]]]},"properties":{"capacity":73.0,"subtype":1,"description":"PARKING SHED CONCRETE","branch":"السليمانية","area_sqm":2422.415,"parking_id":"NET_PARKING_LOTS-000234"}},{"type":"Feature","id":"NET_PARKING_LOTS-000235","geometry":{"type":"MultiPolygon","coordinates":[[[[39.247827,21.487474],[39.247826,21.487474],[39.247825,21.487473],[39.247825,21.487473],[39.247824,21.487472],[39.247823,21.487471],[39.247823,21.487471],[39.247822,21.48747],[39.247822,21.487469],[39.247821,21.487468],[39.247821,21.487467],[39.247821,21.487467],[39.247821,21.487466],[39.24782,21.487465],[39.24782,21.487464],[39.24782,21.487463],[39.24782,21.487463],[39.24782,21.487462],[39.24782,21.487461],[39.247821,21.48746],[39.247821,21.48746],[39.247869,21.487201],[39.247755,21.487183],[39.247748,21.487223],[39.247584,21.487196],[39.247572,21.487263],[39.24731,21.487221],[39.247301,21.487272],[39.247272,21.487267],[39.247258,21.487339],[39.247206,21.48733],[39.247203,21.487348],[39.247132,21.487337],[39.247024,21.487908],[39.24772,21.488024],[39.247827,21.487474],[39.247827,21.487474]]]]},"properties":{"capacity":0.0,"subtype":1,"description":"CAR PARKING","branch":"السليمانية","area_sqm":5928.359,"parking_id":"NET_PARKING_LOTS-000235"}},{"type":"Feature","id":"NET_PARKING_LOTS-000236","geometry":{"type":"MultiPolygon","coordinates":[[[[39.24558,21.486659],[39.245702,21.486679],[39.245694,21.486676],[39.245685,21.486671],[39.245681,21.486664],[39.245678,21.486656],[39.245678,21.486646],[39.24568,21.486632],[39.245682,21.486629],[39.245687,21.486624],[39.245694,21.486624],[39.245735,21.486631],[39.245816,21.486205],[39.245769,21.486197],[39.245765,21.486191],[39.245765,21.486186],[39.245775,21.486132],[39.24551,21.486088],[39.245499,21.486144],[39.245433,21.486133],[39.245345,21.48662],[39.245498,21.486646],[39.245481,21.486633],[39.245476,21.486613],[39.245479,21.486599],[39.245484,21.486592],[39.245491,21.48659],[39.245533,21.486597],[39.245599,21.486246],[39.245559,21.48624],[39.245558,21.486239],[39.245557,21.486239],[39.245556,21.486238],[39.245555,21.486237],[39.245554,21.486237],[39.245554,21.486236],[39.245553,21.486235],[39.245552,21.486234],[39.245552,21.486233],[39.245551,21.486232],[39.245551,21.486231],[39.24555,21.48623],[39.24555,21.486229],[39.24555,21.486228],[39.245549,21.486227],[39.245549,21.486226],[39.245549,21.486225],[39.245549,21.486224],[39.24555,21.486223],[39.24555,21.486222],[39.24555,21.486221],[39.24555,21.48622],[39.245551,21.486219],[39.245551,21.486218],[39.245552,21.486217],[39.245553,21.486216],[39.245553,21.486215],[39.245554,21.486215],[39.245555,21.486214],[39.245556,21.486213],[39.245557,21.486213],[39.245558,21.486212],[39.245559,21.486212],[39.24556,21.486211],[39.245561,21.486211],[39.245562,21.486211],[39.245563,21.48621],[39.245564,21.48621],[39.245565,21.48621],[39.245567,21.48621],[39.245568,21.48621],[39.245676,21.486228],[39.245677,21.486228],[39.245678,21.486229],[39.245679,21.486229],[39.24568,21.48623],[39.245681,21.48623],[39.245682,21.486231],[39.245683,21.486231],[39.245684,21.486232],[39.245684,21.486233],[39.245685,21.486234],[39.245686,21.486234],[39.245686,21.486235],[39.245687,21.486236],[39.245687,21.486237],[39.245688,21.486238],[39.245688,21.486239],[39.245688,21.48624],[39.245688,21.486241],[39.245688,21.486242],[39.245689,21.486243],[39.245688,21.486244],[39.245688,21.486245],[39.245688,21.486246],[39.245688,21.486247],[39.245688,21.486248],[39.245687,21.486249],[39.245687,21.48625],[39.245686,21.486251],[39.245685,21.486252],[39.245685,21.486253],[39.245684,21.486253],[39.245683,21.486254],[39.245682,21.486255],[39.245682,21.486256],[39.245681,21.486256],[39.24568,21.486257],[39.245679,21.486257],[39.245678,21.486257],[39.245677,21.486258],[39.245676,21.486258],[39.245674,21.486258],[39.245632,21.486252],[39.245566,21.486603],[39.24561,21.48661],[39.245615,21.486613],[39.245617,21.48662],[39.245612,21.486644],[39.245601,21.486655],[39.24558,21.486659]]]]},"properties":{"capacity":76.0,"subtype":1,"description":"CAR PARKING","branch":"السليمانية","area_sqm":2075.356,"parking_id":"NET_PARKING_LOTS-000236"}},{"type":"Feature","id":"NET_PARKING_LOTS-000237","geometry":{"type":"MultiPolygon","coordinates":[[[[39.243002,21.491073],[39.243001,21.491073],[39.243,21.491073],[39.242999,21.491073],[39.242998,21.491073],[39.242997,21.491073],[39.242996,21.491073],[39.242995,21.491072],[39.242994,21.491072],[39.242993,21.491072],[39.242992,21.491071],[39.242991,21.491071],[39.24299,21.49107],[39.242989,21.491069],[39.242988,21.491069],[39.242987,21.491068],[39.242987,21.491067],[39.242986,21.491066],[39.242985,21.491065],[39.242985,21.491064],[39.242984,21.491064],[39.242984,21.491063],[39.242984,21.491062],[39.242984,21.491061],[39.242983,21.49106],[39.242983,21.491059],[39.242983,21.491058],[39.242983,21.491056],[39.242983,21.491055],[39.242984,21.491054],[39.242984,21.491053],[39.242984,21.491053],[39.242985,21.491052],[39.242985,21.491051],[39.242986,21.49105],[39.242986,21.491049],[39.242987,21.491048],[39.242988,21.491047],[39.242989,21.491047],[39.24299,21.491046],[39.24299,21.491045],[39.242991,21.491045],[39.24308,21.490989],[39.243082,21.490988],[39.243085,21.490987],[39.243087,21.490986],[39.24309,21.490985],[39.243093,21.490984],[39.243095,21.490983],[39.243098,21.490983],[39.243101,21.490983],[39.243104,21.490983],[39.243107,21.490983],[39.24311,21.490983],[39.243112,21.490984],[39.243115,21.490984],[39.243118,21.490985],[39.243121,21.490986],[39.243123,21.490987],[39.243126,21.490989],[39.243128,21.49099],[39.24313,21.490992],[39.243132,21.490994],[39.243134,21.490996],[39.243057,21.490886],[39.243064,21.490913],[39.243052,21.490935],[39.242952,21.490996],[39.24293,21.49099],[39.242932,21.490973],[39.24297,21.49095],[39.242895,21.490842],[39.242883,21.490849],[39.242813,21.490855],[39.242805,21.490854],[39.242802,21.490851],[39.242797,21.490807],[39.241825,21.490895],[39.24183,21.490938],[39.241827,21.490944],[39.241821,21.490945],[39.241762,21.49095],[39.241745,21.490945],[39.241741,21.490937],[39.24175,21.491021],[39.24175,21.491021],[39.24175,21.49102],[39.24175,21.491019],[39.241751,21.491018],[39.241751,21.491018],[39.241751,21.491017],[39.241752,21.491016],[39.241752,21.491015],[39.241753,21.491015],[39.241753,21.491014],[39.241754,21.491014],[39.241754,21.491013],[39.241755,21.491013],[39.241756,21.491012],[39.241757,21.491012],[39.241757,21.491011],[39.241758,21.491011],[39.241759,21.491011],[39.24176,21.491011],[39.241761,21.49101],[39.241761,21.49101],[39.241762,21.49101],[39.241763,21.49101],[39.241833,21.491005],[39.241834,21.491005],[39.241835,21.491005],[39.241836,21.491005],[39.241837,21.491005],[39.241838,21.491005],[39.241838,21.491005],[39.241839,21.491006],[39.24184,21.491006],[39.241841,21.491007],[39.241842,21.491007],[39.241843,21.491008],[39.241843,21.491008],[39.241844,21.491009],[39.241845,21.491009],[39.241845,21.49101],[39.241846,21.491011],[39.241846,21.491012],[39.241847,21.491013],[39.241847,21.491013],[39.241847,21.491014],[39.241847,21.491015],[39.241848,21.491016],[39.241848,21.491017],[39.241848,21.491018],[39.241848,21.491019],[39.241848,21.491019],[39.241847,21.49102],[39.241847,21.491021],[39.241847,21.491022],[39.241847,21.491023],[39.241846,21.491024],[39.241846,21.491024],[39.241845,21.491025],[39.241845,21.491026],[39.241844,21.491027],[39.241843,21.491027],[39.241843,21.491028],[39.241842,21.491028],[39.241841,21.491029],[39.24184,21.491029],[39.241839,21.49103],[39.241838,21.49103],[39.241837,21.49103],[39.241798,21.491033],[39.241845,21.491489],[39.241886,21.491486],[39.241887,21.491486],[39.241888,21.491486],[39.241889,21.491487],[39.241889,21.491487],[39.24189,21.491488],[39.241891,21.491488],[39.241892,21.491489],[39.241893,21.491489],[39.241893,21.49149],[39.241894,21.491491],[39.241894,21.491491],[39.241895,21.491492],[39.241895,21.491493],[39.241896,21.491494],[39.241896,21.491495],[39.241896,21.491496],[39.241897,21.491496],[39.241897,21.491497],[39.241897,21.491498],[39.241897,21.491499],[39.241897,21.4915],[39.241897,21.491501],[39.241896,21.491502],[39.241896,21.491503],[39.241896,21.491504],[39.241895,21.491504],[39.241895,21.491505],[39.241894,21.491506],[39.241894,21.491507],[39.241893,21.491507],[39.241892,21.491508],[39.241892,21.491509],[39.241891,21.491509],[39.24189,21.49151],[39.241889,21.49151],[39.241888,21.491511],[39.241887,21.491511],[39.241886,21.491511],[39.241886,21.491511],[39.241885,21.491511],[39.241884,21.491512],[39.241811,21.491518],[39.24181,21.491518],[39.241809,21.491518],[39.241809,21.491518],[39.241808,21.491518],[39.241807,21.491518],[39.241807,21.491517],[39.241806,21.491517],[39.241806,21.491517],[39.241805,21.491516],[39.241804,21.491516],[39.241804,21.491516],[39.241803,21.491515],[39.241803,21.491515],[39.241802,21.491514],[39.241802,21.491514],[39.241802,21.491513],[39.241801,21.491513],[39.241801,21.491512],[39.241801,21.491511],[39.241801,21.491511],[39.241801,21.49151],[39.241801,21.49151],[39.241801,21.491509],[39.241808,21.491583],[39.241813,21.491578],[39.241889,21.491572],[39.24189,21.491572],[39.24189,21.491572],[39.24189,21.491572],[39.241891,21.491572],[39.241891,21.491572],[39.241891,21.491572],[39.241892,21.491572],[39.241892,21.491572],[39.241893,21.491573],[39.241893,21.491573],[39.241893,21.491573],[39.241893,21.491573],[39.241894,21.491573],[39.241894,21.491574],[39.241894,21.491574],[39.241894,21.491574],[39.241895,21.491575],[39.241895,21.491575],[39.241895,21.491575],[39.241895,21.491576],[39.241895,21.491576],[39.241895,21.491576],[39.241895,21.491577],[39.241901,21.49162],[39.243034,21.491518],[39.24303,21.491475],[39.24303,21.491475],[39.24303,21.491474],[39.24303,21.491474],[39.24303,21.491473],[39.24303,21.491473],[39.24303,21.491472],[39.24303,21.491472],[39.24303,21.491471],[39.243031,21.491471],[39.243031,21.49147],[39.243031,21.49147],[39.243032,21.49147],[39.243032,21.491469],[39.243032,21.491469],[39.243033,21.491468],[39.243033,21.491468],[39.243034,21.491468],[39.243034,21.491468],[39.243035,21.491467],[39.243035,21.491467],[39.243036,21.491467],[39.243036,21.491467],[39.243037,21.491467],[39.243037,21.491467],[39.243038,21.491467],[39.243158,21.491455],[39.243162,21.491454],[39.243167,21.491452],[39.243171,21.49145],[39.243174,21.491448],[39.243178,21.491446],[39.243182,21.491443],[39.243185,21.491441],[39.243188,21.491438],[39.243191,21.491435],[39.243194,21.491431],[39.243196,21.491428],[39.243198,21.491424],[39.2432,21.49142],[39.243202,21.491416],[39.243203,21.491412],[39.243204,21.491408],[39.243205,21.491404],[39.243205,21.4914],[39.243205,21.491396],[39.243205,21.491392],[39.243205,21.491388],[39.243204,21.491384],[39.243203,21.49138],[39.243195,21.491366],[39.243192,21.491359],[39.243194,21.491354],[39.243234,21.491329],[39.243039,21.49105],[39.243002,21.491073]]]]},"properties":{"capacity":353.0,"subtype":1,"description":"PARKING SHED CONCRETE","branch":"السليمانية","area_sqm":10500.493,"parking_id":"NET_PARKING_LOTS-000237"}},{"type":"Feature","id":"NET_PARKING_LOTS-000238","geometry":{"type":"MultiPolygon","coordinates":[[[[39.240314,21.49089],[39.240224,21.490899],[39.240225,21.490899],[39.240226,21.490899],[39.240227,21.490899],[39.240228,21.490899],[39.240229,21.4909],[39.24023,21.4909],[39.240231,21.4909],[39.240232,21.490901],[39.240233,21.490902],[39.240234,21.490902],[39.240235,21.490903],[39.240235,21.490904],[39.240236,21.490904],[39.240237,21.490905],[39.240237,21.490906],[39.240238,21.490907],[39.240238,21.490908],[39.240238,21.490909],[39.240239,21.49091],[39.240239,21.490911],[39.240239,21.490912],[39.240239,21.490913],[39.240239,21.490914],[39.240239,21.490915],[39.240239,21.490916],[39.240239,21.490917],[39.240238,21.490918],[39.240238,21.490919],[39.240238,21.49092],[39.240237,21.49092],[39.240237,21.490921],[39.240236,21.490922],[39.240235,21.490923],[39.240235,21.490924],[39.240234,21.490924],[39.240233,21.490925],[39.240232,21.490926],[39.240231,21.490926],[39.24023,21.490927],[39.240229,21.490927],[39.240228,21.490927],[39.240227,21.490928],[39.240226,21.490928],[39.240225,21.490928],[39.240224,21.490928],[39.240187,21.490931],[39.240203,21.491086],[39.240202,21.491086],[39.240209,21.491147],[39.240276,21.49179],[39.240314,21.491786],[39.240315,21.491786],[39.240316,21.491786],[39.240317,21.491786],[39.240318,21.491786],[39.240319,21.491786],[39.24032,21.491786],[39.240321,21.491786],[39.240322,21.491786],[39.240323,21.491787],[39.240324,21.491787],[39.240324,21.491788],[39.240325,21.491788],[39.240326,21.491789],[39.240327,21.491789],[39.240328,21.49179],[39.240328,21.49179],[39.240329,21.491791],[39.240329,21.491792],[39.24033,21.491793],[39.240333,21.491805],[39.240333,21.491806],[39.240334,21.491808],[39.240335,21.491809],[39.240336,21.491811],[39.240336,21.491812],[39.240337,21.491813],[39.240339,21.491814],[39.24034,21.491815],[39.240341,21.491816],[39.240342,21.491817],[39.240344,21.491818],[39.240345,21.491819],[39.240347,21.49182],[39.240348,21.49182],[39.24035,21.491821],[39.240351,21.491821],[39.240353,21.491821],[39.240355,21.491822],[39.240356,21.491822],[39.240629,21.491797],[39.240631,21.491797],[39.240632,21.491797],[39.240634,21.491797],[39.240636,21.491796],[39.240638,21.491795],[39.24064,21.491795],[39.240641,21.491794],[39.240643,21.491793],[39.240644,21.491792],[39.240646,21.491791],[39.240647,21.491789],[39.240648,21.491788],[39.24065,21.491787],[39.240651,21.491785],[39.240651,21.491784],[39.240652,21.491782],[39.240653,21.49178],[39.240654,21.491765],[39.240654,21.491764],[39.240654,21.491763],[39.240655,21.491763],[39.240655,21.491762],[39.240655,21.491761],[39.240656,21.49176],[39.240656,21.49176],[39.240656,21.491759],[39.240657,21.491758],[39.240658,21.491758],[39.240658,21.491757],[39.240659,21.491757],[39.240659,21.491756],[39.24066,21.491756],[39.240661,21.491756],[39.240662,21.491755],[39.240662,21.491755],[39.240706,21.491751],[39.240617,21.490893],[39.24058,21.490897],[39.240579,21.490897],[39.240577,21.490897],[39.240576,21.490897],[39.240575,21.490897],[39.240574,21.490897],[39.240573,21.490896],[39.240572,21.490896],[39.240571,21.490895],[39.24057,21.490895],[39.240569,21.490894],[39.240568,21.490894],[39.240567,21.490893],[39.240566,21.490892],[39.240565,21.490891],[39.240565,21.49089],[39.240564,21.490889],[39.240563,21.490888],[39.240563,21.490887],[39.240562,21.490886],[39.240562,21.490885],[39.240562,21.490884],[39.240562,21.490883],[39.240562,21.490882],[39.240562,21.490881],[39.240562,21.49088],[39.240562,21.490879],[39.240562,21.490878],[39.240562,21.490877],[39.240563,21.490876],[39.240563,21.490875],[39.240564,21.490874],[39.240564,21.490873],[39.240565,21.490872],[39.240566,21.490871],[39.240567,21.49087],[39.240567,21.490869],[39.240568,21.490869],[39.240569,21.490868],[39.24057,21.490868],[39.240571,21.490867],[39.240572,21.490867],[39.240574,21.490866],[39.240575,21.490866],[39.240576,21.490866],[39.240577,21.490866],[39.240577,21.490866],[39.240481,21.490875],[39.240482,21.490875],[39.240483,21.490875],[39.240484,21.490875],[39.240485,21.490875],[39.240486,21.490875],[39.240487,21.490876],[39.240488,21.490876],[39.240489,21.490877],[39.24049,21.490877],[39.240491,21.490878],[39.240492,21.490878],[39.240493,21.490879],[39.240494,21.49088],[39.240494,21.490881],[39.240495,21.490882],[39.240496,21.490882],[39.240496,21.490883],[39.240497,21.490884],[39.240497,21.490885],[39.240497,21.490886],[39.240497,21.490887],[39.240498,21.490889],[39.240498,21.49089],[39.240498,21.490891],[39.240498,21.490892],[39.240497,21.490893],[39.240497,21.490894],[39.240497,21.490895],[39.240496,21.490896],[39.240496,21.490897],[39.240495,21.490898],[39.240495,21.490899],[39.240494,21.490899],[39.240493,21.4909],[39.240492,21.490901],[39.240492,21.490902],[39.240491,21.490902],[39.24049,21.490903],[39.240489,21.490903],[39.240488,21.490904],[39.240487,21.490904],[39.240486,21.490904],[39.240484,21.490905],[39.240445,21.490908],[39.240488,21.49131],[39.24053,21.491717],[39.240566,21.491713],[39.240567,21.491713],[39.240568,21.491713],[39.240569,21.491713],[39.240571,21.491713],[39.240572,21.491713],[39.240573,21.491713],[39.240574,21.491714],[39.240575,21.491714],[39.240576,21.491714],[39.240577,21.491715],[39.240578,21.491715],[39.240579,21.491716],[39.240579,21.491717],[39.24058,21.491717],[39.240581,21.491718],[39.240582,21.491719],[39.240582,21.49172],[39.240583,21.491721],[39.240583,21.491722],[39.240584,21.491723],[39.240584,21.491724],[39.240584,21.491725],[39.240585,21.491726],[39.240585,21.491727],[39.240585,21.491728],[39.240585,21.491729],[39.240585,21.49173],[39.240584,21.491731],[39.240584,21.491732],[39.240584,21.491733],[39.240584,21.491734],[39.240583,21.491735],[39.240583,21.491736],[39.240582,21.491736],[39.240581,21.491737],[39.240581,21.491738],[39.24058,21.491739],[39.240579,21.491739],[39.240578,21.49174],[39.240577,21.491741],[39.240576,21.491741],[39.240575,21.491742],[39.240574,21.491742],[39.240573,21.491742],[39.240572,21.491743],[39.240571,21.491743],[39.24057,21.491743],[39.240407,21.491758],[39.240406,21.491758],[39.240405,21.491758],[39.240404,21.491758],[39.240403,21.491757],[39.240402,21.491757],[39.240401,21.491757],[39.2404,21.491757],[39.240399,21.491756],[39.240398,21.491756],[39.240397,21.491755],[39.240396,21.491755],[39.240395,21.491754],[39.240394,21.491753],[39.240394,21.491752],[39.240393,21.491752],[39.240392,21.491751],[39.240392,21.49175],[39.240391,21.491749],[39.240391,21.491748],[39.24039,21.491747],[39.24039,21.491746],[39.24039,21.491745],[39.24039,21.491744],[39.24039,21.491743],[39.24039,21.491742],[39.24039,21.491741],[39.24039,21.49174],[39.24039,21.491739],[39.240391,21.491738],[39.240391,21.491737],[39.240392,21.491736],[39.240392,21.491735],[39.240393,21.491734],[39.240393,21.491733],[39.240394,21.491733],[39.240395,21.491732],[39.240396,21.491731],[39.240397,21.491731],[39.240398,21.49173],[39.240399,21.491729],[39.2404,21.491729],[39.240401,21.491729],[39.240402,21.491728],[39.240442,21.491725],[39.240403,21.491348],[39.240358,21.490916],[39.240322,21.49092],[39.24032,21.49092],[39.240319,21.49092],[39.240318,21.49092],[39.240317,21.49092],[39.240316,21.49092],[39.240315,21.49092],[39.240314,21.49092],[39.240313,21.490919],[39.240312,21.490919],[39.240311,21.490918],[39.24031,21.490918],[39.240309,21.490917],[39.240308,21.490917],[39.240307,21.490916],[39.240306,21.490915],[39.240306,21.490914],[39.240305,21.490914],[39.240304,21.490913],[39.240304,21.490912],[39.240304,21.490911],[39.240303,21.49091],[39.240303,21.490909],[39.240303,21.490908],[39.240302,21.490907],[39.240302,21.490906],[39.240302,21.490905],[39.240302,21.490904],[39.240302,21.490903],[39.240303,21.490902],[39.240303,21.490901],[39.240303,21.4909],[39.240304,21.490899],[39.240304,21.490898],[39.240305,21.490897],[39.240305,21.490896],[39.240306,21.490895],[39.240307,21.490894],[39.240308,21.490894],[39.240308,21.490893],[39.240309,21.490892],[39.24031,21.490892],[39.240311,21.490891],[39.240312,21.490891],[39.240313,21.49089],[39.240314,21.49089],[39.240314,21.49089]]]]},"properties":{"capacity":136.0,"subtype":1,"description":"CAR PARKING","branch":"السليمانية","area_sqm":3575.888,"parking_id":"NET_PARKING_LOTS-000238"}},{"type":"Feature","id":"NET_PARKING_LOTS-000239","geometry":{"type":"MultiPolygon","coordinates":[[[[39.240128,21.491662],[39.240128,21.491662],[39.240128,21.491662],[39.240128,21.491663],[39.240127,21.491664],[39.240127,21.491664],[39.240127,21.491665],[39.240127,21.491666],[39.240126,21.491666],[39.240126,21.491667],[39.240126,21.491667],[39.240125,21.491668],[39.240125,21.491668],[39.240124,21.491669],[39.240124,21.491669],[39.240123,21.49167],[39.240122,21.49167],[39.240122,21.49167],[39.240121,21.491671],[39.24012,21.491671],[39.24012,21.491671],[39.240119,21.491671],[39.240118,21.491671],[39.240041,21.491679],[39.24004,21.491679],[39.240039,21.491679],[39.240038,21.491679],[39.240037,21.491679],[39.240037,21.491678],[39.240036,21.491678],[39.240035,21.491678],[39.240034,21.491678],[39.240034,21.491677],[39.240033,21.491677],[39.240032,21.491677],[39.240032,21.491676],[39.240031,21.491676],[39.240031,21.491675],[39.24003,21.491675],[39.24003,21.491674],[39.240029,21.491673],[39.240029,21.491673],[39.240028,21.491672],[39.240028,21.491671],[39.240028,21.491671],[39.240028,21.49167],[39.240028,21.491669],[39.240027,21.491661],[39.240027,21.491661],[39.240027,21.49166],[39.240027,21.491659],[39.240027,21.491658],[39.240028,21.491658],[39.240028,21.491657],[39.240028,21.491656],[39.240028,21.491656],[39.240029,21.491655],[39.240029,21.491654],[39.24003,21.491654],[39.24003,21.491653],[39.240031,21.491653],[39.240031,21.491652],[39.240032,21.491652],[39.240033,21.491651],[39.240033,21.491651],[39.240034,21.491651],[39.240035,21.49165],[39.240036,21.49165],[39.240036,21.49165],[39.240037,21.49165],[39.240038,21.49165],[39.24008,21.491647],[39.240033,21.491191],[39.239992,21.491195],[39.239991,21.491195],[39.23999,21.491195],[39.239989,21.491195],[39.239989,21.491195],[39.239988,21.491195],[39.239987,21.491195],[39.239986,21.491194],[39.239985,21.491194],[39.239985,21.491194],[39.239984,21.491194],[39.239983,21.491193],[39.239983,21.491193],[39.239982,21.491192],[39.239981,21.491192],[39.239981,21.491191],[39.23998,21.491191],[39.23998,21.49119],[39.239979,21.491189],[39.239979,21.491189],[39.239979,21.491188],[39.239978,21.491187],[39.239978,21.491186],[39.239978,21.491186],[39.239977,21.491179],[39.239977,21.491178],[39.239977,21.491177],[39.239977,21.491176],[39.239977,21.491175],[39.239977,21.491174],[39.239978,21.491173],[39.239978,21.491173],[39.239979,21.491172],[39.239979,21.491171],[39.23998,21.491171],[39.23998,21.49117],[39.239981,21.491169],[39.239982,21.491169],[39.239982,21.491168],[39.239983,21.491168],[39.239984,21.491167],[39.239985,21.491167],[39.239986,21.491167],[39.239987,21.491167],[39.239987,21.491166],[39.239988,21.491166],[39.240066,21.491159],[39.240067,21.491159],[39.240067,21.491159],[39.240068,21.491159],[39.240069,21.491159],[39.240069,21.491159],[39.24007,21.49116],[39.240071,21.49116],[39.240071,21.49116],[39.240072,21.49116],[39.240072,21.491161],[39.240073,21.491161],[39.240073,21.491161],[39.240074,21.491162],[39.240074,21.491162],[39.240075,21.491163],[39.240075,21.491163],[39.240076,21.491164],[39.240076,21.491164],[39.240076,21.491165],[39.240076,21.491165],[39.240076,21.491166],[39.240077,21.491167],[39.240077,21.491167],[39.24007,21.491098],[39.239938,21.49111],[39.239931,21.491108],[39.239927,21.491102],[39.239922,21.491061],[39.239527,21.491097],[39.239528,21.491171],[39.239522,21.491208],[39.239515,21.491234],[39.239542,21.491489],[39.23957,21.491759],[39.239578,21.491772],[39.23959,21.491778],[39.239605,21.491779],[39.239611,21.491781],[39.239615,21.491786],[39.239619,21.491827],[39.239999,21.491793],[39.239994,21.491753],[39.239994,21.491751],[39.239995,21.491749],[39.239995,21.491747],[39.239996,21.491746],[39.239998,21.491745],[39.239999,21.491744],[39.240002,21.491743],[39.240124,21.491731],[39.240131,21.491734],[39.240136,21.491739],[39.240128,21.491662]]]]},"properties":{"capacity":115.0,"subtype":1,"description":"CAR PARKING","branch":"السليمانية","area_sqm":4246.837,"parking_id":"NET_PARKING_LOTS-000239"}},{"type":"Feature","id":"NET_PARKING_LOTS-000240","geometry":{"type":"MultiPolygon","coordinates":[[[[39.241654,21.491032],[39.241646,21.490953],[39.241642,21.490959],[39.241636,21.490962],[39.241567,21.490968],[39.241561,21.490966],[39.241557,21.490961],[39.241553,21.490919],[39.240851,21.490983],[39.240855,21.491022],[39.240855,21.491023],[39.240855,21.491024],[39.240855,21.491024],[39.240855,21.491025],[39.240855,21.491026],[39.240855,21.491027],[39.240854,21.491028],[39.240854,21.491029],[39.240853,21.491029],[39.240853,21.49103],[39.240852,21.491031],[39.240852,21.491031],[39.240851,21.491032],[39.24085,21.491032],[39.24085,21.491033],[39.240844,21.491034],[39.240779,21.491039],[39.240779,21.491039],[39.240778,21.491039],[39.240777,21.491039],[39.240776,21.491039],[39.240776,21.491039],[39.240775,21.491039],[39.240774,21.491038],[39.240774,21.491038],[39.240773,21.491038],[39.240772,21.491037],[39.240772,21.491037],[39.240771,21.491036],[39.240771,21.491036],[39.24077,21.491035],[39.24077,21.491035],[39.240769,21.491034],[39.240769,21.491034],[39.240769,21.491033],[39.240769,21.491032],[39.240768,21.491032],[39.240768,21.491031],[39.240776,21.491106],[39.240776,21.491105],[39.240777,21.491105],[39.240777,21.491104],[39.240777,21.491103],[39.240778,21.491103],[39.240778,21.491102],[39.240779,21.491102],[39.240779,21.491102],[39.24078,21.491101],[39.24078,21.491101],[39.240781,21.4911],[39.240782,21.4911],[39.240782,21.4911],[39.240783,21.4911],[39.240784,21.491099],[39.240784,21.491099],[39.240785,21.491099],[39.240859,21.491092],[39.24086,21.491092],[39.240861,21.491092],[39.240862,21.491092],[39.240863,21.491092],[39.240864,21.491092],[39.240865,21.491092],[39.240866,21.491093],[39.240867,21.491093],[39.240868,21.491093],[39.240869,21.491094],[39.24087,21.491094],[39.24087,21.491095],[39.240871,21.491095],[39.240872,21.491096],[39.240873,21.491096],[39.240873,21.491097],[39.240874,21.491098],[39.240874,21.491099],[39.240875,21.491099],[39.240875,21.4911],[39.240875,21.491101],[39.240876,21.491102],[39.240876,21.491103],[39.240876,21.491104],[39.240876,21.491105],[39.240876,21.491106],[39.240876,21.491106],[39.240876,21.491107],[39.240876,21.491108],[39.240875,21.491109],[39.240875,21.49111],[39.240875,21.491111],[39.240874,21.491112],[39.240874,21.491112],[39.240873,21.491113],[39.240873,21.491114],[39.240872,21.491115],[39.240871,21.491115],[39.24087,21.491116],[39.24087,21.491116],[39.240869,21.491117],[39.240868,21.491117],[39.240867,21.491117],[39.240866,21.491118],[39.240865,21.491118],[39.240864,21.491118],[39.240863,21.491118],[39.240862,21.491118],[39.240861,21.491118],[39.240824,21.491122],[39.240871,21.491578],[39.240913,21.491574],[39.240913,21.491574],[39.240914,21.491574],[39.240915,21.491574],[39.240916,21.491575],[39.240917,21.491575],[39.240918,21.491575],[39.240919,21.491576],[39.240919,21.491576],[39.24092,21.491577],[39.240921,21.491578],[39.240922,21.491578],[39.240922,21.491579],[39.240923,21.49158],[39.240923,21.49158],[39.240924,21.491581],[39.240924,21.491582],[39.240924,21.491583],[39.240925,21.491584],[39.240925,21.491584],[39.240925,21.491585],[39.240925,21.491586],[39.240925,21.491587],[39.240925,21.491588],[39.240925,21.491589],[39.240925,21.49159],[39.240924,21.49159],[39.240924,21.491591],[39.240924,21.491592],[39.240923,21.491593],[39.240923,21.491594],[39.240922,21.491594],[39.240922,21.491595],[39.240921,21.491596],[39.24092,21.491596],[39.24092,21.491597],[39.240919,21.491597],[39.240918,21.491598],[39.240917,21.491598],[39.240917,21.491599],[39.240916,21.491599],[39.240915,21.491599],[39.240841,21.491606],[39.24084,21.491606],[39.240839,21.491606],[39.240838,21.491606],[39.240837,21.491605],[39.240836,21.491605],[39.240835,21.491605],[39.240834,21.491605],[39.240833,21.491604],[39.240833,21.491604],[39.240832,21.491603],[39.240831,21.491603],[39.24083,21.491602],[39.24083,21.491602],[39.240829,21.491601],[39.240828,21.4916],[39.240828,21.4916],[39.240827,21.491599],[39.240827,21.491598],[39.240827,21.491597],[39.240835,21.491675],[39.240835,21.491674],[39.240835,21.491674],[39.240835,21.491673],[39.240836,21.491672],[39.240836,21.491672],[39.240836,21.491671],[39.240837,21.491671],[39.240837,21.49167],[39.240837,21.491669],[39.240838,21.491669],[39.240839,21.491668],[39.240839,21.491668],[39.24084,21.491668],[39.24084,21.491667],[39.240841,21.491667],[39.240842,21.491667],[39.240842,21.491666],[39.240843,21.491666],[39.240844,21.491666],[39.240844,21.491666],[39.240845,21.491666],[39.240912,21.49166],[39.240912,21.49166],[39.240913,21.49166],[39.240914,21.49166],[39.240914,21.49166],[39.240915,21.49166],[39.240915,21.49166],[39.240916,21.491661],[39.240917,21.491661],[39.240917,21.491661],[39.240918,21.491661],[39.240918,21.491662],[39.240919,21.491662],[39.240919,21.491663],[39.24092,21.491663],[39.24092,21.491663],[39.24092,21.491664],[39.240921,21.491664],[39.240921,21.491665],[39.240921,21.491665],[39.240921,21.491666],[39.240921,21.491667],[39.240921,21.491667],[39.240921,21.491668],[39.240926,21.491708],[39.241628,21.491644],[39.241624,21.491608],[39.241624,21.491607],[39.241624,21.491606],[39.241624,21.491606],[39.241624,21.491605],[39.241624,21.491604],[39.241624,21.491603],[39.241624,21.491602],[39.241625,21.491601],[39.241625,21.491601],[39.241626,21.4916],[39.241626,21.491599],[39.241627,21.491599],[39.241627,21.491598],[39.241628,21.491597],[39.241628,21.491597],[39.241629,21.491596],[39.24163,21.491596],[39.241631,21.491595],[39.241631,21.491595],[39.241632,21.491595],[39.241633,21.491594],[39.241704,21.491589],[39.241705,21.491589],[39.241705,21.491589],[39.241706,21.491589],[39.241707,21.491589],[39.241707,21.49159],[39.241708,21.49159],[39.241709,21.491591],[39.241709,21.491591],[39.24171,21.491591],[39.24171,21.491592],[39.241711,21.491593],[39.241711,21.491593],[39.241711,21.491594],[39.241712,21.491594],[39.241712,21.491595],[39.241712,21.491596],[39.241712,21.491596],[39.241712,21.491597],[39.241712,21.491598],[39.241704,21.491517],[39.241704,21.491517],[39.241704,21.491518],[39.241704,21.491519],[39.241704,21.49152],[39.241704,21.49152],[39.241704,21.491521],[39.241703,21.491522],[39.241703,21.491523],[39.241702,21.491523],[39.241702,21.491524],[39.241702,21.491524],[39.241701,21.491525],[39.2417,21.491526],[39.2417,21.491526],[39.241699,21.491527],[39.241699,21.491527],[39.241698,21.491527],[39.241697,21.491528],[39.241696,21.491528],[39.241696,21.491528],[39.241695,21.491528],[39.241694,21.491529],[39.241693,21.491529],[39.24167,21.491531],[39.241669,21.491531],[39.241668,21.491531],[39.241668,21.491531],[39.241667,21.49153],[39.241666,21.49153],[39.241665,21.49153],[39.241664,21.49153],[39.241664,21.491529],[39.241663,21.491529],[39.241662,21.491528],[39.241662,21.491528],[39.241661,21.491527],[39.24166,21.491527],[39.24166,21.491526],[39.241659,21.491525],[39.241659,21.491524],[39.241659,21.491524],[39.241658,21.491523],[39.241658,21.491522],[39.241658,21.491521],[39.241658,21.491521],[39.241658,21.49152],[39.241658,21.491519],[39.241608,21.491037],[39.241608,21.491036],[39.241608,21.491036],[39.241607,21.491035],[39.241607,21.491034],[39.241607,21.491034],[39.241608,21.491033],[39.241608,21.491032],[39.241608,21.491032],[39.241608,21.491031],[39.241608,21.491031],[39.241609,21.49103],[39.241609,21.491029],[39.241609,21.491029],[39.24161,21.491028],[39.24161,21.491028],[39.241611,21.491027],[39.241611,21.491027],[39.241612,21.491027],[39.241612,21.491026],[39.241613,21.491026],[39.241613,21.491026],[39.241614,21.491025],[39.241615,21.491025],[39.241615,21.491025],[39.241616,21.491025],[39.241617,21.491025],[39.241617,21.491025],[39.241641,21.491022],[39.241642,21.491022],[39.241643,21.491022],[39.241643,21.491022],[39.241644,21.491022],[39.241645,21.491022],[39.241646,21.491022],[39.241647,21.491023],[39.241647,21.491023],[39.241648,21.491023],[39.241649,21.491024],[39.241649,21.491024],[39.24165,21.491025],[39.241651,21.491025],[39.241651,21.491026],[39.241652,21.491026],[39.241652,21.491027],[39.241653,21.491028],[39.241653,21.491028],[39.241653,21.491029],[39.241653,21.49103],[39.241654,21.491031],[39.241654,21.491031],[39.241654,21.491032]]]]},"properties":{"capacity":172.0,"subtype":1,"description":"CAR PARKING","branch":"السليمانية","area_sqm":6598.768,"parking_id":"NET_PARKING_LOTS-000240"}},{"type":"Feature","id":"NET_PARKING_LOTS-000241","geometry":{"type":"MultiPolygon","coordinates":[[[[39.247657,21.490393],[39.247654,21.490369],[39.24765,21.490345],[39.247647,21.490321],[39.247644,21.490297],[39.247642,21.490292],[39.247641,21.490287],[39.247639,21.490282],[39.247637,21.490278],[39.247634,21.490273],[39.247632,21.490269],[39.247628,21.490264],[39.247625,21.490261],[39.247621,21.490257],[39.247617,21.490253],[39.247613,21.49025],[39.247609,21.490247],[39.247604,21.490244],[39.247599,21.490242],[39.247594,21.49024],[39.247589,21.490238],[39.247584,21.490237],[39.247579,21.490235],[39.247573,21.490235],[39.247568,21.490234],[39.247562,21.490234],[39.247461,21.490247],[39.247459,21.490247],[39.247457,21.490247],[39.247454,21.490247],[39.247452,21.490247],[39.24745,21.490247],[39.247448,21.490246],[39.247445,21.490245],[39.247443,21.490244],[39.247441,21.490243],[39.24744,21.490242],[39.247438,21.490241],[39.247436,21.49024],[39.247434,21.490238],[39.247433,21.490237],[39.247431,21.490235],[39.24743,21.490233],[39.247429,21.490231],[39.247428,21.490229],[39.247427,21.490227],[39.247427,21.490225],[39.247426,21.490223],[39.247426,21.490223],[39.247426,21.490222],[39.247426,21.490221],[39.247426,21.49022],[39.247425,21.490218],[39.247425,21.490215],[39.247425,21.490213],[39.247425,21.490211],[39.247425,21.490209],[39.247424,21.490205],[39.247424,21.490203],[39.247425,21.490201],[39.247425,21.490199],[39.247426,21.490197],[39.247426,21.490195],[39.247427,21.490193],[39.247428,21.490191],[39.247429,21.49019],[39.247431,21.490188],[39.247432,21.490186],[39.247434,21.490185],[39.247435,21.490183],[39.247437,21.490182],[39.247439,21.490181],[39.24744,21.49018],[39.247442,21.490179],[39.247444,21.490178],[39.247446,21.490177],[39.247449,21.490176],[39.247451,21.490176],[39.247453,21.490175],[39.247455,21.490175],[39.247457,21.490175],[39.247331,21.490156],[39.247338,21.490158],[39.24734,21.490158],[39.247342,21.49016],[39.247344,21.490161],[39.247346,21.490162],[39.247347,21.490163],[39.247349,21.490165],[39.24735,21.490166],[39.247351,21.490168],[39.247353,21.49017],[39.247354,21.490172],[39.247354,21.490173],[39.247355,21.490175],[39.247356,21.490177],[39.247363,21.490232],[39.247363,21.490234],[39.247363,21.490236],[39.247363,21.490238],[39.247362,21.49024],[39.247362,21.490242],[39.247361,21.490244],[39.24736,21.490246],[39.247359,21.490248],[39.247358,21.490249],[39.247356,21.490251],[39.247355,21.490253],[39.247353,21.490254],[39.247352,21.490255],[39.24735,21.490257],[39.247348,21.490258],[39.247346,21.490259],[39.247344,21.49026],[39.247342,21.49026],[39.24734,21.490261],[39.247338,21.490261],[39.247336,21.490262],[39.247238,21.490273],[39.247195,21.490296],[39.247177,21.490323],[39.247174,21.49035],[39.247178,21.490372],[39.247159,21.490374],[39.24717,21.490496],[39.247139,21.490498],[39.247173,21.490736],[39.247223,21.490729],[39.24723,21.490747],[39.247418,21.490722],[39.247421,21.490742],[39.247669,21.490712],[39.247688,21.490703],[39.247697,21.49068],[39.247696,21.490669],[39.247695,21.490663],[39.247693,21.490651],[39.247691,21.490639],[39.24769,21.490627],[39.247688,21.490615],[39.247686,21.490603],[39.247685,21.490591],[39.247683,21.490579],[39.247681,21.490567],[39.24768,21.490555],[39.247678,21.490543],[39.247676,21.490531],[39.247674,21.490513],[39.24767,21.490489],[39.247667,21.490465],[39.247664,21.490441],[39.24766,21.490417],[39.247657,21.490393]]]]},"properties":{"capacity":62.0,"subtype":1,"description":"CAR PARKING","branch":"السليمانية","area_sqm":2820.974,"parking_id":"NET_PARKING_LOTS-000241"}},{"type":"Feature","id":"NET_PARKING_LOTS-000242","geometry":{"type":"MultiPolygon","coordinates":[[[[39.244612,21.489551],[39.244669,21.489249],[39.244684,21.489159],[39.244595,21.489202],[39.244583,21.489208],[39.244536,21.489201],[39.244524,21.489255],[39.244482,21.489247],[39.244487,21.489224],[39.244237,21.489181],[39.244174,21.489502],[39.244175,21.489507],[39.244172,21.48952],[39.244412,21.489563],[39.244422,21.489515],[39.244454,21.48952],[39.244445,21.489568],[39.24452,21.489581],[39.244528,21.489537],[39.244529,21.489536],[39.244529,21.489536],[39.244529,21.489536],[39.244529,21.489535],[39.24453,21.489535],[39.24453,21.489535],[39.24453,21.489534],[39.244531,21.489534],[39.244531,21.489534],[39.244532,21.489533],[39.244532,21.489533],[39.244532,21.489533],[39.244533,21.489533],[39.244533,21.489533],[39.244534,21.489533],[39.244534,21.489533],[39.244535,21.489533],[39.244535,21.489533],[39.244536,21.489533],[39.244536,21.489533],[39.244537,21.489533],[39.244537,21.489533],[39.244538,21.489533],[39.244538,21.489533],[39.244539,21.489533],[39.244539,21.489534],[39.244539,21.489534],[39.24454,21.489534],[39.24454,21.489535],[39.244541,21.489535],[39.244541,21.489535],[39.244541,21.489536],[39.244541,21.489536],[39.244542,21.489536],[39.244542,21.489537],[39.244542,21.489537],[39.244542,21.489538],[39.244542,21.489538],[39.244542,21.489539],[39.244542,21.489539],[39.244542,21.48954],[39.244612,21.489551]]]]},"properties":{"capacity":41.0,"subtype":1,"description":"CAR PARKING","branch":"السليمانية","area_sqm":1750.232,"parking_id":"NET_PARKING_LOTS-000242"}},{"type":"Feature","id":"NET_PARKING_LOTS-000243","geometry":{"type":"MultiPolygon","coordinates":[[[[39.246555,21.489712],[39.246556,21.489706],[39.246667,21.489724],[39.246748,21.489293],[39.246621,21.489267],[39.24662,21.489272],[39.246566,21.489262],[39.246482,21.4897],[39.246555,21.489712]]]]},"properties":{"capacity":38.0,"subtype":1,"description":"CAR PARKING TENT","branch":"السليمانية","area_sqm":942.903,"parking_id":"NET_PARKING_LOTS-000243"}},{"type":"Feature","id":"NET_PARKING_LOTS-000244","geometry":{"type":"MultiPolygon","coordinates":[[[[39.246777,21.489977],[39.246884,21.489996],[39.246974,21.489516],[39.246932,21.48951],[39.246932,21.489509],[39.246931,21.489509],[39.246931,21.489509],[39.24693,21.489508],[39.24693,21.489508],[39.246929,21.489508],[39.246929,21.489507],[39.246928,21.489507],[39.246928,21.489506],[39.246928,21.489506],[39.246928,21.489505],[39.246927,21.489504],[39.246927,21.489504],[39.246927,21.489503],[39.246927,21.489503],[39.246927,21.489502],[39.246927,21.489501],[39.246927,21.489501],[39.246927,21.4895],[39.246927,21.4895],[39.246927,21.489499],[39.246927,21.489499],[39.246927,21.489498],[39.246928,21.489498],[39.246928,21.489497],[39.246928,21.489497],[39.246929,21.489496],[39.246929,21.489496],[39.24693,21.489495],[39.24693,21.489495],[39.246931,21.489495],[39.246931,21.489494],[39.246932,21.489494],[39.246932,21.489494],[39.246933,21.489494],[39.246933,21.489494],[39.246934,21.489493],[39.246934,21.489493],[39.246935,21.489493],[39.246936,21.489493],[39.246936,21.489493],[39.246937,21.489493],[39.246983,21.489501],[39.246983,21.489501],[39.246984,21.489501],[39.246985,21.489501],[39.246985,21.489501],[39.246986,21.489502],[39.246986,21.489502],[39.246987,21.489502],[39.246987,21.489502],[39.246988,21.489503],[39.246988,21.489503],[39.246989,21.489504],[39.246989,21.489504],[39.246989,21.489505],[39.24699,21.489505],[39.24699,21.489506],[39.24699,21.489506],[39.24699,21.489507],[39.24699,21.489507],[39.24699,21.489508],[39.246991,21.489508],[39.246991,21.489509],[39.246991,21.489509],[39.24699,21.48951],[39.247049,21.489521],[39.247048,21.489531],[39.247013,21.489526],[39.247012,21.489534],[39.247046,21.48954],[39.247046,21.48954],[39.247046,21.489541],[39.247046,21.489542],[39.247046,21.489542],[39.247046,21.489543],[39.247046,21.489543],[39.247045,21.489544],[39.247045,21.489545],[39.247045,21.489545],[39.247044,21.489546],[39.247044,21.489546],[39.247043,21.489547],[39.247043,21.489547],[39.247042,21.489548],[39.247042,21.489548],[39.247041,21.489549],[39.247041,21.489549],[39.24704,21.489549],[39.247039,21.48955],[39.247039,21.48955],[39.247038,21.48955],[39.247037,21.48955],[39.247037,21.48955],[39.247036,21.48955],[39.247035,21.48955],[39.24699,21.489542],[39.246929,21.48987],[39.2471,21.489898],[39.247161,21.489571],[39.247118,21.489564],[39.247118,21.489564],[39.247117,21.489564],[39.247116,21.489564],[39.247115,21.489563],[39.247115,21.489563],[39.247114,21.489563],[39.247113,21.489562],[39.247113,21.489562],[39.247112,21.489561],[39.247112,21.489561],[39.247111,21.48956],[39.247111,21.489559],[39.247111,21.489559],[39.24711,21.489558],[39.24711,21.489558],[39.24711,21.489557],[39.24711,21.489556],[39.247109,21.489555],[39.247109,21.489555],[39.247109,21.489554],[39.247109,21.489553],[39.24711,21.489552],[39.24711,21.489552],[39.24711,21.489551],[39.24711,21.48955],[39.24715,21.489557],[39.247151,21.489549],[39.247111,21.489542],[39.247122,21.489484],[39.247259,21.489507],[39.247254,21.489535],[39.247903,21.489641],[39.247926,21.489645],[39.247934,21.48961],[39.24804,21.489628],[39.248043,21.48961],[39.247981,21.4896],[39.24801,21.489439],[39.247963,21.489432],[39.247933,21.489592],[39.247583,21.489534],[39.247581,21.489545],[39.247521,21.489536],[39.247525,21.489512],[39.247258,21.489471],[39.247256,21.48948],[39.247149,21.489464],[39.247139,21.489445],[39.247139,21.489445],[39.247138,21.489444],[39.247137,21.489444],[39.247137,21.489444],[39.247136,21.489444],[39.247136,21.489443],[39.247136,21.489443],[39.247135,21.489442],[39.247135,21.489442],[39.247134,21.489441],[39.247134,21.489441],[39.247134,21.48944],[39.247134,21.48944],[39.247133,21.489439],[39.247133,21.489439],[39.247133,21.489438],[39.247133,21.489438],[39.247133,21.489437],[39.247133,21.489437],[39.247144,21.489379],[39.247144,21.489379],[39.247166,21.489263],[39.247167,21.489263],[39.247169,21.489249],[39.247169,21.489249],[39.247169,21.489248],[39.247169,21.489248],[39.247169,21.489247],[39.24717,21.489247],[39.24717,21.489246],[39.24717,21.489246],[39.247171,21.489245],[39.247171,21.489245],[39.247171,21.489244],[39.247172,21.489244],[39.247172,21.489244],[39.247173,21.489243],[39.247173,21.489243],[39.247174,21.489243],[39.247174,21.489243],[39.247175,21.489242],[39.247175,21.489242],[39.247176,21.489242],[39.247176,21.489242],[39.247177,21.489242],[39.247178,21.489242],[39.247178,21.489242],[39.247179,21.489242],[39.247179,21.489242],[39.247211,21.489248],[39.247212,21.489248],[39.247213,21.489248],[39.247214,21.489249],[39.247214,21.489249],[39.247215,21.489249],[39.247216,21.48925],[39.247217,21.48925],[39.247217,21.489251],[39.247218,21.489252],[39.247218,21.489252],[39.247219,21.489253],[39.247219,21.489254],[39.247219,21.489254],[39.24722,21.489255],[39.24722,21.489256],[39.24722,21.489257],[39.24722,21.489257],[39.24722,21.489258],[39.24722,21.489259],[39.24722,21.48926],[39.24722,21.489261],[39.24722,21.489261],[39.24722,21.489262],[39.24722,21.489263],[39.247219,21.489264],[39.247219,21.489264],[39.247218,21.489265],[39.247218,21.489266],[39.247217,21.489266],[39.247217,21.489267],[39.247216,21.489267],[39.247215,21.489268],[39.247215,21.489268],[39.247214,21.489269],[39.247213,21.489269],[39.247212,21.48927],[39.247212,21.48927],[39.247211,21.48927],[39.24721,21.48927],[39.247209,21.48927],[39.247208,21.48927],[39.247207,21.48927],[39.247207,21.48927],[39.247184,21.489266],[39.247162,21.489382],[39.24721,21.48939],[39.247211,21.48939],[39.247212,21.489391],[39.247213,21.489391],[39.247214,21.489391],[39.247215,21.489392],[39.247215,21.489392],[39.247216,21.489392],[39.247217,21.489393],[39.247217,21.489394],[39.247218,21.489394],[39.247219,21.489395],[39.247219,21.489396],[39.24722,21.489396],[39.24722,21.489397],[39.24722,21.489398],[39.247221,21.489399],[39.247221,21.489399],[39.247221,21.4894],[39.247221,21.489401],[39.247222,21.489402],[39.247222,21.489403],[39.247222,21.489404],[39.247221,21.489404],[39.247221,21.489405],[39.247221,21.489406],[39.247212,21.489452],[39.247259,21.48946],[39.247259,21.489464],[39.247475,21.489497],[39.247483,21.489453],[39.247502,21.489442],[39.247547,21.489448],[39.247608,21.48912],[39.24756,21.489111],[39.247548,21.489098],[39.247565,21.488999],[39.247565,21.488998],[39.247565,21.488997],[39.247566,21.488996],[39.247566,21.488995],[39.247567,21.488994],[39.247567,21.488993],[39.247568,21.488992],[39.247569,21.488991],[39.24757,21.48899],[39.247571,21.488989],[39.247572,21.488988],[39.247573,21.488988],[39.247574,21.488987],[39.247575,21.488987],[39.247576,21.488986],[39.247641,21.488953],[39.247658,21.488858],[39.247611,21.488851],[39.247611,21.488851],[39.24761,21.488851],[39.247609,21.48885],[39.247609,21.48885],[39.247608,21.48885],[39.247608,21.48885],[39.247607,21.488849],[39.247607,21.488849],[39.247606,21.488848],[39.247606,21.488848],[39.247605,21.488848],[39.247605,21.488847],[39.247605,21.488847],[39.247604,21.488846],[39.247604,21.488846],[39.247604,21.488845],[39.247604,21.488845],[39.247604,21.488844],[39.247604,21.488843],[39.247603,21.488843],[39.247603,21.488842],[39.247603,21.488842],[39.247603,21.488841],[39.247604,21.48884],[39.247604,21.48884],[39.247622,21.488744],[39.247424,21.488711],[39.247406,21.488802],[39.247406,21.488803],[39.247405,21.488804],[39.247405,21.488805],[39.247405,21.488805],[39.247404,21.488806],[39.247404,21.488807],[39.247403,21.488807],[39.247403,21.488808],[39.247402,21.488808],[39.247402,21.488809],[39.247401,21.488809],[39.2474,21.48881],[39.2474,21.48881],[39.247399,21.488811],[39.247398,21.488811],[39.247397,21.488811],[39.247396,21.488811],[39.247396,21.488812],[39.247395,21.488812],[39.247394,21.488812],[39.247393,21.488812],[39.247313,21.488798],[39.247313,21.488798],[39.247312,21.488798],[39.247311,21.488798],[39.247311,21.488798],[39.24731,21.488797],[39.247309,21.488797],[39.247309,21.488797],[39.247308,21.488796],[39.247308,21.488796],[39.247307,21.488795],[39.247307,21.488795],[39.247306,21.488794],[39.247306,21.488794],[39.247306,21.488793],[39.247305,21.488793],[39.247305,21.488792],[39.247305,21.488791],[39.247305,21.488791],[39.247305,21.48879],[39.247305,21.48879],[39.247304,21.488789],[39.247313,21.488748],[39.247202,21.488729],[39.247202,21.488729],[39.247201,21.488729],[39.247201,21.488729],[39.2472,21.488729],[39.2472,21.488729],[39.247199,21.488729],[39.247199,21.488729],[39.247198,21.48873],[39.247198,21.48873],[39.247197,21.48873],[39.247197,21.48873],[39.247196,21.488731],[39.247196,21.488731],[39.247195,21.488731],[39.247195,21.488732],[39.247195,21.488732],[39.247194,21.488733],[39.247194,21.488733],[39.247194,21.488734],[39.247194,21.488734],[39.247193,21.488735],[39.247193,21.488735],[39.247193,21.488736],[39.247189,21.488757],[39.247188,21.488757],[39.247188,21.488758],[39.247188,21.488759],[39.247188,21.488759],[39.247187,21.48876],[39.247187,21.48876],[39.247187,21.488761],[39.247186,21.488761],[39.247186,21.488762],[39.247185,21.488762],[39.247185,21.488762],[39.247184,21.488763],[39.247184,21.488763],[39.247183,21.488763],[39.247183,21.488763],[39.247182,21.488764],[39.247181,21.488764],[39.247181,21.488764],[39.24718,21.488764],[39.246939,21.488723],[39.246908,21.488882],[39.246907,21.488883],[39.246907,21.488885],[39.246907,21.488886],[39.246906,21.488887],[39.246905,21.488888],[39.246905,21.488889],[39.246904,21.48889],[39.246903,21.488891],[39.246902,21.488892],[39.246902,21.488892],[39.246901,21.488893],[39.2469,21.488894],[39.246898,21.488894],[39.246897,21.488895],[39.246896,21.488896],[39.246895,21.488896],[39.246894,21.488896],[39.246893,21.488897],[39.246891,21.488897],[39.24689,21.488897],[39.246889,21.488897],[39.24687,21.488895],[39.24687,21.488895],[39.24687,21.488895],[39.246869,21.488895],[39.246869,21.488895],[39.246869,21.488895],[39.246868,21.488895],[39.246868,21.488895],[39.246868,21.488895],[39.246868,21.488895],[39.246867,21.488895],[39.246867,21.488895],[39.246867,21.488896],[39.246866,21.488896],[39.246866,21.488896],[39.246866,21.488896],[39.246866,21.488896],[39.246866,21.488897],[39.246865,21.488897],[39.246865,21.488897],[39.246865,21.488897],[39.246865,21.488898],[39.246845,21.488994],[39.246846,21.488998],[39.246849,21.488999],[39.247065,21.489035],[39.247074,21.488988],[39.247133,21.488999],[39.247138,21.489002],[39.247138,21.489006],[39.247134,21.489027],[39.247131,21.489031],[39.247127,21.489032],[39.247089,21.489026],[39.247086,21.489038],[39.247072,21.489103],[39.246995,21.48909],[39.247004,21.489041],[39.246798,21.489005],[39.246742,21.489292],[39.246748,21.489293],[39.246668,21.489723],[39.246673,21.489724],[39.246655,21.489823],[39.246684,21.489828],[39.246675,21.489873],[39.246792,21.489894],[39.246777,21.489977]]]]},"properties":{"capacity":240.0,"subtype":1,"description":"CAR PARKING","branch":"السليمانية","area_sqm":9003.532,"parking_id":"NET_PARKING_LOTS-000244"}},{"type":"Feature","id":"NET_PARKING_LOTS-000245","geometry":{"type":"MultiPolygon","coordinates":[[[[39.244986,21.48568],[39.24503,21.485452],[39.245031,21.48545],[39.245031,21.485449],[39.245031,21.485448],[39.245031,21.485447],[39.24503,21.485446],[39.24503,21.485444],[39.24503,21.485443],[39.245029,21.485442],[39.245029,21.485441],[39.245028,21.48544],[39.245028,21.485439],[39.245027,21.485438],[39.245026,21.485437],[39.245025,21.485436],[39.245024,21.485435],[39.245023,21.485434],[39.245022,21.485433],[39.245021,21.485433],[39.24502,21.485432],[39.245019,21.485432],[39.245017,21.485431],[39.245016,21.485431],[39.245015,21.485431],[39.244978,21.485424],[39.244933,21.48566],[39.244976,21.485667],[39.244977,21.485667],[39.244978,21.485668],[39.244979,21.485668],[39.244979,21.485668],[39.24498,21.485668],[39.244981,21.485669],[39.244981,21.485669],[39.244982,21.485669],[39.244983,21.48567],[39.244983,21.48567],[39.244984,21.485671],[39.244984,21.485671],[39.244985,21.485672],[39.244985,21.485672],[39.244985,21.485673],[39.244986,21.485674],[39.244986,21.485674],[39.244986,21.485675],[39.244986,21.485676],[39.244987,21.485677],[39.244987,21.485677],[39.244987,21.485678],[39.244987,21.485679],[39.244987,21.485679],[39.244986,21.48568]]]]},"properties":{"capacity":10.0,"subtype":1,"description":"CAR PARKING TENT","branch":"السليمانية","area_sqm":154.625,"parking_id":"NET_PARKING_LOTS-000245"}},{"type":"Feature","id":"NET_PARKING_LOTS-000246","geometry":{"type":"MultiPolygon","coordinates":[[[[39.247402,21.48664],[39.247521,21.48666],[39.247514,21.486656],[39.247505,21.486649],[39.247501,21.48664],[39.247499,21.486632],[39.2475,21.486622],[39.247501,21.48662],[39.247505,21.486617],[39.247928,21.486687],[39.247937,21.486645],[39.247939,21.486642],[39.247944,21.486639],[39.247948,21.486639],[39.247992,21.486646],[39.247997,21.486647],[39.248002,21.486647],[39.248006,21.486646],[39.248011,21.486645],[39.248015,21.486642],[39.248081,21.486599],[39.248082,21.486599],[39.248087,21.486595],[39.248098,21.486585],[39.248101,21.48658],[39.248102,21.486578],[39.248114,21.486513],[39.248136,21.486517],[39.248155,21.486418],[39.248133,21.486414],[39.248092,21.486407],[39.248091,21.486407],[39.24809,21.486407],[39.24809,21.486406],[39.248089,21.486406],[39.248089,21.486406],[39.248088,21.486405],[39.248088,21.486405],[39.248087,21.486404],[39.248087,21.486404],[39.248086,21.486403],[39.248086,21.486403],[39.248085,21.486402],[39.248085,21.486401],[39.248085,21.486401],[39.248085,21.4864],[39.248085,21.486399],[39.248085,21.486399],[39.248084,21.486398],[39.248084,21.486397],[39.248085,21.486397],[39.248085,21.486396],[39.248092,21.486356],[39.247504,21.486258],[39.247496,21.486299],[39.247496,21.4863],[39.247496,21.4863],[39.247495,21.486301],[39.247495,21.486301],[39.247495,21.486302],[39.247495,21.486302],[39.247494,21.486303],[39.247494,21.486303],[39.247493,21.486304],[39.247493,21.486304],[39.247492,21.486305],[39.247492,21.486305],[39.247491,21.486305],[39.247491,21.486305],[39.24749,21.486306],[39.247489,21.486306],[39.247489,21.486306],[39.247488,21.486306],[39.247487,21.486306],[39.247487,21.486306],[39.247486,21.486306],[39.247486,21.486306],[39.247485,21.486306],[39.247441,21.486299],[39.247393,21.486551],[39.247438,21.486558],[39.247438,21.486558],[39.247439,21.486559],[39.24744,21.486559],[39.24744,21.486559],[39.247441,21.48656],[39.247441,21.48656],[39.247442,21.48656],[39.247442,21.486561],[39.247443,21.486561],[39.247443,21.486562],[39.247444,21.486562],[39.247444,21.486563],[39.247444,21.486564],[39.247444,21.486564],[39.247445,21.486565],[39.247445,21.486565],[39.247445,21.486566],[39.247445,21.486567],[39.247445,21.486567],[39.247445,21.486568],[39.247445,21.486569],[39.247436,21.486617],[39.247435,21.486619],[39.247435,21.48662],[39.247434,21.486622],[39.247433,21.486624],[39.247432,21.486626],[39.247431,21.486627],[39.24743,21.486629],[39.247429,21.48663],[39.247427,21.486632],[39.247426,21.486633],[39.247424,21.486634],[39.247423,21.486635],[39.247421,21.486636],[39.247419,21.486637],[39.247417,21.486638],[39.247416,21.486639],[39.247414,21.486639],[39.247412,21.48664],[39.24741,21.48664],[39.247408,21.48664],[39.247406,21.48664],[39.247404,21.48664],[39.247402,21.48664]]]]},"properties":{"capacity":85.0,"subtype":1,"description":"CAR PARKING","branch":"السليمانية","area_sqm":2692.759,"parking_id":"NET_PARKING_LOTS-000246"}},{"type":"Feature","id":"NET_PARKING_LOTS-000247","geometry":{"type":"MultiPolygon","coordinates":[[[[39.241068,21.484392],[39.240937,21.485085],[39.241384,21.485158],[39.241389,21.485128],[39.241389,21.485128],[39.241389,21.485127],[39.241389,21.485127],[39.24139,21.485127],[39.24139,21.485127],[39.24139,21.485126],[39.24139,21.485126],[39.241391,21.485126],[39.241391,21.485126],[39.241391,21.485126],[39.241392,21.485125],[39.241392,21.485125],[39.241392,21.485125],[39.241393,21.485125],[39.241393,21.485125],[39.241393,21.485125],[39.241394,21.485125],[39.241394,21.485125],[39.241394,21.485125],[39.241395,21.485125],[39.241395,21.485125],[39.241395,21.485125],[39.241396,21.485125],[39.241396,21.485125],[39.241396,21.485125],[39.241397,21.485126],[39.241397,21.485126],[39.241397,21.485126],[39.241397,21.485126],[39.241398,21.485126],[39.241398,21.485127],[39.241398,21.485127],[39.241398,21.485127],[39.241399,21.485128],[39.241399,21.485128],[39.241399,21.485128],[39.241399,21.485128],[39.241399,21.485129],[39.241399,21.485129],[39.241399,21.485129],[39.241399,21.48513],[39.241399,21.48513],[39.241399,21.48513],[39.241399,21.485131],[39.241399,21.485131],[39.241399,21.485131],[39.241399,21.485132],[39.241394,21.48516],[39.241447,21.485168],[39.241577,21.484476],[39.241068,21.484392]]]]},"properties":{"capacity":174.0,"subtype":1,"description":"CAR PARKING","branch":"السليمانية","area_sqm":4169.404,"parking_id":"NET_PARKING_LOTS-000247"}},{"type":"Feature","id":"NET_PARKING_LOTS-000248","geometry":{"type":"MultiPolygon","coordinates":[[[[39.244651,21.488317],[39.244672,21.488209],[39.244647,21.488204],[39.244638,21.488247],[39.244638,21.488248],[39.244638,21.488248],[39.244638,21.488248],[39.244638,21.488248],[39.244637,21.488249],[39.244637,21.488249],[39.244637,21.488249],[39.244636,21.488249],[39.244636,21.48825],[39.244636,21.48825],[39.244635,21.48825],[39.244635,21.48825],[39.244635,21.48825],[39.244634,21.48825],[39.244634,21.48825],[39.244634,21.48825],[39.244633,21.48825],[39.244633,21.48825],[39.244633,21.48825],[39.244632,21.48825],[39.244632,21.48825],[39.244632,21.48825],[39.244631,21.48825],[39.244631,21.48825],[39.244631,21.48825],[39.24463,21.488249],[39.24463,21.488249],[39.24463,21.488249],[39.244629,21.488249],[39.244629,21.488248],[39.244629,21.488248],[39.244629,21.488248],[39.244629,21.488248],[39.244628,21.488247],[39.244628,21.488247],[39.244628,21.488247],[39.244628,21.488246],[39.244637,21.488203],[39.244611,21.488198],[39.244603,21.488241],[39.244603,21.488242],[39.244603,21.488242],[39.244603,21.488242],[39.244602,21.488243],[39.244602,21.488243],[39.244602,21.488243],[39.244602,21.488244],[39.244602,21.488244],[39.244602,21.488244],[39.244601,21.488244],[39.244601,21.488245],[39.244601,21.488245],[39.244601,21.488245],[39.2446,21.488245],[39.2446,21.488245],[39.2446,21.488246],[39.244599,21.488246],[39.244599,21.488246],[39.244599,21.488246],[39.244598,21.488246],[39.244598,21.488246],[39.244597,21.488246],[39.244597,21.488246],[39.244597,21.488246],[39.244596,21.488246],[39.244596,21.488246],[39.244596,21.488246],[39.244595,21.488246],[39.244595,21.488245],[39.244595,21.488245],[39.244594,21.488245],[39.244594,21.488245],[39.244594,21.488245],[39.244594,21.488244],[39.244593,21.488244],[39.244593,21.488244],[39.244593,21.488244],[39.244593,21.488243],[39.244593,21.488243],[39.244593,21.488243],[39.244592,21.488242],[39.244592,21.488242],[39.244592,21.488242],[39.244592,21.488241],[39.244592,21.488241],[39.244592,21.488241],[39.244592,21.48824],[39.244592,21.48824],[39.244593,21.48824],[39.244601,21.488196],[39.244576,21.488192],[39.244568,21.488232],[39.244568,21.488232],[39.244568,21.488232],[39.244568,21.488233],[39.244568,21.488233],[39.244567,21.488233],[39.244567,21.488233],[39.244567,21.488234],[39.244566,21.488234],[39.244566,21.488234],[39.244566,21.488234],[39.244565,21.488234],[39.244565,21.488235],[39.244564,21.488235],[39.244564,21.488235],[39.244564,21.488235],[39.244563,21.488235],[39.244563,21.488235],[39.244562,21.488235],[39.244562,21.488235],[39.244562,21.488235],[39.244561,21.488235],[39.244561,21.488234],[39.244561,21.488234],[39.24456,21.488234],[39.24456,21.488234],[39.24456,21.488234],[39.244559,21.488233],[39.244559,21.488233],[39.244559,21.488233],[39.244558,21.488233],[39.244558,21.488232],[39.244558,21.488232],[39.244558,21.488232],[39.244558,21.488231],[39.244557,21.488231],[39.244557,21.488231],[39.244557,21.48823],[39.244557,21.48823],[39.244557,21.48823],[39.244557,21.488229],[39.244557,21.488229],[39.244557,21.488228],[39.244557,21.488228],[39.244565,21.48819],[39.24454,21.488186],[39.244533,21.488226],[39.244533,21.488226],[39.244533,21.488226],[39.244532,21.488227],[39.244532,21.488227],[39.244531,21.488227],[39.244531,21.488228],[39.244531,21.488228],[39.24453,21.488228],[39.24453,21.488228],[39.244529,21.488228],[39.244529,21.488229],[39.244528,21.488229],[39.244528,21.488229],[39.244528,21.488229],[39.244527,21.488229],[39.244527,21.488229],[39.244526,21.488229],[39.244526,21.488229],[39.244525,21.488229],[39.244525,21.488229],[39.244524,21.488228],[39.244524,21.488228],[39.244523,21.488228],[39.244523,21.488228],[39.244523,21.488227],[39.244522,21.488227],[39.244522,21.488227],[39.244522,21.488226],[39.244521,21.488226],[39.244521,21.488226],[39.244521,21.488225],[39.244521,21.488225],[39.24452,21.488224],[39.244528,21.488184],[39.244505,21.48818],[39.244497,21.488219],[39.244497,21.48822],[39.244497,21.48822],[39.244497,21.48822],[39.244497,21.488221],[39.244497,21.488221],[39.244496,21.488221],[39.244496,21.488222],[39.244496,21.488222],[39.244495,21.488222],[39.244495,21.488222],[39.244495,21.488222],[39.244495,21.488223],[39.244494,21.488223],[39.244494,21.488223],[39.244493,21.488223],[39.244493,21.488223],[39.244493,21.488223],[39.244492,21.488223],[39.244492,21.488223],[39.244492,21.488223],[39.244491,21.488223],[39.244491,21.488223],[39.24449,21.488223],[39.24449,21.488223],[39.24449,21.488223],[39.244489,21.488223],[39.244489,21.488222],[39.244489,21.488222],[39.244488,21.488222],[39.244488,21.488222],[39.244488,21.488221],[39.244488,21.488221],[39.244487,21.488221],[39.244487,21.488221],[39.244487,21.48822],[39.244487,21.48822],[39.244487,21.48822],[39.244487,21.488219],[39.244487,21.488219],[39.244487,21.488219],[39.244487,21.488218],[39.244494,21.488178],[39.24447,21.488174],[39.244462,21.488213],[39.244462,21.488213],[39.244462,21.488214],[39.244462,21.488214],[39.244462,21.488214],[39.244461,21.488215],[39.244461,21.488215],[39.244461,21.488215],[39.244461,21.488216],[39.24446,21.488216],[39.24446,21.488216],[39.24446,21.488216],[39.244459,21.488216],[39.244459,21.488217],[39.244459,21.488217],[39.244458,21.488217],[39.244458,21.488217],[39.244457,21.488217],[39.244457,21.488217],[39.244457,21.488217],[39.244456,21.488217],[39.244456,21.488217],[39.244455,21.488217],[39.244455,21.488217],[39.244455,21.488217],[39.244454,21.488217],[39.244454,21.488216],[39.244454,21.488216],[39.244453,21.488216],[39.244453,21.488216],[39.244453,21.488215],[39.244452,21.488215],[39.244452,21.488215],[39.244452,21.488215],[39.244452,21.488214],[39.244451,21.488214],[39.244451,21.488214],[39.244451,21.488213],[39.244451,21.488213],[39.244451,21.488213],[39.244451,21.488212],[39.244451,21.488212],[39.244459,21.488172],[39.244435,21.488168],[39.244427,21.488208],[39.244426,21.488209],[39.244426,21.488209],[39.244426,21.488209],[39.244425,21.488209],[39.244425,21.48821],[39.244425,21.48821],[39.244424,21.48821],[39.244424,21.48821],[39.244423,21.48821],[39.244423,21.48821],[39.244423,21.48821],[39.244422,21.488211],[39.244422,21.488211],[39.244421,21.48821],[39.244421,21.48821],[39.24442,21.48821],[39.24442,21.48821],[39.244419,21.48821],[39.244419,21.48821],[39.244419,21.48821],[39.244418,21.48821],[39.244418,21.488209],[39.244418,21.488209],[39.244417,21.488209],[39.244417,21.488208],[39.244417,21.488208],[39.244416,21.488208],[39.244416,21.488207],[39.244416,21.488207],[39.244416,21.488207],[39.244416,21.488206],[39.244416,21.488206],[39.244416,21.488206],[39.244423,21.488166],[39.2444,21.488162],[39.244378,21.488271],[39.244378,21.488272],[39.244377,21.488273],[39.244377,21.488273],[39.244376,21.488274],[39.244376,21.488275],[39.244375,21.488275],[39.244374,21.488276],[39.244374,21.488277],[39.244373,21.488277],[39.244372,21.488278],[39.244371,21.488278],[39.24437,21.488278],[39.24437,21.488279],[39.244369,21.488279],[39.244368,21.488279],[39.244367,21.488279],[39.244366,21.488279],[39.244365,21.488279],[39.244364,21.488279],[39.244659,21.488328],[39.244658,21.488328],[39.244658,21.488328],[39.244657,21.488327],[39.244656,21.488327],[39.244656,21.488327],[39.244655,21.488327],[39.244655,21.488326],[39.244654,21.488326],[39.244654,21.488325],[39.244653,21.488325],[39.244653,21.488324],[39.244652,21.488324],[39.244652,21.488323],[39.244652,21.488323],[39.244652,21.488322],[39.244651,21.488322],[39.244651,21.488321],[39.244651,21.48832],[39.244651,21.48832],[39.244651,21.488319],[39.244651,21.488318],[39.244651,21.488318],[39.244651,21.488317]]]]},"properties":{"capacity":8.0,"subtype":1,"description":"CAR PARKING","branch":"السليمانية","area_sqm":343.908,"parking_id":"NET_PARKING_LOTS-000248"}},{"type":"Feature","id":"NET_PARKING_LOTS-000249","geometry":{"type":"MultiPolygon","coordinates":[[[[39.246008,21.485955],[39.246044,21.48575],[39.245993,21.485742],[39.245957,21.485948],[39.246008,21.485955]]]]},"properties":{"capacity":9.0,"subtype":1,"description":"PARKING SHED CONCRETE","branch":"السليمانية","area_sqm":121.528,"parking_id":"NET_PARKING_LOTS-000249"}},{"type":"Feature","id":"NET_PARKING_LOTS-000250","geometry":{"type":"MultiPolygon","coordinates":[[[[39.245556,21.485781],[39.245587,21.485619],[39.245543,21.485612],[39.245512,21.485774],[39.245556,21.485781]]]]},"properties":{"capacity":7.0,"subtype":1,"description":"PARKING SHED CONCRETE","branch":"السليمانية","area_sqm":84.318,"parking_id":"NET_PARKING_LOTS-000250"}},{"type":"Feature","id":"NET_PARKING_LOTS-000251","geometry":{"type":"MultiPolygon","coordinates":[[[[39.245039,21.485112],[39.244999,21.485323],[39.245049,21.485331],[39.24509,21.48512],[39.245039,21.485112]]]]},"properties":{"capacity":9.0,"subtype":1,"description":"CAR PARKING","branch":"السليمانية","area_sqm":125.251,"parking_id":"NET_PARKING_LOTS-000251"}},{"type":"Feature","id":"NET_PARKING_LOTS-000252","geometry":{"type":"MultiPolygon","coordinates":[[[[39.248169,21.488458],[39.248116,21.488448],[39.248059,21.488751],[39.248111,21.48876],[39.248169,21.488458]]]]},"properties":{"capacity":13.0,"subtype":1,"description":"PARKING SHED CONCRETE","branch":"السليمانية","area_sqm":186.41,"parking_id":"NET_PARKING_LOTS-000252"}},{"type":"Feature","id":"NET_PARKING_LOTS-000253","geometry":{"type":"MultiPolygon","coordinates":[[[[39.24464,21.486977],[39.24465,21.486927],[39.24455,21.486911],[39.24454,21.486961],[39.24464,21.486977]]]]},"properties":{"capacity":3.0,"subtype":1,"description":"CAR PARKING TENT","branch":"السليمانية","area_sqm":58.25,"parking_id":"NET_PARKING_LOTS-000253"}},{"type":"Feature","id":"NET_PARKING_LOTS-000254","geometry":{"type":"MultiPolygon","coordinates":[[[[39.243503,21.488895],[39.243517,21.488828],[39.243518,21.488825],[39.243505,21.488823],[39.243505,21.488821],[39.24349,21.488819],[39.243489,21.488822],[39.243377,21.488803],[39.243366,21.488861],[39.243366,21.488861],[39.243366,21.488862],[39.243365,21.488863],[39.243365,21.488864],[39.243365,21.488864],[39.243365,21.488865],[39.243366,21.488866],[39.243366,21.488866],[39.243366,21.488867],[39.243366,21.488868],[39.243366,21.488868],[39.243367,21.488869],[39.243367,21.48887],[39.243368,21.48887],[39.243368,21.488871],[39.243369,21.488871],[39.243369,21.488872],[39.24337,21.488872],[39.24337,21.488873],[39.243371,21.488873],[39.243372,21.488873],[39.243372,21.488873],[39.243373,21.488874],[39.243374,21.488874],[39.243375,21.488874],[39.243375,21.488874],[39.243376,21.488874],[39.243503,21.488895]]]]},"properties":{"capacity":0.0,"subtype":1,"description":"CAR PARKING TENT","branch":"السليمانية","area_sqm":114.742,"parking_id":"NET_PARKING_LOTS-000254"}},{"type":"Feature","id":"NET_PARKING_LOTS-000255","geometry":{"type":"MultiPolygon","coordinates":[[[[39.243596,21.488723],[39.243631,21.488539],[39.243665,21.488355],[39.243645,21.488353],[39.243646,21.488331],[39.243621,21.488328],[39.243626,21.488333],[39.243628,21.488339],[39.243626,21.488382],[39.243631,21.488384],[39.243636,21.488387],[39.243639,21.488393],[39.243625,21.488452],[39.243621,21.488456],[39.243616,21.488457],[39.243609,21.488457],[39.243538,21.488832],[39.243575,21.488838],[39.243596,21.488723]]]]},"properties":{"capacity":0.0,"subtype":1,"description":"CAR PARKING TENT","branch":"السليمانية","area_sqm":198.01,"parking_id":"NET_PARKING_LOTS-000255"}},{"type":"Feature","id":"NET_PARKING_LOTS-000256","geometry":{"type":"MultiPolygon","coordinates":[[[[39.243487,21.488785],[39.243516,21.48879],[39.24352,21.48879],[39.243522,21.488786],[39.243528,21.488761],[39.243527,21.488757],[39.243523,21.488755],[39.243445,21.488742],[39.243438,21.488743],[39.243434,21.488748],[39.24343,21.488767],[39.243431,21.488773],[39.243437,21.488777],[39.243487,21.488785]]]]},"properties":{"capacity":0.0,"subtype":1,"description":"CAR PARKING TENT","branch":"السليمانية","area_sqm":37.488,"parking_id":"NET_PARKING_LOTS-000256"}},{"type":"Feature","id":"NET_PARKING_LOTS-000257","geometry":{"type":"MultiPolygon","coordinates":[[[[39.24328,21.489289],[39.243282,21.489272],[39.24329,21.489229],[39.24326,21.489225],[39.243243,21.48931],[39.243275,21.489314],[39.24328,21.489289]]]]},"properties":{"capacity":0.0,"subtype":1,"description":"CAR PARKING TENT","branch":"السليمانية","area_sqm":31.131,"parking_id":"NET_PARKING_LOTS-000257"}},{"type":"Feature","id":"NET_PARKING_LOTS-000258","geometry":{"type":"MultiPolygon","coordinates":[[[[39.2434,21.48924],[39.243407,21.489206],[39.243407,21.489205],[39.243305,21.48919],[39.243299,21.489223],[39.2434,21.48924]]]]},"properties":{"capacity":0.0,"subtype":1,"description":"CAR PARKING TENT","branch":"السليمانية","area_sqm":40.888,"parking_id":"NET_PARKING_LOTS-000258"}},{"type":"Feature","id":"NET_PARKING_LOTS-000259","geometry":{"type":"MultiPolygon","coordinates":[[[[39.24456,21.490766],[39.244572,21.490863],[39.244607,21.490859],[39.24483,21.490831],[39.244825,21.490799],[39.244603,21.490826],[39.244593,21.490762],[39.24456,21.490766]]]]},"properties":{"capacity":0.0,"subtype":1,"description":"PARKING SHED CONCRETE","branch":"السليمانية","area_sqm":122.889,"parking_id":"NET_PARKING_LOTS-000259"}},{"type":"Feature","id":"NET_PARKING_LOTS-000260","geometry":{"type":"MultiPolygon","coordinates":[[[[39.243563,21.490662],[39.243536,21.490456],[39.243464,21.490465],[39.243493,21.490671],[39.243563,21.490662]]]]},"properties":{"capacity":0.0,"subtype":1,"description":"PARKING SHED CONCRETE","branch":"السليمانية","area_sqm":171.32,"parking_id":"NET_PARKING_LOTS-000260"}},{"type":"Feature","id":"NET_PARKING_LOTS-000261","geometry":{"type":"MultiPolygon","coordinates":[[[[39.243809,21.490333],[39.243947,21.490316],[39.243938,21.490251],[39.2438,21.490267],[39.243809,21.490333]]]]},"properties":{"capacity":0.0,"subtype":1,"description":"PARKING SHED CONCRETE","branch":"السليمانية","area_sqm":105.189,"parking_id":"NET_PARKING_LOTS-000261"}},{"type":"Feature","id":"NET_PARKING_LOTS-000262","geometry":{"type":"MultiPolygon","coordinates":[[[[39.23733,21.484842],[39.237763,21.484805],[39.237759,21.484758],[39.237326,21.484795],[39.23733,21.484842]]]]},"properties":{"capacity":17.0,"subtype":1,"description":"CAR PARKING","branch":"السليمانية","area_sqm":237.362,"parking_id":"NET_PARKING_LOTS-000262"}},{"type":"Feature","id":"NET_PARKING_LOTS-000263","geometry":{"type":"MultiPolygon","coordinates":[[[[39.236926,21.484599],[39.237589,21.484542],[39.237585,21.484495],[39.236921,21.484552],[39.236926,21.484599]]]]},"properties":{"capacity":26.0,"subtype":1,"description":"PARKING SHED STEEL","branch":"السليمانية","area_sqm":364.51,"parking_id":"NET_PARKING_LOTS-000263"}},{"type":"Feature","id":"NET_PARKING_LOTS-000264","geometry":{"type":"MultiPolygon","coordinates":[[[[39.236888,21.484693],[39.237831,21.484612],[39.237826,21.484564],[39.236884,21.484646],[39.236888,21.484693]]]]},"properties":{"capacity":37.0,"subtype":1,"description":"CAR PARKING","branch":"السليمانية","area_sqm":518.089,"parking_id":"NET_PARKING_LOTS-000264"}},{"type":"Feature","id":"NET_PARKING_LOTS-000265","geometry":{"type":"MultiPolygon","coordinates":[[[[39.237323,21.484775],[39.237756,21.484738],[39.237751,21.484691],[39.237318,21.484728],[39.237323,21.484775]]]]},"properties":{"capacity":17.0,"subtype":1,"description":"CAR PARKING","branch":"السليمانية","area_sqm":237.361,"parking_id":"NET_PARKING_LOTS-000265"}},{"type":"Feature","id":"NET_PARKING_LOTS-000266","geometry":{"type":"MultiPolygon","coordinates":[[[[39.237179,21.484465],[39.237612,21.484427],[39.237607,21.48438],[39.237174,21.484418],[39.237179,21.484465]]]]},"properties":{"capacity":17.0,"subtype":1,"description":"CAR PARKING","branch":"السليمانية","area_sqm":237.968,"parking_id":"NET_PARKING_LOTS-000266"}},{"type":"Feature","id":"NET_PARKING_LOTS-000267","geometry":{"type":"MultiPolygon","coordinates":[[[[39.23524,21.484639],[39.235775,21.484593],[39.23577,21.484546],[39.235235,21.484591],[39.23524,21.484639]]]]},"properties":{"capacity":21.0,"subtype":1,"description":"CAR PARKING","branch":"السليمانية","area_sqm":293.956,"parking_id":"NET_PARKING_LOTS-000267"}},{"type":"Feature","id":"NET_PARKING_LOTS-000268","geometry":{"type":"MultiPolygon","coordinates":[[[[39.235674,21.484903],[39.236056,21.484871],[39.236051,21.484824],[39.235669,21.484856],[39.235674,21.484903]]]]},"properties":{"capacity":15.0,"subtype":1,"description":"CAR PARKING","branch":"السليمانية","area_sqm":209.372,"parking_id":"NET_PARKING_LOTS-000268"}},{"type":"Feature","id":"NET_PARKING_LOTS-000269","geometry":{"type":"MultiPolygon","coordinates":[[[[39.235681,21.484976],[39.236063,21.484944],[39.236058,21.484897],[39.235676,21.484929],[39.235681,21.484976]]]]},"properties":{"capacity":15.0,"subtype":1,"description":"CAR PARKING","branch":"السليمانية","area_sqm":209.372,"parking_id":"NET_PARKING_LOTS-000269"}},{"type":"Feature","id":"NET_PARKING_LOTS-000270","geometry":{"type":"MultiPolygon","coordinates":[[[[39.236035,21.484712],[39.235249,21.484778],[39.235254,21.484826],[39.23604,21.48476],[39.236035,21.484712]]]]},"properties":{"capacity":31.0,"subtype":1,"description":"CAR PARKING","branch":"السليمانية","area_sqm":431.985,"parking_id":"NET_PARKING_LOTS-000270"}},{"type":"Feature","id":"NET_PARKING_LOTS-000271","geometry":{"type":"MultiPolygon","coordinates":[[[[39.236029,21.48464],[39.235243,21.484705],[39.235247,21.484753],[39.236033,21.484687],[39.236029,21.48464]]]]},"properties":{"capacity":31.0,"subtype":1,"description":"CAR PARKING","branch":"السليمانية","area_sqm":431.844,"parking_id":"NET_PARKING_LOTS-000271"}},{"type":"Feature","id":"NET_PARKING_LOTS-000272","geometry":{"type":"MultiPolygon","coordinates":[[[[39.237345,21.484915],[39.237701,21.484885],[39.237697,21.484837],[39.23734,21.484868],[39.237345,21.484915]]]]},"properties":{"capacity":14.0,"subtype":1,"description":"CAR PARKING","branch":"السليمانية","area_sqm":195.559,"parking_id":"NET_PARKING_LOTS-000272"}},{"type":"Feature","id":"NET_PARKING_LOTS-000273","geometry":{"type":"MultiPolygon","coordinates":[[[[39.235776,21.48448],[39.235771,21.484432],[39.235109,21.484491],[39.235114,21.484538],[39.235776,21.48448]]]]},"properties":{"capacity":26.0,"subtype":1,"description":"CAR PARKING","branch":"السليمانية","area_sqm":363.949,"parking_id":"NET_PARKING_LOTS-000273"}},{"type":"Feature","id":"NET_PARKING_LOTS-000274","geometry":{"type":"MultiPolygon","coordinates":[[[[39.244307,21.499197],[39.2442,21.499135],[39.244103,21.499103],[39.243949,21.499088],[39.243932,21.499086],[39.243915,21.499086],[39.243899,21.499086],[39.243882,21.499087],[39.243866,21.499089],[39.243849,21.499093],[39.243833,21.499097],[39.243817,21.499102],[39.243802,21.499108],[39.243787,21.499115],[39.243773,21.499123],[39.243751,21.499148],[39.243569,21.49919],[39.243468,21.499187],[39.243366,21.499183],[39.243339,21.499161],[39.243337,21.49916],[39.243337,21.49916],[39.243335,21.49916],[39.243335,21.49916],[39.243333,21.499159],[39.243333,21.499159],[39.243331,21.499159],[39.243331,21.499158],[39.243331,21.499158],[39.243329,21.499158],[39.243328,21.499158],[39.243326,21.499157],[39.243324,21.499157],[39.243323,21.499157],[39.243321,21.499157],[39.243319,21.499156],[39.243318,21.499156],[39.243317,21.499156],[39.243317,21.499156],[39.243315,21.499156],[39.243314,21.499156],[39.243314,21.499156],[39.243313,21.499156],[39.243311,21.499156],[39.243311,21.499156],[39.243309,21.499156],[39.243308,21.499156],[39.243307,21.499156],[39.243306,21.499156],[39.243305,21.499156],[39.243299,21.499156],[39.243292,21.499156],[39.243286,21.499157],[39.243279,21.499159],[39.243273,21.49916],[39.243266,21.499163],[39.24326,21.499165],[39.243254,21.499168],[39.243248,21.499171],[39.243242,21.499175],[39.243236,21.499179],[39.24323,21.499184],[39.243225,21.499189],[39.24322,21.499195],[39.243216,21.499201],[39.243212,21.499207],[39.243209,21.499212],[39.243207,21.499217],[39.243205,21.499222],[39.243203,21.499227],[39.243201,21.499232],[39.2432,21.499237],[39.243199,21.499243],[39.243057,21.499539],[39.243056,21.499542],[39.243055,21.499544],[39.243055,21.499546],[39.243054,21.499549],[39.243054,21.499551],[39.243054,21.499553],[39.243055,21.499556],[39.243055,21.499558],[39.243056,21.49956],[39.243056,21.499563],[39.243057,21.499565],[39.243058,21.499567],[39.243059,21.499569],[39.243061,21.499571],[39.243062,21.499573],[39.243064,21.499575],[39.243066,21.499577],[39.243067,21.499578],[39.243069,21.49958],[39.243105,21.499596],[39.243191,21.499629],[39.243294,21.49967],[39.243371,21.4997],[39.243475,21.499742],[39.243556,21.499775],[39.24366,21.499816],[39.243738,21.499847],[39.243839,21.499887],[39.24392,21.49992],[39.244024,21.499961],[39.244101,21.499992],[39.24414,21.500003],[39.244172,21.499994],[39.244206,21.499935],[39.244244,21.499878],[39.244284,21.499823],[39.244327,21.49977],[39.244373,21.499719],[39.244422,21.49967],[39.244474,21.499624],[39.244483,21.499617],[39.244491,21.499609],[39.2445,21.499602],[39.244509,21.499594],[39.244518,21.499587],[39.244528,21.49958],[39.244537,21.499573],[39.24454,21.49957],[39.244542,21.499567],[39.244545,21.499564],[39.244547,21.49956],[39.244549,21.499557],[39.24455,21.499553],[39.244552,21.499549],[39.244553,21.499546],[39.244553,21.499542],[39.244554,21.499538],[39.244554,21.499534],[39.244554,21.49953],[39.244554,21.499526],[39.244553,21.499522],[39.244552,21.499518],[39.244551,21.499514],[39.244549,21.499511],[39.244547,21.499507],[39.244545,21.499504],[39.244543,21.499501],[39.24454,21.499497],[39.244537,21.499494],[39.244534,21.499492],[39.244487,21.499419],[39.244482,21.49941],[39.244477,21.4994],[39.244472,21.49939],[39.244467,21.49938],[39.244462,21.49937],[39.244457,21.499361],[39.244451,21.499351],[39.244372,21.49925],[39.244307,21.499197]]]]},"properties":{"capacity":307.0,"subtype":1,"branch":"السليمانية","area_sqm":10013.978,"parking_id":"NET_PARKING_LOTS-000274"}},{"type":"Feature","id":"NET_PARKING_LOTS-000275","geometry":{"type":"MultiPolygon","coordinates":[[[[39.246726,21.501424],[39.246748,21.501393],[39.24677,21.501361],[39.24679,21.501329],[39.246809,21.501296],[39.246828,21.501263],[39.246845,21.501229],[39.246861,21.501194],[39.246862,21.501194],[39.246863,21.501194],[39.246864,21.501194],[39.246865,21.501193],[39.246865,21.501193],[39.246866,21.501192],[39.246867,21.501192],[39.246868,21.501191],[39.246869,21.501191],[39.246869,21.50119],[39.24687,21.501189],[39.24687,21.501189],[39.246871,21.501188],[39.246871,21.501187],[39.246872,21.501186],[39.246872,21.501185],[39.246872,21.501185],[39.246873,21.501184],[39.246873,21.501183],[39.246873,21.501182],[39.246873,21.501181],[39.246873,21.50118],[39.246873,21.501179],[39.246872,21.501178],[39.246872,21.501177],[39.246872,21.501177],[39.246871,21.501176],[39.246871,21.501175],[39.246871,21.501174],[39.246761,21.501132],[39.246685,21.5011],[39.246574,21.501059],[39.246509,21.50104],[39.246487,21.501023],[39.246484,21.501021],[39.246481,21.50102],[39.246478,21.501019],[39.246475,21.501018],[39.246472,21.501017],[39.246469,21.501017],[39.246466,21.501017],[39.246463,21.501017],[39.24646,21.501017],[39.246457,21.501017],[39.246454,21.501017],[39.246451,21.501018],[39.246448,21.501019],[39.246445,21.50102],[39.246442,21.501022],[39.246439,21.501023],[39.246437,21.501025],[39.246434,21.501026],[39.246432,21.501028],[39.24643,21.501031],[39.246428,21.501033],[39.24639,21.501095],[39.246349,21.501155],[39.246304,21.501213],[39.246255,21.501268],[39.246204,21.50132],[39.246149,21.50137],[39.246091,21.501416],[39.246089,21.501418],[39.246088,21.50142],[39.246086,21.501423],[39.246085,21.501425],[39.246084,21.501428],[39.246084,21.50143],[39.246083,21.501433],[39.246083,21.501436],[39.246082,21.501438],[39.246082,21.501441],[39.246083,21.501444],[39.246083,21.501446],[39.246084,21.501449],[39.246084,21.501451],[39.246085,21.501454],[39.246086,21.501456],[39.246088,21.501459],[39.246089,21.501461],[39.246091,21.501463],[39.246093,21.501465],[39.246095,21.501467],[39.246097,21.501469],[39.246099,21.50147],[39.246101,21.501472],[39.246104,21.501473],[39.246106,21.501475],[39.246109,21.501476],[39.246112,21.501476],[39.246114,21.501477],[39.246117,21.501478],[39.24612,21.501478],[39.246123,21.501478],[39.246126,21.501478],[39.246128,21.501478],[39.246131,21.501477],[39.246134,21.501477],[39.246137,21.501476],[39.246139,21.501475],[39.246142,21.501474],[39.246144,21.501473],[39.246147,21.501472],[39.246213,21.501521],[39.246301,21.501557],[39.246334,21.501558],[39.246458,21.501566],[39.246482,21.501563],[39.246506,21.501559],[39.24653,21.501553],[39.246553,21.501546],[39.246575,21.501537],[39.246597,21.501527],[39.246619,21.501516],[39.246639,21.501503],[39.246658,21.50149],[39.246677,21.501475],[39.246694,21.501459],[39.246711,21.501442],[39.246726,21.501424]]]]},"properties":{"capacity":68.0,"subtype":1,"branch":"السليمانية","area_sqm":2923.04,"parking_id":"NET_PARKING_LOTS-000275"}},{"type":"Feature","id":"NET_PARKING_LOTS-000276","geometry":{"type":"MultiPolygon","coordinates":[[[[39.243894,21.500562],[39.243974,21.500558],[39.243978,21.500558],[39.243982,21.500558],[39.243986,21.500559],[39.24399,21.500558],[39.243995,21.500558],[39.243999,21.500557],[39.244003,21.500556],[39.244006,21.500555],[39.24401,21.500554],[39.244014,21.500552],[39.244017,21.50055],[39.244021,21.500548],[39.244024,21.500546],[39.244027,21.500543],[39.24403,21.50054],[39.244033,21.500537],[39.244035,21.500534],[39.244037,21.500531],[39.244039,21.500528],[39.244041,21.500524],[39.244042,21.500521],[39.244044,21.500517],[39.244045,21.500514],[39.244045,21.50051],[39.244046,21.500506],[39.244048,21.500448],[39.244053,21.500391],[39.244061,21.500334],[39.244072,21.500277],[39.244085,21.500221],[39.244101,21.500166],[39.24412,21.500111],[39.244121,21.500108],[39.244121,21.500106],[39.244122,21.500103],[39.244122,21.500101],[39.244122,21.500098],[39.244122,21.500095],[39.244121,21.500093],[39.244121,21.50009],[39.24412,21.500088],[39.244119,21.500085],[39.244117,21.500083],[39.244116,21.500081],[39.244115,21.500078],[39.244113,21.500076],[39.244111,21.500074],[39.244073,21.500055],[39.243994,21.500024],[39.24389,21.499982],[39.243815,21.499954],[39.243708,21.499909],[39.243629,21.499877],[39.243524,21.499836],[39.243447,21.499805],[39.243345,21.499763],[39.243262,21.499731],[39.243238,21.499722],[39.243161,21.499691],[39.243082,21.499659],[39.243044,21.499646],[39.243044,21.499646],[39.243043,21.499646],[39.243043,21.499646],[39.243042,21.499646],[39.243042,21.499646],[39.243041,21.499646],[39.243041,21.499646],[39.24304,21.499646],[39.243037,21.499646],[39.243034,21.499646],[39.243031,21.499646],[39.243028,21.499647],[39.243025,21.499648],[39.243023,21.499649],[39.24302,21.49965],[39.243017,21.499652],[39.243015,21.499653],[39.243012,21.499655],[39.24301,21.499657],[39.243008,21.499659],[39.243006,21.499661],[39.243004,21.499664],[39.243003,21.499666],[39.242968,21.499744],[39.242938,21.499824],[39.24291,21.499905],[39.242886,21.499986],[39.242866,21.500069],[39.242849,21.500152],[39.242836,21.500236],[39.24283,21.500286],[39.242825,21.500336],[39.242821,21.500387],[39.242819,21.500438],[39.242818,21.500489],[39.242818,21.500539],[39.24282,21.50059],[39.242822,21.500593],[39.242823,21.500596],[39.242825,21.500598],[39.242827,21.5006],[39.24283,21.500603],[39.242832,21.500605],[39.242835,21.500607],[39.242837,21.500609],[39.24284,21.50061],[39.242843,21.500612],[39.242846,21.500613],[39.242849,21.500614],[39.242853,21.500615],[39.242856,21.500616],[39.242859,21.500616],[39.242862,21.500616],[39.242866,21.500616],[39.242866,21.500616],[39.242867,21.500616],[39.242867,21.500616],[39.242868,21.500616],[39.242868,21.500616],[39.242869,21.500616],[39.242869,21.500616],[39.24287,21.500616],[39.242904,21.50061],[39.242991,21.500608],[39.243093,21.500602],[39.243186,21.500598],[39.243301,21.500592],[39.243381,21.500586],[39.243498,21.500582],[39.243582,21.500578],[39.243694,21.500573],[39.24378,21.500568],[39.243894,21.500562]]]]},"properties":{"capacity":326.0,"subtype":1,"branch":"السليمانية","area_sqm":10468.281,"parking_id":"NET_PARKING_LOTS-000276"}},{"type":"Feature","id":"NET_PARKING_LOTS-000277","geometry":{"type":"MultiPolygon","coordinates":[[[[39.247025,21.500493],[39.247018,21.500471],[39.246959,21.500477],[39.246824,21.500482],[39.246702,21.50049],[39.246626,21.500492],[39.246561,21.500502],[39.246486,21.500934],[39.24653,21.500971],[39.246608,21.500995],[39.246712,21.501038],[39.246789,21.501066],[39.246905,21.501112],[39.246909,21.50109],[39.24694,21.501008],[39.246967,21.500924],[39.246989,21.500839],[39.247006,21.500753],[39.247017,21.500667],[39.247024,21.50058],[39.247025,21.500493]]]]},"properties":{"capacity":69.0,"subtype":1,"branch":"السليمانية","area_sqm":2998.918,"parking_id":"NET_PARKING_LOTS-000277"}},{"type":"Feature","id":"NET_PARKING_LOTS-000278","geometry":{"type":"MultiPolygon","coordinates":[[[[39.24682,21.500413],[39.246892,21.500404],[39.247017,21.500404],[39.247021,21.500385],[39.246993,21.500199],[39.246987,21.500173],[39.246979,21.500147],[39.246969,21.500122],[39.246957,21.500098],[39.246943,21.500074],[39.246928,21.500051],[39.246911,21.50003],[39.246893,21.500009],[39.246873,21.49999],[39.246852,21.499972],[39.246829,21.499956],[39.246806,21.499941],[39.246781,21.499927],[39.24677,21.499931],[39.246689,21.49994],[39.246668,21.499904],[39.246659,21.499898],[39.246651,21.499892],[39.246642,21.499887],[39.246632,21.499882],[39.246623,21.499878],[39.246613,21.499874],[39.246602,21.499871],[39.246592,21.499869],[39.246581,21.499867],[39.246571,21.499866],[39.24656,21.499866],[39.246549,21.499867],[39.246539,21.499868],[39.246528,21.499869],[39.246518,21.499872],[39.246444,21.499894],[39.246442,21.499892],[39.246439,21.49989],[39.246437,21.499888],[39.246434,21.499887],[39.246432,21.499886],[39.246429,21.499885],[39.246426,21.499884],[39.246423,21.499883],[39.24642,21.499882],[39.246417,21.499882],[39.246414,21.499882],[39.246411,21.499882],[39.246408,21.499882],[39.246405,21.499882],[39.246402,21.499883],[39.2464,21.499884],[39.246397,21.499885],[39.246394,21.499886],[39.246391,21.499887],[39.246389,21.499889],[39.246387,21.499891],[39.246384,21.499892],[39.246382,21.499894],[39.24638,21.499896],[39.246378,21.499899],[39.246377,21.499901],[39.246375,21.499903],[39.246374,21.499906],[39.246373,21.499909],[39.246372,21.499911],[39.246371,21.499914],[39.246371,21.499917],[39.246371,21.49992],[39.246408,21.499985],[39.246442,21.500053],[39.246472,21.500121],[39.246499,21.500191],[39.246522,21.500263],[39.246541,21.500335],[39.246556,21.500408],[39.24658,21.500424],[39.246624,21.500422],[39.246697,21.500418],[39.24682,21.500413]]]]},"properties":{"capacity":60.0,"subtype":1,"branch":"السليمانية","area_sqm":2806.022,"parking_id":"NET_PARKING_LOTS-000278"}},{"type":"Feature","id":"NET_PARKING_LOTS-000279","geometry":{"type":"MultiPolygon","coordinates":[[[[39.244053,21.500662],[39.244051,21.500653],[39.244049,21.500649],[39.244047,21.500646],[39.244044,21.500643],[39.244041,21.50064],[39.244038,21.500637],[39.244034,21.500635],[39.244031,21.500633],[39.244027,21.500631],[39.244023,21.500629],[39.244019,21.500627],[39.244015,21.500626],[39.244011,21.500625],[39.244007,21.500624],[39.244002,21.500624],[39.243998,21.500624],[39.243994,21.500624],[39.24399,21.500624],[39.243985,21.500624],[39.243981,21.500625],[39.243895,21.50063],[39.243781,21.500636],[39.243697,21.500641],[39.243586,21.500646],[39.243503,21.500651],[39.243387,21.500657],[39.243302,21.50066],[39.243192,21.500666],[39.243104,21.50067],[39.243085,21.500671],[39.242993,21.500676],[39.242912,21.500681],[39.242908,21.50068],[39.242905,21.500679],[39.242901,21.500678],[39.242898,21.500678],[39.242894,21.500677],[39.24289,21.500677],[39.242887,21.500677],[39.242887,21.500677],[39.242884,21.500677],[39.242882,21.500677],[39.24288,21.500677],[39.242878,21.500677],[39.242876,21.500678],[39.242874,21.500678],[39.242872,21.500679],[39.242867,21.50068],[39.242863,21.500681],[39.242859,21.500683],[39.242855,21.500685],[39.242852,21.500687],[39.242848,21.50069],[39.242845,21.500692],[39.242842,21.500695],[39.242839,21.500698],[39.242836,21.500701],[39.242834,21.500705],[39.242832,21.500708],[39.24283,21.500712],[39.242828,21.500716],[39.242827,21.50072],[39.242826,21.500724],[39.242825,21.500728],[39.242824,21.500732],[39.242824,21.500736],[39.24286,21.501125],[39.242862,21.501129],[39.242864,21.501133],[39.242867,21.501137],[39.24287,21.501141],[39.242873,21.501145],[39.242877,21.501149],[39.24288,21.501152],[39.242884,21.501155],[39.242888,21.501158],[39.242893,21.50116],[39.242897,21.501162],[39.242902,21.501164],[39.242907,21.501166],[39.242912,21.501167],[39.242916,21.501168],[39.242922,21.501169],[39.242927,21.501169],[39.242932,21.501169],[39.242937,21.501169],[39.242942,21.501169],[39.242947,21.501168],[39.242998,21.501162],[39.243104,21.501184],[39.24312,21.501189],[39.243135,21.501196],[39.24315,21.501203],[39.243165,21.501211],[39.243179,21.501219],[39.243193,21.501229],[39.243206,21.501239],[39.243402,21.501415],[39.243421,21.501426],[39.243441,21.501437],[39.243461,21.501447],[39.243482,21.501457],[39.243503,21.501465],[39.243524,21.501472],[39.243546,21.501479],[39.243679,21.501499],[39.243804,21.501491],[39.243907,21.501467],[39.243987,21.501431],[39.24407,21.501371],[39.244161,21.501319],[39.244234,21.501273],[39.244237,21.501273],[39.24424,21.501273],[39.244243,21.501273],[39.244246,21.501272],[39.244249,21.501271],[39.244252,21.50127],[39.244254,21.501269],[39.244257,21.501267],[39.244259,21.501266],[39.244262,21.501264],[39.244264,21.501262],[39.244266,21.50126],[39.244268,21.501258],[39.24427,21.501256],[39.244272,21.501254],[39.244273,21.501251],[39.244275,21.501249],[39.244276,21.501246],[39.244277,21.501244],[39.244278,21.501241],[39.244278,21.501238],[39.244279,21.501235],[39.244279,21.501232],[39.244279,21.50123],[39.244279,21.501227],[39.244278,21.501224],[39.244277,21.501221],[39.244277,21.501218],[39.244276,21.501216],[39.244274,21.501213],[39.244273,21.501211],[39.244272,21.501208],[39.24427,21.501206],[39.244222,21.501135],[39.24418,21.501061],[39.244143,21.500985],[39.244112,21.500907],[39.244086,21.500826],[39.244066,21.500745],[39.244053,21.500662]]]]},"properties":{"capacity":297.0,"subtype":1,"branch":"السليمانية","area_sqm":10561.397,"parking_id":"NET_PARKING_LOTS-000279"}},{"type":"Feature","id":"NET_PARKING_LOTS-000280","geometry":{"type":"MultiPolygon","coordinates":[[[[39.243797,21.496292],[39.243491,21.496286],[39.24349,21.49642],[39.243482,21.496554],[39.243467,21.496687],[39.243445,21.49682],[39.243416,21.496951],[39.243381,21.497081],[39.243339,21.497209],[39.243613,21.497282],[39.243797,21.496292]]]]},"properties":{"capacity":67.0,"subtype":1,"branch":"السليمانية","area_sqm":2951.582,"parking_id":"NET_PARKING_LOTS-000280"}},{"type":"Feature","id":"NET_PARKING_LOTS-000281","geometry":{"type":"MultiPolygon","coordinates":[[[[39.23995,21.497997],[39.240628,21.497925],[39.24098,21.497908],[39.241178,21.497912],[39.24156,21.497968],[39.241563,21.497969],[39.241567,21.49797],[39.24157,21.497971],[39.241574,21.497972],[39.241577,21.497972],[39.241581,21.497972],[39.241584,21.497972],[39.241588,21.497972],[39.241591,21.497971],[39.241595,21.49797],[39.241598,21.497969],[39.241601,21.497968],[39.241604,21.497966],[39.241607,21.497965],[39.24161,21.497963],[39.241613,21.497961],[39.241616,21.497959],[39.241618,21.497956],[39.24162,21.497954],[39.241622,21.497951],[39.241624,21.497948],[39.241626,21.497945],[39.241627,21.497942],[39.241629,21.497939],[39.24163,21.497936],[39.24163,21.497933],[39.241631,21.497929],[39.241631,21.497926],[39.241631,21.497923],[39.241631,21.49792],[39.24163,21.497916],[39.241629,21.497913],[39.241628,21.49791],[39.241962,21.495983],[39.241887,21.495375],[39.241859,21.495383],[39.241839,21.495254],[39.241839,21.495251],[39.241839,21.495248],[39.241839,21.495245],[39.241839,21.495242],[39.241838,21.495239],[39.241837,21.495236],[39.241836,21.495233],[39.241835,21.49523],[39.241833,21.495228],[39.241831,21.495225],[39.241829,21.495223],[39.241827,21.49522],[39.241825,21.495218],[39.241823,21.495216],[39.24182,21.495214],[39.241817,21.495212],[39.241814,21.495211],[39.241812,21.49521],[39.241809,21.495208],[39.241805,21.495207],[39.241802,21.495207],[39.241799,21.495206],[39.241796,21.495206],[39.241793,21.495206],[39.241789,21.495206],[39.241786,21.495206],[39.241783,21.495206],[39.24178,21.495207],[39.241777,21.495208],[39.241709,21.495221],[39.241698,21.495167],[39.239737,21.495401],[39.239776,21.495799],[39.240215,21.495746],[39.240349,21.496663],[39.240288,21.496674],[39.240299,21.496734],[39.240402,21.496727],[39.240477,21.497327],[39.240422,21.497334],[39.240456,21.497652],[39.239912,21.497718],[39.23995,21.497997]]]]},"properties":{"capacity":1185.0,"subtype":1,"branch":"السليمانية","area_sqm":49375.333,"parking_id":"NET_PARKING_LOTS-000281"}},{"type":"Feature","id":"NET_PARKING_LOTS-000282","geometry":{"type":"MultiPolygon","coordinates":[[[[39.241817,21.498036],[39.241881,21.498041],[39.241964,21.498065],[39.242321,21.498168],[39.242926,21.498342],[39.243356,21.498466],[39.243388,21.49847],[39.243391,21.498469],[39.243394,21.498468],[39.243396,21.498466],[39.243399,21.498465],[39.243402,21.498463],[39.243404,21.498461],[39.243407,21.498459],[39.243409,21.498457],[39.243411,21.498454],[39.243413,21.498452],[39.243414,21.498449],[39.243416,21.498446],[39.243417,21.498444],[39.243418,21.498441],[39.243419,21.498438],[39.243419,21.498435],[39.24342,21.498432],[39.24342,21.498429],[39.24342,21.498426],[39.24342,21.498423],[39.243419,21.49842],[39.243419,21.498417],[39.243418,21.498414],[39.243595,21.497401],[39.243557,21.497395],[39.243434,21.497739],[39.243409,21.497729],[39.243374,21.497848],[39.243139,21.497795],[39.243111,21.497884],[39.242606,21.497757],[39.24261,21.497718],[39.242867,21.496893],[39.24292,21.49655],[39.24297,21.495666],[39.243231,21.495663],[39.243617,21.495695],[39.243876,21.495677],[39.243901,21.495564],[39.243806,21.494865],[39.242198,21.495076],[39.242189,21.495078],[39.242181,21.49508],[39.242173,21.495082],[39.242164,21.495085],[39.242157,21.495088],[39.242149,21.495092],[39.242141,21.495096],[39.242134,21.495101],[39.242128,21.495106],[39.242121,21.495112],[39.242115,21.495118],[39.24211,21.495124],[39.242105,21.495131],[39.2421,21.495138],[39.242096,21.495145],[39.242093,21.495153],[39.24209,21.49516],[39.242087,21.495168],[39.242085,21.495176],[39.242084,21.495184],[39.242083,21.495192],[39.242083,21.4952],[39.242083,21.495208],[39.24217,21.495987],[39.242026,21.496791],[39.241817,21.498036]]]]},"properties":{"capacity":1163.0,"subtype":1,"branch":"السليمانية","area_sqm":42692.219,"parking_id":"NET_PARKING_LOTS-000282"}},{"type":"Feature","id":"NET_PARKING_LOTS-000283","geometry":{"type":"MultiPolygon","coordinates":[[[[39.230377,21.500244],[39.230463,21.500315],[39.230941,21.500272],[39.230823,21.499419],[39.230263,21.49949],[39.230275,21.499571],[39.230321,21.49957],[39.230329,21.49963],[39.230291,21.499661],[39.230377,21.500244]]]]},"properties":{"capacity":98.0,"subtype":1,"branch":"السليمانية","area_sqm":5373.187,"parking_id":"NET_PARKING_LOTS-000283"}},{"type":"Feature","id":"NET_PARKING_LOTS-000284","geometry":{"type":"MultiPolygon","coordinates":[[[[39.23079,21.499189],[39.230678,21.498373],[39.230186,21.498434],[39.230181,21.498435],[39.230175,21.498437],[39.23017,21.49844],[39.230165,21.498442],[39.23016,21.498445],[39.230155,21.498448],[39.230151,21.498452],[39.230147,21.498455],[39.230143,21.49846],[39.230139,21.498464],[39.230136,21.498468],[39.230133,21.498473],[39.230131,21.498478],[39.230128,21.498483],[39.230127,21.498488],[39.230125,21.498493],[39.230124,21.498499],[39.230205,21.499075],[39.230251,21.499102],[39.230259,21.499163],[39.230223,21.499217],[39.230229,21.499262],[39.23079,21.499189]]]]},"properties":{"capacity":98.0,"subtype":1,"branch":"السليمانية","area_sqm":5284.362,"parking_id":"NET_PARKING_LOTS-000284"}},{"type":"Feature","id":"NET_PARKING_LOTS-000285","geometry":{"type":"MultiPolygon","coordinates":[[[[39.233544,21.498766],[39.234092,21.498698],[39.234088,21.498644],[39.234128,21.498642],[39.233958,21.497344],[39.233663,21.497376],[39.23367,21.497427],[39.233562,21.497447],[39.233533,21.497446],[39.23353,21.497414],[39.233394,21.497426],[39.233397,21.497463],[39.233397,21.497463],[39.233398,21.497464],[39.233398,21.497464],[39.233398,21.497465],[39.233398,21.497466],[39.233398,21.497466],[39.233398,21.497467],[39.233398,21.497468],[39.233398,21.497468],[39.233398,21.497469],[39.233398,21.49747],[39.233398,21.49747],[39.233398,21.497471],[39.233397,21.497472],[39.233397,21.497472],[39.233397,21.497473],[39.233396,21.497473],[39.233396,21.497474],[39.233395,21.497474],[39.233395,21.497475],[39.233394,21.497475],[39.233394,21.497476],[39.233393,21.497476],[39.233393,21.497476],[39.233392,21.497477],[39.233391,21.497477],[39.233391,21.497477],[39.23339,21.497477],[39.233389,21.497477],[39.233305,21.497488],[39.233478,21.498707],[39.23352,21.498701],[39.233537,21.498713],[39.233544,21.498766]]]]},"properties":{"capacity":258.0,"subtype":1,"branch":"السليمانية","area_sqm":10055.752,"parking_id":"NET_PARKING_LOTS-000285"}},{"type":"Feature","id":"NET_PARKING_LOTS-000286","geometry":{"type":"MultiPolygon","coordinates":[[[[39.23436,21.49835],[39.234397,21.498275],[39.234385,21.498184],[39.234433,21.498123],[39.234405,21.49789],[39.234341,21.497853],[39.234337,21.497803],[39.234338,21.497804],[39.234339,21.497805],[39.23434,21.497806],[39.234341,21.497807],[39.234342,21.497808],[39.234343,21.497809],[39.234344,21.497809],[39.234346,21.49781],[39.234347,21.49781],[39.234349,21.497811],[39.23435,21.497811],[39.234352,21.497811],[39.234353,21.497812],[39.234355,21.497812],[39.234356,21.497811],[39.234358,21.497811],[39.234359,21.497811],[39.23436,21.497811],[39.234362,21.49781],[39.234363,21.49781],[39.234365,21.497809],[39.234366,21.497808],[39.234367,21.497808],[39.234368,21.497807],[39.234369,21.497806],[39.23437,21.497805],[39.234371,21.497804],[39.234372,21.497803],[39.234373,21.497801],[39.234374,21.4978],[39.234374,21.497799],[39.234375,21.497797],[39.234375,21.497796],[39.234375,21.497795],[39.234376,21.497793],[39.234376,21.497792],[39.234376,21.497791],[39.234376,21.497789],[39.234375,21.497788],[39.234375,21.497786],[39.234375,21.497785],[39.234374,21.497784],[39.234373,21.497782],[39.23437,21.497772],[39.234367,21.497762],[39.234363,21.497752],[39.234358,21.497743],[39.234352,21.497734],[39.234345,21.497725],[39.234339,21.497717],[39.234331,21.497709],[39.234323,21.497702],[39.234314,21.497695],[39.234305,21.497689],[39.234295,21.497683],[39.234286,21.497678],[39.234275,21.497674],[39.234265,21.49767],[39.234254,21.497667],[39.234243,21.497665],[39.234232,21.497663],[39.23422,21.497662],[39.234209,21.497662],[39.234198,21.497662],[39.234187,21.497664],[39.234176,21.497666],[39.234165,21.497668],[39.234154,21.497672],[39.234143,21.497676],[39.234133,21.497681],[39.234124,21.497686],[39.234114,21.497692],[39.234105,21.497698],[39.234097,21.497706],[39.234089,21.497713],[39.234082,21.497721],[39.234075,21.49773],[39.234069,21.497739],[39.234064,21.497748],[39.234059,21.497758],[39.234055,21.497768],[39.234052,21.497778],[39.23405,21.497788],[39.234048,21.497799],[39.234047,21.497809],[39.234047,21.49782],[39.234048,21.497823],[39.234049,21.497825],[39.23405,21.497828],[39.234052,21.497831],[39.234054,21.497833],[39.234056,21.497835],[39.234058,21.497838],[39.23406,21.49784],[39.234062,21.497842],[39.234065,21.497843],[39.234067,21.497845],[39.23407,21.497846],[39.234073,21.497848],[39.234076,21.497849],[39.234079,21.497849],[39.234082,21.49785],[39.234085,21.49785],[39.234088,21.497851],[39.234092,21.497851],[39.234099,21.497925],[39.234044,21.49792],[39.234083,21.49821],[39.23415,21.498264],[39.234149,21.498271],[39.234149,21.498279],[39.234149,21.498286],[39.23415,21.498294],[39.234151,21.498301],[39.234153,21.498308],[39.234156,21.498315],[39.234159,21.498322],[39.234162,21.498329],[39.234166,21.498335],[39.234171,21.498341],[39.234176,21.498347],[39.234181,21.498352],[39.234187,21.498358],[39.234193,21.498362],[39.234199,21.498367],[39.234206,21.49837],[39.23436,21.49835]]]]},"properties":{"capacity":32.0,"subtype":1,"branch":"السليمانية","area_sqm":2378.968,"parking_id":"NET_PARKING_LOTS-000286"}},{"type":"Feature","id":"NET_PARKING_LOTS-000287","geometry":{"type":"MultiPolygon","coordinates":[[[[39.232754,21.496915],[39.232743,21.496835],[39.232786,21.49683],[39.232569,21.495285],[39.232528,21.495291],[39.232518,21.49521],[39.231868,21.495282],[39.231857,21.495292],[39.231846,21.495302],[39.231836,21.495313],[39.231827,21.495325],[39.231818,21.495337],[39.231811,21.49535],[39.231804,21.495363],[39.231799,21.495377],[39.231794,21.495391],[39.231791,21.495405],[39.231789,21.495419],[39.231787,21.495434],[39.231787,21.495449],[39.231817,21.495664],[39.231846,21.495878],[39.231876,21.496093],[39.231906,21.496308],[39.231935,21.496523],[39.231965,21.496738],[39.231995,21.496953],[39.232004,21.496938],[39.232013,21.496923],[39.23202,21.496907],[39.232026,21.49689],[39.232031,21.496874],[39.232035,21.496857],[39.232038,21.49684],[39.23204,21.496822],[39.23204,21.496805],[39.23204,21.496788],[39.232038,21.49677],[39.23211,21.496763],[39.232123,21.496855],[39.232151,21.49686],[39.232196,21.496925],[39.232213,21.496979],[39.232754,21.496915]]]]},"properties":{"capacity":445.0,"subtype":1,"branch":"السليمانية","area_sqm":15294.618,"parking_id":"NET_PARKING_LOTS-000287"}},{"type":"Feature","id":"NET_PARKING_LOTS-000288","geometry":{"type":"MultiPolygon","coordinates":[[[[39.233508,21.496788],[39.233738,21.49659],[39.233744,21.496585],[39.23375,21.496579],[39.233756,21.496573],[39.233761,21.496567],[39.233765,21.496561],[39.233769,21.496554],[39.233773,21.496547],[39.233776,21.49654],[39.233779,21.496532],[39.233781,21.496525],[39.233782,21.496517],[39.233788,21.496502],[39.2338,21.496494],[39.233794,21.49643],[39.233791,21.496429],[39.233789,21.496428],[39.233786,21.496427],[39.233783,21.496426],[39.233781,21.496425],[39.233778,21.496424],[39.233776,21.496422],[39.233774,21.496421],[39.233772,21.496419],[39.23377,21.496417],[39.233768,21.496415],[39.233764,21.496383],[39.233764,21.496382],[39.233764,21.496381],[39.233764,21.49638],[39.233764,21.496379],[39.233764,21.496378],[39.233765,21.496377],[39.233765,21.496377],[39.233766,21.496376],[39.233766,21.496375],[39.233767,21.496374],[39.233767,21.496373],[39.233768,21.496372],[39.233769,21.496372],[39.23377,21.496371],[39.23377,21.49637],[39.233771,21.49637],[39.233772,21.496369],[39.233773,21.496369],[39.233774,21.496369],[39.233775,21.496368],[39.233776,21.496368],[39.233826,21.496361],[39.23369,21.495386],[39.233639,21.495393],[39.233638,21.495393],[39.233637,21.495393],[39.233635,21.495392],[39.233634,21.495392],[39.233633,21.495392],[39.233632,21.495391],[39.233631,21.495391],[39.23363,21.49539],[39.233629,21.49539],[39.233628,21.495389],[39.233627,21.495388],[39.233626,21.495388],[39.233625,21.495387],[39.233624,21.495386],[39.233624,21.495385],[39.233623,21.495384],[39.233623,21.495383],[39.233622,21.495382],[39.233622,21.495381],[39.233621,21.495379],[39.233621,21.495378],[39.233621,21.495377],[39.233621,21.495376],[39.233621,21.495375],[39.233621,21.495374],[39.233625,21.495363],[39.233627,21.495359],[39.23363,21.495357],[39.233633,21.495355],[39.233636,21.495353],[39.23364,21.495352],[39.233643,21.49535],[39.233647,21.495349],[39.23365,21.495349],[39.233654,21.495348],[39.233657,21.495348],[39.233661,21.495347],[39.233665,21.495347],[39.233668,21.495348],[39.233672,21.495348],[39.233676,21.495349],[39.233679,21.49535],[39.233664,21.495244],[39.233604,21.495252],[39.233603,21.495229],[39.233603,21.495228],[39.233604,21.495227],[39.233604,21.495226],[39.233604,21.495226],[39.233605,21.495225],[39.233605,21.495224],[39.233606,21.495223],[39.233606,21.495223],[39.233607,21.495222],[39.233608,21.495222],[39.233608,21.495221],[39.233609,21.495221],[39.23361,21.49522],[39.233611,21.49522],[39.233612,21.495219],[39.233613,21.495219],[39.233613,21.495219],[39.233614,21.495219],[39.233615,21.495219],[39.23367,21.495214],[39.233654,21.495095],[39.233592,21.495104],[39.23358,21.495089],[39.233574,21.495041],[39.233042,21.495102],[39.233051,21.495157],[39.232977,21.495167],[39.233204,21.496751],[39.23325,21.496747],[39.233259,21.496817],[39.233508,21.496788]]]]},"properties":{"capacity":317.0,"subtype":1,"branch":"السليمانية","area_sqm":12507.145,"parking_id":"NET_PARKING_LOTS-000288"}},{"type":"Feature","id":"NET_PARKING_LOTS-000289","geometry":{"type":"MultiPolygon","coordinates":[[[[39.234294,21.495295],[39.235123,21.495194],[39.235187,21.495093],[39.235451,21.49506],[39.235421,21.494795],[39.233783,21.494989],[39.233813,21.495266],[39.234216,21.495215],[39.234294,21.495295]]]]},"properties":{"capacity":122.0,"subtype":1,"branch":"السليمانية","area_sqm":6096.836,"parking_id":"NET_PARKING_LOTS-000289"}},{"type":"Feature","id":"NET_PARKING_LOTS-000290","geometry":{"type":"MultiPolygon","coordinates":[[[[39.238968,21.495292],[39.238975,21.495289],[39.238982,21.495286],[39.238988,21.495282],[39.238994,21.495278],[39.238999,21.495273],[39.239005,21.495268],[39.23901,21.495263],[39.239014,21.495258],[39.239018,21.495252],[39.239022,21.495246],[39.239026,21.49524],[39.239028,21.495233],[39.239031,21.495227],[39.239033,21.49522],[39.239034,21.495213],[39.23909,21.495207],[39.239004,21.494589],[39.238948,21.494596],[39.238948,21.49459],[39.238946,21.494583],[39.238945,21.494577],[39.238942,21.494571],[39.23894,21.494565],[39.238937,21.494559],[39.238933,21.494553],[39.238929,21.494548],[39.238925,21.494543],[39.238921,21.494538],[39.238916,21.494534],[39.23891,21.49453],[39.238905,21.494526],[39.238899,21.494522],[39.238893,21.494519],[39.238887,21.494517],[39.23888,21.494514],[39.238874,21.494512],[39.238867,21.494511],[39.238849,21.494384],[39.238836,21.494383],[39.238823,21.494383],[39.238811,21.494382],[39.238798,21.494382],[39.238785,21.494382],[39.238773,21.494382],[39.23876,21.494383],[39.237263,21.494568],[39.237301,21.494837],[39.237302,21.49484],[39.237303,21.494844],[39.237305,21.494847],[39.237307,21.494851],[39.23731,21.494854],[39.237312,21.494857],[39.237315,21.49486],[39.237318,21.494862],[39.237321,21.494865],[39.237324,21.494867],[39.237328,21.494869],[39.237331,21.494871],[39.237335,21.494873],[39.237339,21.494874],[39.237343,21.494875],[39.237347,21.494876],[39.237351,21.494876],[39.237458,21.494866],[39.237458,21.494879],[39.237465,21.494973],[39.237385,21.494978],[39.237381,21.494981],[39.237378,21.494983],[39.237375,21.494987],[39.237372,21.49499],[39.237369,21.494993],[39.237367,21.494997],[39.237365,21.495001],[39.237363,21.495005],[39.237361,21.495009],[39.23736,21.495013],[39.237359,21.495017],[39.237358,21.495021],[39.237358,21.495026],[39.237358,21.49503],[39.237358,21.495034],[39.237359,21.495038],[39.237359,21.495043],[39.237361,21.495047],[39.237362,21.495051],[39.237364,21.495055],[39.237366,21.495059],[39.237399,21.495071],[39.237413,21.495084],[39.237425,21.495098],[39.237437,21.495112],[39.237447,21.495127],[39.237456,21.495143],[39.237464,21.495159],[39.237471,21.495176],[39.237623,21.495162],[39.238222,21.495091],[39.238585,21.495045],[39.238587,21.495106],[39.238634,21.495424],[39.238683,21.49542],[39.238914,21.495392],[39.238984,21.495367],[39.238968,21.495292]]]]},"properties":{"capacity":217.0,"subtype":1,"branch":"السليمانية","area_sqm":13802.806,"parking_id":"NET_PARKING_LOTS-000290"}},{"type":"Feature","id":"NET_PARKING_LOTS-000291","geometry":{"type":"MultiPolygon","coordinates":[[[[39.23701,21.495234],[39.23701,21.49522],[39.237011,21.495206],[39.237014,21.495192],[39.237017,21.495178],[39.237021,21.495164],[39.237026,21.495151],[39.237032,21.495138],[39.237039,21.495125],[39.237046,21.495113],[39.237055,21.495101],[39.237064,21.49509],[39.237066,21.495087],[39.237067,21.495084],[39.237068,21.495081],[39.237069,21.495078],[39.23707,21.495074],[39.23707,21.495071],[39.23707,21.495068],[39.23707,21.495064],[39.23707,21.495061],[39.237069,21.495058],[39.237068,21.495054],[39.237067,21.495051],[39.237066,21.495048],[39.237065,21.495045],[39.237063,21.495042],[39.237061,21.495039],[39.237059,21.495036],[39.237057,21.495034],[39.237054,21.495031],[39.236957,21.495041],[39.236939,21.494925],[39.237014,21.494916],[39.23702,21.494914],[39.237025,21.494912],[39.23703,21.49491],[39.237034,21.494907],[39.237039,21.494904],[39.237043,21.4949],[39.237047,21.494897],[39.237051,21.494893],[39.237054,21.494889],[39.237057,21.494884],[39.23706,21.49488],[39.237063,21.494875],[39.237065,21.49487],[39.237067,21.494865],[39.237068,21.49486],[39.237069,21.494855],[39.237069,21.49485],[39.23707,21.494845],[39.237069,21.49484],[39.237031,21.494594],[39.236138,21.4947],[39.236223,21.495328],[39.23701,21.495234]]]]},"properties":{"capacity":78.0,"subtype":1,"branch":"السليمانية","area_sqm":6197.326,"parking_id":"NET_PARKING_LOTS-000291"}},{"type":"Feature","id":"NET_PARKING_LOTS-000292","geometry":{"type":"MultiPolygon","coordinates":[[[[39.23914,21.496936],[39.239134,21.496844],[39.239205,21.496845],[39.239197,21.496515],[39.238874,21.496565],[39.238915,21.496859],[39.23897,21.496949],[39.23914,21.496936]]]]},"properties":{"capacity":23.0,"subtype":1,"branch":"السليمانية","area_sqm":1306.569,"parking_id":"NET_PARKING_LOTS-000292"}},{"type":"Feature","id":"NET_PARKING_LOTS-000293","geometry":{"type":"MultiPolygon","coordinates":[[[[39.238953,21.493513],[39.239016,21.4935],[39.238999,21.493313],[39.239005,21.493311],[39.239012,21.493308],[39.239018,21.493305],[39.239024,21.493302],[39.23903,21.493298],[39.239035,21.493294],[39.23904,21.49329],[39.239045,21.493285],[39.23905,21.49328],[39.239054,21.493274],[39.239058,21.493269],[39.239061,21.493263],[39.239064,21.493257],[39.239066,21.493251],[39.239069,21.493244],[39.239114,21.493228],[39.239096,21.493015],[39.239037,21.493018],[39.239021,21.49294],[39.238879,21.492957],[39.238882,21.493026],[39.238879,21.493025],[39.238876,21.493024],[39.238873,21.493023],[39.238871,21.493022],[39.238868,21.493021],[39.238865,21.493019],[39.238863,21.493018],[39.238861,21.493016],[39.238858,21.493014],[39.238856,21.493012],[39.238854,21.493009],[39.23885,21.492957],[39.238851,21.492955],[39.238852,21.492953],[39.238853,21.492951],[39.238855,21.492949],[39.238856,21.492947],[39.238858,21.492945],[39.23886,21.492943],[39.238862,21.492942],[39.238864,21.49294],[39.238866,21.492939],[39.238868,21.492938],[39.238871,21.492937],[39.238873,21.492936],[39.238876,21.492935],[39.238878,21.492935],[39.238881,21.492934],[39.238883,21.492934],[39.238886,21.492934],[39.238888,21.492934],[39.239065,21.492911],[39.239088,21.492863],[39.239113,21.492867],[39.239153,21.492882],[39.239128,21.492023],[39.239103,21.491979],[39.238568,21.492032],[39.238466,21.492128],[39.238552,21.49286],[39.238476,21.492872],[39.238586,21.493596],[39.23867,21.493586],[39.23868,21.493678],[39.238891,21.493655],[39.23888,21.493596],[39.238885,21.493595],[39.238891,21.493594],[39.238896,21.493592],[39.238901,21.49359],[39.238906,21.493588],[39.238911,21.493586],[39.238916,21.493583],[39.23892,21.49358],[39.238924,21.493577],[39.238928,21.493574],[39.238932,21.49357],[39.238936,21.493566],[39.238939,21.493562],[39.238942,21.493558],[39.238944,21.493553],[39.238947,21.493548],[39.238949,21.493544],[39.23895,21.493539],[39.238952,21.493534],[39.238953,21.493529],[39.238953,21.493524],[39.238953,21.493519],[39.238953,21.493513]]]]},"properties":{"capacity":215.0,"subtype":1,"branch":"السليمانية","area_sqm":10569.19,"parking_id":"NET_PARKING_LOTS-000293"}},{"type":"Feature","id":"NET_PARKING_LOTS-000294","geometry":{"type":"MultiPolygon","coordinates":[[[[39.239826,21.493303],[39.240709,21.493187],[39.240581,21.492357],[39.239714,21.492474],[39.239826,21.493303]]]]},"properties":{"capacity":244.0,"subtype":1,"branch":"السليمانية","area_sqm":8481.69,"parking_id":"NET_PARKING_LOTS-000294"}},{"type":"Feature","id":"NET_PARKING_LOTS-000295","geometry":{"type":"MultiPolygon","coordinates":[[[[39.233101,21.49922],[39.233134,21.499452],[39.233133,21.499462],[39.233128,21.499472],[39.233123,21.499478],[39.233116,21.499482],[39.233111,21.499485],[39.233103,21.499487],[39.233094,21.499489],[39.233083,21.499491],[39.233069,21.499499],[39.233059,21.499505],[39.233052,21.499514],[39.233042,21.499525],[39.233038,21.499535],[39.233035,21.499546],[39.233034,21.499558],[39.233034,21.499569],[39.233037,21.499583],[39.233042,21.499594],[39.233054,21.49961],[39.233064,21.499619],[39.233066,21.499623],[39.233067,21.499628],[39.233078,21.499698],[39.233077,21.499708],[39.233073,21.499723],[39.233066,21.499735],[39.233057,21.499744],[39.233046,21.49975],[39.233036,21.499755],[39.233026,21.499757],[39.232883,21.499773],[39.23288,21.499776],[39.23287,21.499769],[39.232872,21.499765],[39.232872,21.499763],[39.232867,21.49973],[39.232859,21.499725],[39.232666,21.499749],[39.232672,21.499785],[39.232671,21.499788],[39.232675,21.499791],[39.232667,21.499801],[39.232663,21.499797],[39.232658,21.499799],[39.232643,21.4998],[39.232632,21.499801],[39.232625,21.499799],[39.232618,21.499796],[39.232612,21.49979],[39.232607,21.499781],[39.232599,21.499734],[39.2326,21.49973],[39.232602,21.499727],[39.232605,21.499725],[39.232611,21.499723],[39.232651,21.499718],[39.232616,21.499471],[39.232579,21.499475],[39.232572,21.499476],[39.232568,21.499475],[39.232565,21.499474],[39.232563,21.499471],[39.232562,21.499468],[39.232557,21.499436],[39.232557,21.499431],[39.23256,21.499427],[39.232563,21.499426],[39.232567,21.499425],[39.232609,21.499419],[39.232586,21.49926],[39.23251,21.499269],[39.232491,21.499287],[39.232481,21.4993],[39.232475,21.499307],[39.232493,21.499436],[39.232494,21.499442],[39.232495,21.499454],[39.232493,21.499458],[39.232489,21.49946],[39.232484,21.499462],[39.232441,21.499467],[39.232479,21.499739],[39.232522,21.499734],[39.232527,21.499735],[39.23253,21.499738],[39.232532,21.499741],[39.232539,21.499794],[39.232538,21.499802],[39.232534,21.499807],[39.23253,21.499811],[39.232525,21.499813],[39.232497,21.499816],[39.232502,21.499852],[39.232545,21.499847],[39.232548,21.499847],[39.232549,21.499848],[39.23255,21.49985],[39.23255,21.499853],[39.232549,21.499854],[39.232546,21.499856],[39.232503,21.499862],[39.232508,21.499897],[39.23255,21.499891],[39.232553,21.499893],[39.232557,21.499895],[39.232558,21.499898],[39.232561,21.499911],[39.23256,21.499917],[39.232558,21.49992],[39.232554,21.499922],[39.232508,21.499928],[39.23253,21.500077],[39.232578,21.500072],[39.232582,21.500074],[39.232584,21.500076],[39.232585,21.500081],[39.232588,21.500099],[39.232652,21.500091],[39.232648,21.500072],[39.232649,21.500067],[39.232652,21.500064],[39.232657,21.500062],[39.232754,21.500051],[39.232757,21.500053],[39.232759,21.500055],[39.232761,21.500059],[39.232764,21.500077],[39.232826,21.50007],[39.232823,21.500052],[39.232824,21.500047],[39.232826,21.500045],[39.23283,21.500042],[39.232833,21.500041],[39.232924,21.500031],[39.232929,21.500032],[39.232933,21.500035],[39.232934,21.500037],[39.232935,21.500041],[39.232937,21.500058],[39.233,21.500051],[39.232997,21.500032],[39.232999,21.500027],[39.233002,21.500023],[39.233008,21.500021],[39.233096,21.500012],[39.2331,21.500012],[39.233103,21.500015],[39.233106,21.500019],[39.233107,21.500024],[39.233108,21.50004],[39.233161,21.500034],[39.233158,21.500011],[39.23316,21.500006],[39.233163,21.500004],[39.233167,21.500003],[39.233207,21.499998],[39.233196,21.499924],[39.233151,21.499928],[39.233146,21.499928],[39.233143,21.499926],[39.233142,21.499918],[39.233142,21.499915],[39.233144,21.499913],[39.233146,21.499912],[39.233242,21.499901],[39.23321,21.499677],[39.233167,21.499682],[39.233163,21.499682],[39.23316,21.499681],[39.233158,21.499678],[39.233156,21.499674],[39.233153,21.499648],[39.233157,21.499636],[39.233162,21.499628],[39.233171,21.499617],[39.233179,21.49961],[39.23319,21.499603],[39.233198,21.499599],[39.233207,21.499596],[39.233212,21.499595],[39.23323,21.499593],[39.233219,21.499515],[39.233214,21.499515],[39.233211,21.499514],[39.233209,21.499513],[39.233207,21.499511],[39.233205,21.499507],[39.233188,21.49939],[39.23319,21.499388],[39.233191,21.499385],[39.233193,21.499384],[39.233196,21.499383],[39.233199,21.499383],[39.233198,21.499382],[39.233181,21.49926],[39.233143,21.499264],[39.233139,21.499263],[39.233137,21.499262],[39.233135,21.499257],[39.233128,21.499216],[39.233101,21.49922]]]]},"properties":{"capacity":77.0,"subtype":1,"description":"GIGITIZED FROM JPEG IMAGE","branch":"السليمانية","area_sqm":3728.845,"parking_id":"NET_PARKING_LOTS-000295"}},{"type":"Feature","id":"NET_PARKING_LOTS-000296","geometry":{"type":"MultiPolygon","coordinates":[[[[39.234935,21.498653],[39.235846,21.498541],[39.235831,21.498439],[39.235825,21.498394],[39.234915,21.498506],[39.234935,21.498653]]]]},"properties":{"capacity":64.0,"subtype":1,"branch":"السليمانية","area_sqm":1562.455,"parking_id":"NET_PARKING_LOTS-000296"}},{"type":"Feature","id":"NET_PARKING_LOTS-000297","geometry":{"type":"MultiPolygon","coordinates":[[[[39.237755,21.498227],[39.238978,21.498077],[39.238956,21.497916],[39.239078,21.497901],[39.238986,21.497247],[39.237641,21.497411],[39.237755,21.498227]]]]},"properties":{"capacity":1000.0,"subtype":1,"branch":"السليمانية","area_sqm":12567.02,"parking_id":"NET_PARKING_LOTS-000297"}},{"type":"Feature","id":"NET_PARKING_LOTS-000298","geometry":{"type":"MultiPolygon","coordinates":[[[[39.240248,21.49916],[39.240248,21.498985],[39.240396,21.498986],[39.24043,21.498985],[39.241147,21.498983],[39.241202,21.498593],[39.241228,21.498321],[39.241188,21.498318],[39.241189,21.498314],[39.241189,21.498309],[39.241189,21.498305],[39.241188,21.4983],[39.241188,21.498296],[39.241187,21.498291],[39.241185,21.498287],[39.241184,21.498283],[39.241182,21.498279],[39.241179,21.498275],[39.241177,21.498271],[39.241174,21.498267],[39.241171,21.498264],[39.241176,21.498213],[39.240956,21.498206],[39.240947,21.498206],[39.240938,21.498206],[39.240929,21.498208],[39.24092,21.498209],[39.240912,21.498212],[39.240904,21.498215],[39.240895,21.498218],[39.240888,21.498222],[39.24088,21.498226],[39.240873,21.498231],[39.240866,21.498237],[39.240864,21.498238],[39.240861,21.498239],[39.240859,21.498241],[39.240857,21.498242],[39.240855,21.498244],[39.240853,21.498246],[39.240851,21.498248],[39.24085,21.49825],[39.240849,21.498252],[39.240847,21.498255],[39.240846,21.498257],[39.240845,21.498259],[39.240845,21.498262],[39.240844,21.498264],[39.240844,21.498267],[39.240844,21.49827],[39.240844,21.498272],[39.240844,21.498275],[39.240845,21.498277],[39.240844,21.49828],[39.240842,21.498282],[39.240841,21.498284],[39.24084,21.498287],[39.240838,21.498289],[39.240836,21.498291],[39.240834,21.498293],[39.240832,21.498294],[39.24083,21.498296],[39.240827,21.498298],[39.240825,21.498299],[39.240822,21.4983],[39.240819,21.498301],[39.240817,21.498302],[39.240814,21.498302],[39.240811,21.498303],[39.240808,21.498303],[39.240805,21.498303],[39.240803,21.498303],[39.2408,21.498302],[39.240797,21.498302],[39.240794,21.498301],[39.240792,21.4983],[39.240789,21.498299],[39.240786,21.498298],[39.240784,21.498296],[39.240782,21.498295],[39.240779,21.498293],[39.240777,21.498291],[39.240776,21.498289],[39.240774,21.498287],[39.240772,21.498285],[39.240771,21.498283],[39.24077,21.49828],[39.240768,21.498278],[39.240768,21.498275],[39.240767,21.498273],[39.240766,21.49827],[39.240766,21.498268],[39.240766,21.498265],[39.240766,21.498262],[39.240766,21.49826],[39.240767,21.498257],[39.240687,21.498266],[39.240686,21.498269],[39.240685,21.498273],[39.240684,21.498276],[39.240682,21.498279],[39.240681,21.498282],[39.240679,21.498285],[39.240677,21.498288],[39.240674,21.498291],[39.240672,21.498294],[39.240669,21.498296],[39.240666,21.498298],[39.240663,21.4983],[39.24066,21.498302],[39.240657,21.498304],[39.240653,21.498305],[39.24065,21.498307],[39.240646,21.498308],[39.240643,21.498309],[39.240639,21.498309],[39.240635,21.49831],[39.240631,21.49831],[39.24007,21.498377],[39.240064,21.498379],[39.240057,21.498381],[39.240051,21.498384],[39.240045,21.498387],[39.240039,21.498391],[39.240033,21.498395],[39.240028,21.498399],[39.240023,21.498403],[39.240018,21.498408],[39.240013,21.498413],[39.24001,21.498419],[39.240006,21.498425],[39.240003,21.49843],[39.24,21.498436],[39.239998,21.498443],[39.239996,21.498449],[39.239995,21.498456],[39.239994,21.498462],[39.239993,21.498469],[39.239993,21.498475],[39.239994,21.498482],[39.239995,21.498488],[39.239996,21.498495],[39.239998,21.498514],[39.239999,21.498533],[39.239999,21.498552],[39.239998,21.498571],[39.239995,21.49859],[39.239991,21.498609],[39.239986,21.498628],[39.239979,21.498646],[39.239971,21.498664],[39.239965,21.498678],[39.239957,21.498692],[39.239948,21.498706],[39.239938,21.498719],[39.239928,21.498731],[39.239916,21.498743],[39.239904,21.498753],[39.239891,21.498763],[39.239877,21.498773],[39.239863,21.498781],[39.239848,21.498788],[39.239833,21.498795],[39.239817,21.4988],[39.239801,21.498805],[39.239785,21.498808],[39.239768,21.498811],[39.239751,21.498812],[39.239734,21.498812],[39.239717,21.498812],[39.23972,21.499137],[39.240248,21.49916]]]]},"properties":{"capacity":231.0,"subtype":1,"branch":"السليمانية","area_sqm":11085.864,"parking_id":"NET_PARKING_LOTS-000298"}},{"type":"Feature","id":"NET_PARKING_LOTS-000299","geometry":{"type":"MultiPolygon","coordinates":[[[[39.242084,21.494922],[39.242111,21.494919],[39.242139,21.494916],[39.242166,21.494913],[39.242194,21.49491],[39.242221,21.494907],[39.242248,21.494904],[39.242276,21.494901],[39.242303,21.494897],[39.242331,21.494894],[39.242358,21.494891],[39.242385,21.494888],[39.242413,21.494885],[39.24244,21.494882],[39.242468,21.494879],[39.24255,21.49487],[39.242577,21.494867],[39.242604,21.494864],[39.242632,21.494861],[39.242659,21.494858],[39.242687,21.494855],[39.242714,21.494852],[39.242741,21.494848],[39.242769,21.494845],[39.242796,21.494842],[39.242824,21.494839],[39.242851,21.494836],[39.242878,21.494833],[39.242906,21.49483],[39.242933,21.494827],[39.242961,21.494824],[39.242988,21.494821],[39.243015,21.494818],[39.243043,21.494815],[39.24307,21.494812],[39.243098,21.494809],[39.243125,21.494806],[39.243152,21.494803],[39.24318,21.4948],[39.243207,21.494796],[39.243235,21.494793],[39.243262,21.49479],[39.243289,21.494787],[39.243317,21.494784],[39.243344,21.494781],[39.243372,21.494778],[39.243399,21.494775],[39.243426,21.494772],[39.243454,21.494769],[39.243481,21.494766],[39.243508,21.494763],[39.243536,21.49476],[39.243563,21.494757],[39.243591,21.494754],[39.243618,21.494751],[39.243645,21.494747],[39.243673,21.494744],[39.2437,21.494741],[39.2437,21.494741],[39.243702,21.494741],[39.243706,21.494771],[39.243741,21.494767],[39.243776,21.494763],[39.243881,21.494751],[39.243939,21.494745],[39.243932,21.494696],[39.243917,21.494576],[39.243911,21.494527],[39.243854,21.494533],[39.243835,21.494536],[39.243833,21.494536],[39.243827,21.494536],[39.243819,21.494537],[39.243817,21.494538],[39.243816,21.494538],[39.243816,21.494538],[39.243807,21.494539],[39.243678,21.494553],[39.243681,21.494572],[39.243682,21.494579],[39.24368,21.49458],[39.243652,21.494583],[39.243625,21.494586],[39.243597,21.494589],[39.24357,21.494592],[39.243543,21.494595],[39.243515,21.494598],[39.243488,21.494601],[39.24346,21.494604],[39.243433,21.494607],[39.243406,21.49461],[39.243378,21.494613],[39.243351,21.494616],[39.243323,21.494619],[39.243296,21.494622],[39.243269,21.494625],[39.243241,21.494629],[39.243214,21.494632],[39.243187,21.494635],[39.243159,21.494638],[39.243132,21.494641],[39.243104,21.494644],[39.243077,21.494647],[39.24305,21.49465],[39.243022,21.494653],[39.242995,21.494656],[39.242967,21.494659],[39.24294,21.494662],[39.242913,21.494665],[39.242885,21.494668],[39.242858,21.494671],[39.24283,21.494674],[39.242803,21.494677],[39.242776,21.494681],[39.242748,21.494684],[39.242721,21.494687],[39.242693,21.49469],[39.242666,21.494693],[39.242639,21.494696],[39.242611,21.494699],[39.242584,21.494702],[39.242556,21.494705],[39.242529,21.494708],[39.242502,21.494711],[39.242474,21.494714],[39.242447,21.494717],[39.242419,21.49472],[39.242392,21.494723],[39.242365,21.494726],[39.242337,21.49473],[39.24231,21.494733],[39.242283,21.494736],[39.242255,21.494739],[39.242228,21.494742],[39.2422,21.494745],[39.242173,21.494748],[39.242146,21.494751],[39.242118,21.494754],[39.242091,21.494757],[39.242063,21.49476],[39.242036,21.494763],[39.242009,21.494766],[39.241981,21.494769],[39.241954,21.494772],[39.241926,21.494775],[39.241899,21.494778],[39.241872,21.494782],[39.241844,21.494785],[39.241817,21.494788],[39.241789,21.494791],[39.241762,21.494794],[39.241735,21.494797],[39.241707,21.4948],[39.24168,21.494803],[39.241652,21.494806],[39.241625,21.494809],[39.241598,21.494812],[39.24157,21.494815],[39.241543,21.494818],[39.241515,21.494821],[39.241488,21.494824],[39.241461,21.494827],[39.241433,21.49483],[39.241406,21.494834],[39.241379,21.494837],[39.241351,21.49484],[39.241324,21.494843],[39.241296,21.494846],[39.241269,21.494849],[39.241242,21.494852],[39.241215,21.494855],[39.241213,21.494855],[39.241186,21.494858],[39.241183,21.494832],[39.241182,21.494831],[39.241179,21.494806],[39.241176,21.494781],[39.241173,21.494756],[39.24117,21.494731],[39.241167,21.494706],[39.241163,21.494681],[39.24116,21.494656],[39.241157,21.49463],[39.241154,21.494605],[39.24115,21.49458],[39.241147,21.494555],[39.241144,21.49453],[39.241141,21.494505],[39.241138,21.49448],[39.241134,21.494455],[39.241128,21.494404],[39.241125,21.494379],[39.241122,21.494354],[39.241118,21.494329],[39.241115,21.494304],[39.241112,21.494279],[39.241112,21.494279],[39.241112,21.494278],[39.241112,21.494278],[39.241139,21.494275],[39.241135,21.494242],[39.241131,21.494209],[39.241131,21.494209],[39.241131,21.494209],[39.24113,21.494201],[39.241127,21.49418],[39.241127,21.494176],[39.241127,21.494175],[39.241122,21.494143],[39.241122,21.494143],[39.241118,21.49411],[39.241111,21.494057],[39.241059,21.494063],[39.240879,21.494083],[39.240897,21.494235],[39.240902,21.494268],[39.240907,21.494301],[39.240939,21.494297],[39.240939,21.494299],[39.240958,21.494449],[39.241,21.494779],[39.241007,21.494833],[39.241009,21.49485],[39.241009,21.49485],[39.24101,21.494852],[39.241002,21.494853],[39.240978,21.494855],[39.240977,21.494855],[39.240983,21.494901],[39.240986,21.494921],[39.240986,21.494921],[39.241003,21.495075],[39.24124,21.495049],[39.241236,21.495017],[39.241262,21.495014],[39.24129,21.495011],[39.241317,21.495008],[39.241344,21.495005],[39.241372,21.495001],[39.241399,21.494998],[39.241427,21.494995],[39.241454,21.494992],[39.241481,21.494989],[39.241509,21.494986],[39.241536,21.494983],[39.241564,21.49498],[39.241591,21.494977],[39.241618,21.494974],[39.241646,21.494971],[39.241673,21.494968],[39.2417,21.494965],[39.241728,21.494962],[39.241755,21.494959],[39.241783,21.494956],[39.24181,21.494953],[39.241837,21.494949],[39.241865,21.494946],[39.241892,21.494943],[39.24192,21.49494],[39.241947,21.494937],[39.241974,21.494934],[39.242002,21.494931],[39.242029,21.494928],[39.242057,21.494925],[39.242084,21.494922]]]]},"properties":{"capacity":242.0,"subtype":1,"branch":"السليمانية","area_sqm":7526.036,"parking_id":"NET_PARKING_LOTS-000299"}},{"type":"Feature","id":"NET_PARKING_LOTS-000300","geometry":{"type":"MultiPolygon","coordinates":[[[[39.241559,21.490487],[39.241559,21.490487],[39.241559,21.490487],[39.241541,21.490558],[39.241191,21.490451],[39.241087,21.490411],[39.240999,21.490379],[39.240958,21.490345],[39.240913,21.490299],[39.240897,21.490247],[39.240888,21.490197],[39.240886,21.489999],[39.240892,21.489891],[39.241002,21.489991],[39.241035,21.489939],[39.241002,21.489935],[39.241012,21.48987],[39.241051,21.48982],[39.241076,21.489832],[39.241086,21.489811],[39.241029,21.489767],[39.24099,21.48975],[39.240963,21.489752],[39.240927,21.48978],[39.240916,21.489796],[39.2409,21.489769],[39.240894,21.489603],[39.241041,21.489648],[39.241041,21.489593],[39.240904,21.489553],[39.240887,21.48952],[39.240883,21.489484],[39.240893,21.489452],[39.24091,21.489421],[39.240934,21.489392],[39.240957,21.489375],[39.240999,21.489344],[39.241036,21.48934],[39.241081,21.489333],[39.241122,21.489329],[39.241469,21.489302],[39.241502,21.48929],[39.241531,21.489265],[39.241543,21.489231],[39.241543,21.489206],[39.241528,21.489185],[39.241515,21.489159],[39.240795,21.489042],[39.240774,21.489017],[39.240765,21.489011],[39.240755,21.489007],[39.240741,21.489003],[39.240707,21.489],[39.240715,21.488963],[39.240611,21.488947],[39.240615,21.489058],[39.240608,21.489058],[39.240609,21.489064],[39.240615,21.489064],[39.240617,21.489122],[39.240704,21.489189],[39.240706,21.489199],[39.240702,21.489204],[39.240693,21.489204],[39.240616,21.489144],[39.240627,21.489473],[39.240704,21.489535],[39.240706,21.489539],[39.240706,21.489544],[39.240702,21.489549],[39.240698,21.48955],[39.240692,21.489549],[39.240689,21.489547],[39.240628,21.489496],[39.240643,21.49002],[39.240644,21.490049],[39.240652,21.490079],[39.240678,21.490112],[39.240732,21.490106],[39.240733,21.490196],[39.240778,21.490194],[39.240784,21.490198],[39.240788,21.490205],[39.240791,21.490255],[39.240797,21.490291],[39.240816,21.490342],[39.240831,21.490369],[39.240844,21.49039],[39.24086,21.490407],[39.240879,21.490428],[39.240897,21.490443],[39.24092,21.49046],[39.240947,21.490474],[39.240971,21.490487],[39.241003,21.490499],[39.241033,21.490509],[39.241502,21.49066],[39.241521,21.490668],[39.241538,21.490676],[39.241555,21.490687],[39.241574,21.490702],[39.241593,21.490723],[39.24161,21.490746],[39.241619,21.490768],[39.241628,21.490794],[39.241726,21.490785],[39.241738,21.490751],[39.241773,21.490735],[39.241806,21.490735],[39.241834,21.490736],[39.241859,21.490735],[39.241897,21.490731],[39.24193,21.490727],[39.241955,21.490723],[39.242085,21.490685],[39.24215,21.490654],[39.242182,21.490639],[39.24225,21.490594],[39.242363,21.490491],[39.242408,21.490444],[39.242472,21.490381],[39.242516,21.490336],[39.24253,21.490322],[39.242574,21.490298],[39.242624,21.490297],[39.242664,21.490316],[39.242689,21.490344],[39.242572,21.490066],[39.242548,21.490131],[39.242505,21.490191],[39.242398,21.490306],[39.242301,21.490399],[39.242222,21.49048],[39.242143,21.490531],[39.242041,21.490581],[39.241941,21.490612],[39.241893,21.490624],[39.241848,21.490623],[39.241801,21.490609],[39.241768,21.490578],[39.241757,21.490546],[39.241742,21.490501],[39.241739,21.490474],[39.241789,21.49047],[39.241783,21.490351],[39.241734,21.490351],[39.241717,21.490323],[39.241728,21.490301],[39.24174,21.49028],[39.241741,21.490255],[39.241727,21.490238],[39.241702,21.490218],[39.241672,21.490205],[39.241629,21.490201],[39.241593,21.490204],[39.241564,21.490216],[39.241539,21.490234],[39.241518,21.490256],[39.241513,21.490286],[39.241517,21.490305],[39.241527,21.490323],[39.241535,21.49033],[39.241536,21.490353],[39.241497,21.490351],[39.241507,21.490488],[39.241559,21.490487],[39.241559,21.490487]]]]},"properties":{"capacity":46.0,"subtype":1,"branch":"السليمانية","area_sqm":9334.112,"parking_id":"NET_PARKING_LOTS-000300"}},{"type":"Feature","id":"NET_PARKING_LOTS-000301","geometry":{"type":"MultiPolygon","coordinates":[[[[39.246739,21.49783],[39.246742,21.497831],[39.24675,21.497786],[39.246763,21.497788],[39.246778,21.497707],[39.246794,21.497709],[39.246812,21.497617],[39.246796,21.497614],[39.246811,21.497532],[39.246798,21.49753],[39.246807,21.497485],[39.246804,21.497485],[39.246805,21.497479],[39.246723,21.497465],[39.246722,21.49747],[39.246645,21.497459],[39.246646,21.497453],[39.246562,21.497439],[39.246561,21.497444],[39.246405,21.497418],[39.246406,21.497413],[39.246323,21.497399],[39.246322,21.497404],[39.246245,21.497392],[39.246246,21.497387],[39.246161,21.497372],[39.246152,21.497421],[39.246125,21.497417],[39.246133,21.497368],[39.246048,21.497353],[39.246047,21.497358],[39.245971,21.497347],[39.245972,21.497342],[39.245888,21.497327],[39.245887,21.497332],[39.245731,21.497307],[39.245732,21.497302],[39.24565,21.497286],[39.245649,21.497292],[39.245572,21.497281],[39.245573,21.497276],[39.245487,21.497261],[39.245478,21.497311],[39.245287,21.497279],[39.245295,21.497229],[39.245209,21.497214],[39.245208,21.49722],[39.245131,21.497208],[39.245132,21.497202],[39.245049,21.497188],[39.245047,21.497194],[39.244891,21.497168],[39.244892,21.497163],[39.244808,21.497149],[39.244807,21.497156],[39.24473,21.497142],[39.244731,21.497135],[39.244647,21.497122],[39.244637,21.497171],[39.24461,21.497166],[39.244619,21.497118],[39.244533,21.497104],[39.244531,21.497109],[39.244455,21.497095],[39.244456,21.49709],[39.244374,21.497076],[39.244373,21.497082],[39.244217,21.497056],[39.244218,21.497051],[39.244134,21.497037],[39.244133,21.497043],[39.244057,21.49703],[39.244058,21.497025],[39.243974,21.497011],[39.243973,21.497016],[39.243971,21.497018],[39.243959,21.497063],[39.243947,21.497061],[39.243933,21.497141],[39.243917,21.497137],[39.243899,21.497229],[39.243916,21.497233],[39.243901,21.497314],[39.243914,21.497317],[39.243905,21.497362],[39.243908,21.497363],[39.243908,21.497368],[39.243991,21.497382],[39.243992,21.497376],[39.244068,21.497389],[39.244067,21.497394],[39.244149,21.497408],[39.24415,21.497403],[39.244307,21.497428],[39.244306,21.497434],[39.244389,21.497448],[39.24439,21.497442],[39.244467,21.497454],[39.244466,21.497459],[39.244551,21.497475],[39.244559,21.497426],[39.244586,21.49743],[39.244579,21.497479],[39.244664,21.497493],[39.244665,21.497488],[39.244742,21.497501],[39.244741,21.497506],[39.24487,21.497511],[39.244871,21.497506],[39.245029,21.497532],[39.24503,21.497537],[39.245064,21.497558],[39.245065,21.497554],[39.245142,21.497566],[39.245141,21.497572],[39.245226,21.497586],[39.245236,21.497536],[39.245445,21.497563],[39.245436,21.497613],[39.245523,21.497627],[39.245525,21.497622],[39.2456,21.497632],[39.245599,21.497637],[39.245683,21.497651],[39.245682,21.497645],[39.245821,21.497679],[39.24582,21.497684],[39.245903,21.497698],[39.245904,21.497693],[39.245979,21.497705],[39.24598,21.497711],[39.246065,21.497725],[39.246075,21.497676],[39.246102,21.49768],[39.246093,21.49773],[39.246179,21.497744],[39.246179,21.497739],[39.246256,21.497751],[39.246255,21.497756],[39.246338,21.497769],[39.246339,21.497764],[39.246495,21.497791],[39.246494,21.497796],[39.246578,21.497808],[39.246579,21.497804],[39.246655,21.497818],[39.246654,21.497822],[39.246738,21.497835],[39.246739,21.49783]]]]},"properties":{"capacity":982.0,"subtype":1,"branch":"السليمانية","area_sqm":11545.094,"parking_id":"NET_PARKING_LOTS-000301"}},{"type":"Feature","id":"NET_PARKING_LOTS-000302","geometry":{"type":"MultiPolygon","coordinates":[[[[39.244927,21.498318],[39.244931,21.498292],[39.244937,21.498276],[39.244938,21.498273],[39.244939,21.49827],[39.24494,21.498267],[39.244942,21.498264],[39.244943,21.498261],[39.244944,21.498258],[39.244946,21.498256],[39.244947,21.498253],[39.244949,21.49825],[39.244951,21.498247],[39.244952,21.498245],[39.244954,21.498242],[39.244956,21.498239],[39.244958,21.498236],[39.24496,21.498234],[39.244962,21.498231],[39.244964,21.498229],[39.244966,21.498226],[39.244968,21.498224],[39.24497,21.498221],[39.244973,21.498218],[39.244976,21.498216],[39.244978,21.498213],[39.244981,21.498211],[39.244984,21.498209],[39.244987,21.498206],[39.24499,21.498204],[39.244994,21.498202],[39.245015,21.49819],[39.245026,21.498191],[39.245037,21.498126],[39.245036,21.498122],[39.245028,21.498121],[39.244962,21.498109],[39.24487,21.498093],[39.24476,21.498078],[39.244728,21.498257],[39.244792,21.49827],[39.244778,21.498356],[39.244866,21.498372],[39.244915,21.498381],[39.244927,21.498318]]]]},"properties":{"capacity":9.0,"subtype":1,"branch":"السليمانية","area_sqm":670.604,"parking_id":"NET_PARKING_LOTS-000302"}},{"type":"Feature","id":"NET_PARKING_LOTS-000303","geometry":{"type":"MultiPolygon","coordinates":[[[[39.246622,21.499108],[39.246627,21.499106],[39.24663,21.499103],[39.246638,21.499063],[39.246639,21.499063],[39.24664,21.499062],[39.246641,21.499061],[39.246642,21.49906],[39.246644,21.49906],[39.246645,21.499059],[39.246646,21.499059],[39.246647,21.499058],[39.246649,21.499058],[39.24665,21.499058],[39.246652,21.499058],[39.246653,21.499058],[39.246655,21.499058],[39.246656,21.499059],[39.246658,21.499059],[39.246659,21.49906],[39.24666,21.499061],[39.246662,21.499062],[39.246663,21.499062],[39.246664,21.499063],[39.246665,21.499064],[39.246666,21.499065],[39.246667,21.499066],[39.246668,21.499067],[39.246669,21.499069],[39.24667,21.49907],[39.246671,21.499071],[39.246672,21.499073],[39.246673,21.499074],[39.246673,21.499076],[39.246674,21.499077],[39.246674,21.499079],[39.246674,21.499081],[39.246675,21.499082],[39.246675,21.499084],[39.246675,21.499086],[39.246675,21.499087],[39.246675,21.499089],[39.246674,21.499093],[39.246674,21.499096],[39.246673,21.499099],[39.246707,21.498947],[39.246703,21.498952],[39.246693,21.498958],[39.24668,21.49896],[39.24663,21.498952],[39.246622,21.49895],[39.246612,21.498944],[39.246606,21.498939],[39.246604,21.498934],[39.246602,21.498929],[39.246601,21.498925],[39.246604,21.498908],[39.246607,21.498906],[39.24661,21.498904],[39.246654,21.498909],[39.246657,21.498909],[39.246661,21.498907],[39.246664,21.498902],[39.246714,21.49863],[39.246713,21.498628],[39.246711,21.498626],[39.246706,21.498623],[39.246666,21.498617],[39.246662,21.498613],[39.246661,21.498611],[39.246661,21.498605],[39.246663,21.498596],[39.246664,21.498592],[39.246667,21.498588],[39.246669,21.498586],[39.246671,21.498584],[39.246563,21.498567],[39.246557,21.498596],[39.246555,21.498598],[39.246553,21.498601],[39.246549,21.498602],[39.246542,21.498601],[39.246507,21.498595],[39.246504,21.498595],[39.246502,21.498596],[39.246499,21.498597],[39.246497,21.498601],[39.246486,21.498658],[39.246487,21.498661],[39.246489,21.498663],[39.246492,21.498665],[39.246537,21.498674],[39.24654,21.498676],[39.246541,21.498679],[39.246541,21.498682],[39.246532,21.498732],[39.246531,21.498737],[39.246527,21.498741],[39.246524,21.498742],[39.246477,21.498735],[39.246476,21.498736],[39.246473,21.498738],[39.246472,21.498739],[39.246448,21.49887],[39.246452,21.498876],[39.246454,21.498878],[39.246496,21.498885],[39.246499,21.498887],[39.246501,21.498892],[39.246501,21.498901],[39.246499,21.498909],[39.246492,21.498918],[39.246482,21.498924],[39.246477,21.498926],[39.246468,21.498925],[39.246352,21.498907],[39.246332,21.499006],[39.246384,21.499014],[39.246386,21.499016],[39.246388,21.49902],[39.246388,21.499022],[39.246382,21.49906],[39.246383,21.499063],[39.246384,21.499066],[39.246386,21.499069],[39.246615,21.499108],[39.246622,21.499108]]]]},"properties":{"capacity":33.0,"subtype":1,"branch":"السليمانية","area_sqm":1351.148,"parking_id":"NET_PARKING_LOTS-000303"}},{"type":"Feature","id":"NET_PARKING_LOTS-000304","geometry":{"type":"MultiPolygon","coordinates":[[[[39.246504,21.49939],[39.246506,21.499389],[39.246508,21.499387],[39.246509,21.499386],[39.246516,21.49935],[39.246517,21.499348],[39.246521,21.499344],[39.246525,21.499343],[39.246567,21.499349],[39.246569,21.499349],[39.246571,21.499349],[39.246574,21.499347],[39.246575,21.499345],[39.246576,21.499343],[39.246586,21.499292],[39.246586,21.499288],[39.246585,21.499285],[39.246583,21.499283],[39.246578,21.499281],[39.24654,21.499276],[39.246536,21.499275],[39.246534,21.499273],[39.246533,21.499272],[39.246532,21.499269],[39.246532,21.499264],[39.246539,21.49923],[39.246538,21.499226],[39.246532,21.499221],[39.246138,21.499159],[39.246134,21.499159],[39.246131,21.499161],[39.246129,21.499163],[39.246122,21.499202],[39.246121,21.499205],[39.246119,21.499206],[39.246118,21.499206],[39.246113,21.499207],[39.246109,21.499207],[39.246097,21.499205],[39.246092,21.499204],[39.246086,21.499201],[39.246082,21.499197],[39.246078,21.499191],[39.246077,21.499186],[39.246075,21.499181],[39.246076,21.499168],[39.246083,21.499133],[39.246086,21.499128],[39.246089,21.499123],[39.246094,21.499119],[39.246098,21.499117],[39.246103,21.499116],[39.245976,21.499124],[39.245979,21.499125],[39.245982,21.499127],[39.245984,21.499128],[39.245986,21.49913],[39.245989,21.499131],[39.24599,21.499133],[39.245991,21.499134],[39.245993,21.499136],[39.245996,21.499141],[39.245999,21.499146],[39.246,21.499147],[39.246,21.499149],[39.246001,21.49915],[39.246002,21.499152],[39.246002,21.499154],[39.246002,21.499156],[39.246002,21.499159],[39.246002,21.49916],[39.246,21.499176],[39.245999,21.499184],[39.245996,21.499184],[39.245992,21.499202],[39.24599,21.499221],[39.24599,21.499229],[39.245992,21.499236],[39.245996,21.499244],[39.246002,21.49925],[39.24601,21.499256],[39.246016,21.499258],[39.246029,21.49926],[39.24605,21.499263],[39.246099,21.499272],[39.246104,21.499274],[39.246106,21.499278],[39.246105,21.499289],[39.2461,21.499319],[39.246102,21.499324],[39.246105,21.499326],[39.246485,21.499387],[39.246501,21.49939],[39.246504,21.49939]]]]},"properties":{"capacity":35.0,"subtype":1,"branch":"السليمانية","area_sqm":1021.418,"parking_id":"NET_PARKING_LOTS-000304"}},{"type":"Feature","id":"NET_PARKING_LOTS-000305","geometry":{"type":"MultiPolygon","coordinates":[[[[39.246914,21.498541],[39.246893,21.498536],[39.246878,21.498533],[39.246872,21.498531],[39.246868,21.49853],[39.246864,21.498527],[39.246861,21.498525],[39.246859,21.498522],[39.246858,21.498519],[39.246751,21.49907],[39.246813,21.49908],[39.246914,21.498541]]]]},"properties":{"capacity":23.0,"subtype":1,"branch":"السليمانية","area_sqm":382.245,"parking_id":"NET_PARKING_LOTS-000305"}},{"type":"Feature","id":"NET_PARKING_LOTS-000306","geometry":{"type":"MultiPolygon","coordinates":[[[[39.236124,21.485005],[39.236178,21.484977],[39.2362,21.484933],[39.236172,21.484646],[39.236159,21.484623],[39.236146,21.484604],[39.23611,21.484581],[39.236095,21.484577],[39.236086,21.484572],[39.236079,21.48456],[39.236072,21.48449],[39.236075,21.484479],[39.236087,21.484472],[39.236794,21.484413],[39.236806,21.484412],[39.236806,21.484411],[39.236821,21.48441],[39.236858,21.484406],[39.236858,21.484406],[39.236858,21.484406],[39.236858,21.484406],[39.236858,21.484406],[39.236858,21.484406],[39.236859,21.484406],[39.236859,21.484406],[39.236859,21.484407],[39.23686,21.484407],[39.23686,21.484407],[39.23686,21.484407],[39.236861,21.484407],[39.236861,21.484407],[39.236861,21.484407],[39.236862,21.484407],[39.236862,21.484407],[39.236862,21.484407],[39.236863,21.484407],[39.236863,21.484407],[39.236863,21.484407],[39.236863,21.484408],[39.236864,21.484408],[39.236865,21.484408],[39.236865,21.484408],[39.236866,21.484408],[39.236866,21.484409],[39.236867,21.484409],[39.236867,21.484409],[39.236868,21.48441],[39.236868,21.48441],[39.236869,21.484411],[39.23687,21.484411],[39.23687,21.484412],[39.236871,21.484412],[39.236871,21.484413],[39.236872,21.484413],[39.236872,21.484414],[39.236872,21.484414],[39.236873,21.484415],[39.236873,21.484415],[39.236873,21.484416],[39.236874,21.484416],[39.236878,21.484466],[39.236881,21.484491],[39.236881,21.484492],[39.236881,21.484494],[39.23688,21.484495],[39.23688,21.484496],[39.23688,21.484498],[39.236879,21.484499],[39.236879,21.4845],[39.236878,21.484502],[39.236877,21.484503],[39.236876,21.484504],[39.236875,21.484505],[39.236874,21.484507],[39.236873,21.484508],[39.236872,21.484509],[39.236871,21.48451],[39.236869,21.48451],[39.236869,21.484511],[39.236868,21.484511],[39.236868,21.484511],[39.236867,21.484512],[39.236867,21.484512],[39.236866,21.484512],[39.236866,21.484512],[39.236865,21.484513],[39.236864,21.484513],[39.236863,21.484514],[39.236862,21.484514],[39.236861,21.484515],[39.23686,21.484515],[39.236859,21.484515],[39.236858,21.484516],[39.236857,21.484516],[39.236857,21.484516],[39.236856,21.484517],[39.236855,21.484517],[39.236854,21.484517],[39.236853,21.484518],[39.236851,21.484519],[39.236848,21.48452],[39.236846,21.484522],[39.236844,21.484523],[39.236841,21.484525],[39.236839,21.484527],[39.236837,21.484528],[39.236835,21.484529],[39.236834,21.484531],[39.236833,21.484532],[39.236831,21.484533],[39.23683,21.484534],[39.236829,21.484535],[39.236827,21.484537],[39.236826,21.484539],[39.236824,21.48454],[39.236823,21.484542],[39.236821,21.484544],[39.23682,21.484546],[39.236819,21.484548],[39.236817,21.48455],[39.236817,21.484551],[39.236816,21.484552],[39.236816,21.484553],[39.236815,21.484555],[39.236814,21.484556],[39.236814,21.484557],[39.236813,21.484558],[39.236811,21.484562],[39.23681,21.484565],[39.236809,21.484569],[39.236808,21.484573],[39.236807,21.484577],[39.236806,21.484581],[39.236806,21.484585],[39.236806,21.484587],[39.236806,21.484589],[39.236806,21.484591],[39.236806,21.484592],[39.236806,21.484594],[39.236806,21.484596],[39.236806,21.484598],[39.236833,21.484893],[39.236834,21.484895],[39.236835,21.484897],[39.236835,21.484899],[39.236836,21.484901],[39.236837,21.484903],[39.236838,21.484905],[39.236839,21.484907],[39.236842,21.484912],[39.236846,21.484917],[39.23685,21.484922],[39.236854,21.484927],[39.236859,21.484931],[39.236863,21.484935],[39.236869,21.484938],[39.236872,21.48494],[39.236875,21.484942],[39.236879,21.484944],[39.236883,21.484946],[39.236886,21.484947],[39.23689,21.484948],[39.236894,21.484949],[39.236896,21.48495],[39.236899,21.48495],[39.236901,21.484951],[39.236903,21.484951],[39.236906,21.484952],[39.236908,21.484952],[39.23691,21.484952],[39.236912,21.484952],[39.236914,21.484953],[39.236915,21.484953],[39.236917,21.484954],[39.236919,21.484954],[39.23692,21.484955],[39.236922,21.484956],[39.236922,21.484956],[39.236923,21.484956],[39.236923,21.484956],[39.236923,21.484957],[39.236924,21.484957],[39.236924,21.484957],[39.236925,21.484958],[39.236925,21.484958],[39.236925,21.484958],[39.236926,21.484959],[39.236926,21.484959],[39.236926,21.48496],[39.236926,21.48496],[39.236926,21.484961],[39.236926,21.484961],[39.236927,21.484962],[39.236927,21.484962],[39.236927,21.484963],[39.236927,21.484963],[39.236926,21.484964],[39.236926,21.484964],[39.236926,21.484965],[39.236926,21.484965],[39.236926,21.484966],[39.236926,21.484966],[39.236925,21.484967],[39.236925,21.484967],[39.236925,21.484967],[39.236924,21.484968],[39.236924,21.484968],[39.236923,21.484968],[39.236923,21.484969],[39.236923,21.484969],[39.236922,21.484969],[39.236922,21.48497],[39.236921,21.48497],[39.23692,21.48497],[39.23692,21.48497],[39.236994,21.484961],[39.236993,21.484961],[39.236993,21.484961],[39.236993,21.484961],[39.236992,21.484961],[39.236992,21.484961],[39.236991,21.484961],[39.236991,21.484961],[39.23699,21.484961],[39.23699,21.484961],[39.236989,21.484961],[39.236989,21.48496],[39.236988,21.48496],[39.236987,21.48496],[39.236987,21.484959],[39.236986,21.484959],[39.236986,21.484958],[39.236986,21.484958],[39.236985,21.484958],[39.236985,21.484957],[39.236984,21.484957],[39.236984,21.484956],[39.236984,21.484956],[39.236984,21.484955],[39.236984,21.484955],[39.236984,21.484954],[39.236984,21.484954],[39.236983,21.484953],[39.236983,21.484953],[39.236984,21.484952],[39.236984,21.484951],[39.236984,21.484951],[39.236984,21.48495],[39.236984,21.48495],[39.236985,21.484949],[39.236985,21.484949],[39.236985,21.484948],[39.236986,21.484948],[39.236986,21.484947],[39.236987,21.484947],[39.236987,21.484946],[39.236988,21.484946],[39.236988,21.484946],[39.236989,21.484945],[39.236989,21.484945],[39.23699,21.484945],[39.23699,21.484945],[39.236991,21.484945],[39.236992,21.484944],[39.236992,21.484944],[39.237035,21.484941],[39.237019,21.484768],[39.237019,21.484767],[39.237019,21.484766],[39.237019,21.484765],[39.237019,21.484764],[39.237019,21.484763],[39.237019,21.484762],[39.23702,21.484761],[39.23702,21.48476],[39.237021,21.484759],[39.237022,21.484758],[39.237022,21.484757],[39.237023,21.484756],[39.237024,21.484755],[39.237025,21.484755],[39.237026,21.484754],[39.237027,21.484753],[39.237028,21.484753],[39.237029,21.484752],[39.23703,21.484752],[39.237031,21.484751],[39.237032,21.484751],[39.237034,21.484751],[39.237035,21.48475],[39.237036,21.48475],[39.237223,21.484734],[39.237227,21.484734],[39.23723,21.484734],[39.237233,21.484734],[39.237237,21.484735],[39.23724,21.484736],[39.237243,21.484736],[39.237246,21.484738],[39.237247,21.484738],[39.237248,21.484738],[39.237248,21.484739],[39.237249,21.484739],[39.237249,21.484739],[39.23725,21.48474],[39.23725,21.48474],[39.237251,21.484741],[39.237251,21.484742],[39.237252,21.484742],[39.237252,21.484743],[39.237252,21.484743],[39.237253,21.484744],[39.237253,21.484745],[39.237253,21.484746],[39.237253,21.484746],[39.237253,21.484747],[39.237253,21.484748],[39.237253,21.484748],[39.237253,21.484749],[39.237253,21.48475],[39.23727,21.484919],[39.23727,21.484921],[39.23727,21.484922],[39.23727,21.484923],[39.237269,21.484924],[39.237269,21.484926],[39.237269,21.484927],[39.237268,21.484928],[39.237267,21.484929],[39.237267,21.48493],[39.237266,21.484931],[39.237265,21.484932],[39.237264,21.484933],[39.237263,21.484934],[39.237262,21.484935],[39.237261,21.484936],[39.23726,21.484937],[39.237259,21.484937],[39.237257,21.484938],[39.237256,21.484938],[39.237255,21.484939],[39.237254,21.484939],[39.237252,21.484939],[39.237329,21.484932],[39.237328,21.484932],[39.237328,21.484932],[39.237327,21.484932],[39.237326,21.484932],[39.237326,21.484932],[39.237325,21.484932],[39.237324,21.484932],[39.237324,21.484931],[39.237323,21.484931],[39.237322,21.484931],[39.237322,21.48493],[39.237321,21.48493],[39.237321,21.484929],[39.23732,21.484929],[39.23732,21.484928],[39.23732,21.484928],[39.237319,21.484927],[39.237319,21.484927],[39.237319,21.484926],[39.237319,21.484925],[39.237319,21.484925],[39.237318,21.484924],[39.237316,21.484899],[39.237316,21.484899],[39.237316,21.484898],[39.237316,21.484898],[39.237316,21.484897],[39.237317,21.484896],[39.237317,21.484896],[39.237317,21.484895],[39.237317,21.484895],[39.237318,21.484894],[39.237318,21.484894],[39.237318,21.484893],[39.237319,21.484893],[39.237319,21.484893],[39.23732,21.484892],[39.23732,21.484892],[39.237321,21.484891],[39.237321,21.484891],[39.237322,21.484891],[39.237323,21.484891],[39.237323,21.48489],[39.237324,21.48489],[39.237325,21.48489],[39.237325,21.48489],[39.237326,21.48489],[39.237327,21.48489],[39.237327,21.48489],[39.237328,21.48489],[39.237328,21.48489],[39.237329,21.484891],[39.23733,21.484891],[39.23733,21.484891],[39.237331,21.484891],[39.237331,21.484892],[39.237332,21.484892],[39.237332,21.484892],[39.237333,21.484893],[39.237333,21.484893],[39.237334,21.484894],[39.237334,21.484894],[39.237334,21.484895],[39.237335,21.484895],[39.237335,21.484896],[39.237335,21.484896],[39.237335,21.484897],[39.237336,21.484898],[39.237336,21.484898],[39.237337,21.484916],[39.237712,21.484884],[39.23771,21.484865],[39.23771,21.484865],[39.23771,21.484864],[39.23771,21.484864],[39.23771,21.484863],[39.237711,21.484863],[39.237711,21.484862],[39.237711,21.484862],[39.237711,21.484861],[39.237711,21.484861],[39.237712,21.484861],[39.237712,21.48486],[39.237712,21.48486],[39.237713,21.484859],[39.237713,21.484859],[39.237713,21.484859],[39.237714,21.484858],[39.237715,21.484858],[39.237715,21.484858],[39.237716,21.484857],[39.237717,21.484857],[39.237718,21.484857],[39.237718,21.484856],[39.237719,21.484856],[39.23772,21.484856],[39.237721,21.484856],[39.237721,21.484856],[39.237786,21.484851],[39.237786,21.484851],[39.237787,21.484851],[39.237788,21.484851],[39.237788,21.484851],[39.237789,21.484851],[39.23779,21.484851],[39.23779,21.484851],[39.237791,21.484852],[39.237792,21.484852],[39.237792,21.484852],[39.237793,21.484853],[39.237793,21.484853],[39.237794,21.484854],[39.237794,21.484854],[39.237795,21.484855],[39.237795,21.484855],[39.237795,21.484856],[39.237796,21.484856],[39.237796,21.484857],[39.237796,21.484858],[39.237796,21.484858],[39.237796,21.484859],[39.237797,21.484867],[39.237866,21.484862],[39.237859,21.484859],[39.237858,21.484859],[39.237858,21.484859],[39.237857,21.484859],[39.237857,21.484858],[39.237857,21.484858],[39.237856,21.484858],[39.237856,21.484857],[39.237856,21.484857],[39.237855,21.484857],[39.237855,21.484856],[39.237855,21.484856],[39.237854,21.484856],[39.237854,21.484855],[39.237854,21.484855],[39.237854,21.484854],[39.237854,21.484854],[39.237854,21.484854],[39.237854,21.484853],[39.237854,21.484853],[39.237854,21.484852],[39.237854,21.484852],[39.237854,21.484851],[39.237854,21.484851],[39.237854,21.484851],[39.237854,21.48485],[39.237854,21.48485],[39.237855,21.48485],[39.237855,21.484849],[39.237855,21.484849],[39.237855,21.484849],[39.237856,21.484848],[39.237856,21.484848],[39.237856,21.484848],[39.237856,21.484847],[39.237856,21.484847],[39.237857,21.484847],[39.237857,21.484847],[39.237857,21.484846],[39.237857,21.484846],[39.237858,21.484846],[39.237858,21.484846],[39.237858,21.484845],[39.237858,21.484845],[39.237859,21.484845],[39.237859,21.484845],[39.23786,21.484845],[39.23786,21.484845],[39.23786,21.484845],[39.237861,21.484845],[39.237861,21.484844],[39.237862,21.484844],[39.237862,21.484844],[39.237863,21.484844],[39.237911,21.48484],[39.237877,21.484518],[39.237832,21.484522],[39.237829,21.484232],[39.235086,21.484468],[39.235089,21.484495],[39.235074,21.484496],[39.23512,21.484957],[39.235427,21.484929],[39.235425,21.484902],[39.235427,21.484896],[39.235436,21.484893],[39.235604,21.48488],[39.235611,21.484882],[39.235613,21.484886],[39.235628,21.485049],[39.236124,21.485005]]]]},"properties":{"capacity":331.0,"subtype":1,"branch":"السليمانية","area_sqm":14487.716,"parking_id":"NET_PARKING_LOTS-000306"}},{"type":"Feature","id":"NET_PARKING_LOTS-000307","geometry":{"type":"MultiPolygon","coordinates":[[[[39.23809,21.499502],[39.238083,21.499451],[39.238124,21.499446],[39.238094,21.499242],[39.238054,21.499247],[39.238043,21.499169],[39.23811,21.499162],[39.238116,21.499213],[39.238229,21.499199],[39.238224,21.499165],[39.238224,21.499164],[39.238224,21.499163],[39.238224,21.499162],[39.238224,21.499161],[39.238224,21.49916],[39.238225,21.499159],[39.238225,21.499158],[39.238225,21.499158],[39.238226,21.499157],[39.238226,21.499156],[39.238227,21.499155],[39.238227,21.499154],[39.238228,21.499154],[39.238229,21.499153],[39.238229,21.499152],[39.23823,21.499152],[39.238231,21.499151],[39.238232,21.499151],[39.238233,21.49915],[39.238234,21.49915],[39.238234,21.49915],[39.238235,21.499149],[39.238236,21.499149],[39.238237,21.499149],[39.238238,21.499149],[39.238239,21.499149],[39.23824,21.499149],[39.238241,21.499149],[39.238242,21.499149],[39.238243,21.499149],[39.238244,21.49915],[39.238245,21.49915],[39.238246,21.499151],[39.238247,21.499151],[39.238248,21.499152],[39.238249,21.499152],[39.238249,21.499153],[39.23825,21.499153],[39.238251,21.499154],[39.238251,21.499155],[39.238252,21.499156],[39.238252,21.499157],[39.238253,21.499157],[39.238253,21.499158],[39.238253,21.499159],[39.238253,21.49916],[39.238254,21.499161],[39.238265,21.499251],[39.238319,21.499243],[39.238294,21.499075],[39.238257,21.499078],[39.238256,21.499079],[39.238255,21.499079],[39.238254,21.499079],[39.238253,21.499078],[39.238251,21.499078],[39.23825,21.499078],[39.238249,21.499078],[39.238248,21.499077],[39.238247,21.499077],[39.238246,21.499076],[39.238245,21.499076],[39.238245,21.499075],[39.238244,21.499074],[39.238243,21.499074],[39.238242,21.499073],[39.238242,21.499072],[39.238241,21.499071],[39.238241,21.49907],[39.23824,21.499069],[39.23824,21.499068],[39.238239,21.499067],[39.238239,21.499066],[39.238239,21.499065],[39.238234,21.499026],[39.2382,21.499031],[39.238136,21.498638],[39.238092,21.498644],[39.238074,21.498563],[39.238074,21.498559],[39.238073,21.498554],[39.238074,21.49855],[39.238074,21.498546],[39.238075,21.498541],[39.238076,21.498537],[39.238077,21.498533],[39.238079,21.498529],[39.238081,21.498525],[39.238083,21.498522],[39.238086,21.498518],[39.238088,21.498515],[39.238091,21.498511],[39.238095,21.498508],[39.238098,21.498505],[39.238102,21.498503],[39.238106,21.4985],[39.237958,21.498518],[39.237964,21.49852],[39.237969,21.498522],[39.237974,21.498525],[39.237978,21.498527],[39.237983,21.49853],[39.237987,21.498534],[39.237991,21.498537],[39.237995,21.498541],[39.237999,21.498545],[39.238002,21.498549],[39.238005,21.498554],[39.238008,21.498558],[39.23801,21.498563],[39.238011,21.498573],[39.23802,21.498641],[39.237773,21.498671],[39.237769,21.498668],[39.237765,21.498665],[39.237761,21.498662],[39.237758,21.498659],[39.237755,21.498655],[39.237752,21.498651],[39.237749,21.498647],[39.237743,21.498648],[39.237742,21.498644],[39.237722,21.498646],[39.237722,21.498645],[39.237737,21.498644],[39.237737,21.498642],[39.237742,21.498641],[39.237742,21.498638],[39.237744,21.498638],[39.237742,21.498633],[39.23774,21.498628],[39.237739,21.498622],[39.237738,21.498617],[39.237737,21.498612],[39.237737,21.498606],[39.237737,21.498601],[39.237738,21.498596],[39.237739,21.49859],[39.23774,21.498585],[39.237742,21.49858],[39.237744,21.498575],[39.237747,21.49857],[39.23775,21.498566],[39.237753,21.498561],[39.237757,21.498557],[39.237761,21.498553],[39.237765,21.49855],[39.237769,21.498546],[39.237774,21.498543],[39.237779,21.49854],[39.237588,21.498564],[39.237593,21.498563],[39.237598,21.498563],[39.237603,21.498563],[39.237608,21.498564],[39.237612,21.498565],[39.237617,21.498566],[39.237622,21.498567],[39.237626,21.498569],[39.237631,21.498571],[39.237635,21.498573],[39.237639,21.498575],[39.237643,21.498578],[39.237647,21.498581],[39.23765,21.498584],[39.237654,21.498588],[39.237657,21.498591],[39.23766,21.498595],[39.237662,21.498599],[39.237664,21.498603],[39.237666,21.498607],[39.237668,21.498612],[39.237669,21.498616],[39.23767,21.498621],[39.237674,21.498644],[39.237674,21.498645],[39.237674,21.498647],[39.237673,21.498649],[39.237672,21.498651],[39.237671,21.498653],[39.23767,21.498655],[39.237669,21.498656],[39.237668,21.498658],[39.237667,21.498659],[39.237665,21.498661],[39.237664,21.498662],[39.237662,21.498663],[39.237661,21.498665],[39.237659,21.498666],[39.237657,21.498667],[39.237655,21.498667],[39.237653,21.498668],[39.237651,21.498669],[39.237649,21.498669],[39.237647,21.49867],[39.237645,21.49867],[39.237594,21.498675],[39.237592,21.498675],[39.237589,21.498675],[39.237587,21.498674],[39.237585,21.498674],[39.237582,21.498673],[39.23758,21.498672],[39.237578,21.498671],[39.237576,21.49867],[39.237574,21.498669],[39.237572,21.498667],[39.237571,21.498666],[39.237569,21.498664],[39.237567,21.498662],[39.237566,21.498661],[39.237565,21.498659],[39.237563,21.498654],[39.237562,21.498648],[39.237561,21.498643],[39.23756,21.498637],[39.237559,21.498632],[39.237559,21.498626],[39.237559,21.498621],[39.237558,21.498618],[39.237558,21.498614],[39.237557,21.498611],[39.237556,21.498607],[39.237554,21.498604],[39.237553,21.498601],[39.237551,21.498598],[39.237549,21.498595],[39.237547,21.498592],[39.237496,21.498599],[39.237506,21.498603],[39.237514,21.49861],[39.237521,21.498636],[39.237525,21.498654],[39.237523,21.498667],[39.237513,21.498681],[39.237499,21.498687],[39.23737,21.498701],[39.237366,21.498658],[39.236838,21.498722],[39.236845,21.498771],[39.236765,21.49878],[39.236748,21.498783],[39.236743,21.49875],[39.236686,21.498757],[39.236684,21.498757],[39.236683,21.498757],[39.236681,21.498757],[39.236679,21.498757],[39.236677,21.498757],[39.236676,21.498756],[39.236674,21.498756],[39.236673,21.498755],[39.236671,21.498755],[39.23667,21.498754],[39.236668,21.498753],[39.236667,21.498752],[39.236666,21.498751],[39.236665,21.49875],[39.236664,21.498748],[39.236663,21.498747],[39.236662,21.498746],[39.236661,21.498744],[39.23666,21.498743],[39.23666,21.498741],[39.236659,21.49874],[39.236657,21.49872],[39.23666,21.498697],[39.236674,21.49868],[39.236688,21.498674],[39.236476,21.498701],[39.236507,21.498711],[39.236521,21.498734],[39.236525,21.498765],[39.236525,21.498765],[39.236525,21.498766],[39.236525,21.498767],[39.236525,21.498768],[39.236525,21.498768],[39.236525,21.498769],[39.236525,21.49877],[39.236524,21.498771],[39.236524,21.498771],[39.236524,21.498772],[39.236523,21.498773],[39.236523,21.498773],[39.236522,21.498774],[39.236521,21.498774],[39.236521,21.498775],[39.23652,21.498775],[39.236519,21.498776],[39.236519,21.498776],[39.236518,21.498776],[39.236517,21.498777],[39.236516,21.498777],[39.236476,21.498782],[39.236438,21.498755],[39.23642,21.498775],[39.236398,21.498759],[39.236381,21.49878],[39.236359,21.498764],[39.236342,21.498784],[39.23632,21.498769],[39.236302,21.498789],[39.236281,21.498774],[39.236264,21.498794],[39.236242,21.498779],[39.236224,21.498799],[39.236202,21.498784],[39.236185,21.498804],[39.236163,21.498788],[39.236146,21.49881],[39.236124,21.498793],[39.236109,21.498811],[39.236124,21.498822],[39.236129,21.498835],[39.236119,21.498844],[39.236058,21.498851],[39.236049,21.49885],[39.236041,21.498845],[39.236046,21.498879],[39.236046,21.498878],[39.236046,21.498877],[39.236046,21.498877],[39.236046,21.498876],[39.236046,21.498875],[39.236047,21.498875],[39.236047,21.498874],[39.236047,21.498873],[39.236048,21.498873],[39.236048,21.498872],[39.236049,21.498872],[39.236049,21.498871],[39.23605,21.498871],[39.23605,21.49887],[39.236051,21.49887],[39.236052,21.49887],[39.236052,21.498869],[39.236053,21.498869],[39.236054,21.498869],[39.236054,21.498869],[39.236055,21.498869],[39.236056,21.498869],[39.236057,21.498868],[39.236057,21.498869],[39.236058,21.498869],[39.236059,21.498869],[39.23606,21.498869],[39.23606,21.498869],[39.236061,21.498869],[39.236062,21.49887],[39.236062,21.49887],[39.236063,21.49887],[39.236063,21.498871],[39.236064,21.498871],[39.236065,21.498872],[39.236065,21.498872],[39.236066,21.498873],[39.236066,21.498873],[39.236066,21.498874],[39.236067,21.498875],[39.236067,21.498875],[39.236067,21.498876],[39.236067,21.498877],[39.236068,21.498877],[39.236068,21.498878],[39.236069,21.49889],[39.236058,21.498899],[39.236081,21.499059],[39.236107,21.499055],[39.236116,21.499117],[39.23615,21.499113],[39.236144,21.499068],[39.236148,21.499067],[39.236183,21.499093],[39.236198,21.499075],[39.236175,21.499056],[39.236192,21.499035],[39.23617,21.499018],[39.236186,21.498996],[39.236156,21.498973],[39.236145,21.498904],[39.236147,21.498896],[39.236155,21.498891],[39.23648,21.498851],[39.23649,21.498853],[39.236496,21.498861],[39.236528,21.499087],[39.236742,21.499061],[39.236735,21.499014],[39.2368,21.499007],[39.23688,21.498997],[39.236882,21.499013],[39.236894,21.499011],[39.236892,21.498995],[39.236928,21.498991],[39.236928,21.498991],[39.236929,21.498991],[39.236929,21.498991],[39.236929,21.498991],[39.23693,21.498991],[39.23693,21.498991],[39.236931,21.498991],[39.236931,21.498991],[39.236931,21.498991],[39.236932,21.498992],[39.236932,21.498992],[39.236932,21.498992],[39.236932,21.498992],[39.236933,21.498993],[39.236933,21.498993],[39.236933,21.498993],[39.236933,21.498994],[39.236933,21.498994],[39.236934,21.498994],[39.236934,21.498995],[39.236934,21.498995],[39.236939,21.499036],[39.237369,21.498984],[39.237361,21.498933],[39.237361,21.498932],[39.237361,21.498932],[39.237361,21.498931],[39.237362,21.49893],[39.237362,21.498929],[39.237362,21.498929],[39.237362,21.498928],[39.237363,21.498928],[39.237363,21.498927],[39.237364,21.498926],[39.237364,21.498926],[39.237364,21.498925],[39.237365,21.498925],[39.237366,21.498924],[39.237366,21.498924],[39.237367,21.498924],[39.237368,21.498923],[39.237368,21.498923],[39.237369,21.498923],[39.237438,21.498914],[39.237418,21.498764],[39.237358,21.498771],[39.237358,21.498771],[39.237357,21.498771],[39.237357,21.498771],[39.237356,21.498771],[39.237356,21.498771],[39.237355,21.498771],[39.237355,21.498771],[39.237355,21.49877],[39.237354,21.49877],[39.237354,21.49877],[39.237353,21.49877],[39.237353,21.49877],[39.237352,21.498769],[39.237352,21.498769],[39.237352,21.498769],[39.237351,21.498768],[39.237351,21.498768],[39.237351,21.498768],[39.237351,21.498767],[39.23735,21.498767],[39.23735,21.498767],[39.23735,21.498766],[39.23735,21.498766],[39.23735,21.498765],[39.23735,21.498765],[39.23735,21.498764],[39.23735,21.498764],[39.23735,21.498763],[39.23735,21.498763],[39.23735,21.498763],[39.23735,21.498762],[39.23735,21.498762],[39.23735,21.498761],[39.23735,21.498761],[39.237351,21.49876],[39.237351,21.49876],[39.237351,21.49876],[39.237352,21.498759],[39.237352,21.498759],[39.237352,21.498759],[39.237353,21.498759],[39.237353,21.498758],[39.237354,21.498758],[39.237354,21.498758],[39.237354,21.498758],[39.237355,21.498758],[39.237355,21.498758],[39.237356,21.498757],[39.237356,21.498757],[39.237357,21.498757],[39.237357,21.498757],[39.237489,21.498744],[39.237563,21.499269],[39.237571,21.499268],[39.237572,21.499277],[39.237564,21.499278],[39.237568,21.499307],[39.237576,21.499306],[39.237578,21.499314],[39.237569,21.499315],[39.237604,21.499561],[39.23809,21.499502]]]]},"properties":{"capacity":329.0,"subtype":1,"branch":"السليمانية","area_sqm":10492.33,"parking_id":"NET_PARKING_LOTS-000307"}},{"type":"Feature","id":"NET_PARKING_LOTS-000308","geometry":{"type":"MultiPolygon","coordinates":[[[[39.23902,21.485495],[39.238998,21.485497],[39.238998,21.485498],[39.238628,21.48553],[39.23853,21.485539],[39.238192,21.485568],[39.238197,21.485578],[39.238198,21.48558],[39.238199,21.485583],[39.2382,21.485586],[39.238201,21.485589],[39.238201,21.485592],[39.238202,21.485594],[39.238202,21.485597],[39.238257,21.486768],[39.238257,21.48677],[39.238257,21.486772],[39.238258,21.486774],[39.238258,21.486776],[39.238259,21.486777],[39.23826,21.486779],[39.238261,21.486781],[39.238262,21.486782],[39.238263,21.486784],[39.238265,21.486785],[39.238266,21.486787],[39.238268,21.486788],[39.238269,21.486789],[39.238271,21.48679],[39.238273,21.486791],[39.238275,21.486792],[39.238276,21.486793],[39.238278,21.486793],[39.23828,21.486794],[39.238282,21.486794],[39.238285,21.486794],[39.238287,21.486794],[39.238289,21.486794],[39.238701,21.486757],[39.239033,21.486729],[39.239036,21.486729],[39.239039,21.486729],[39.239041,21.486728],[39.239044,21.486727],[39.239046,21.486727],[39.239049,21.486726],[39.239051,21.486724],[39.239054,21.486723],[39.239056,21.486722],[39.239058,21.48672],[39.23906,21.486718],[39.239062,21.486716],[39.239063,21.486714],[39.239065,21.486712],[39.239066,21.48671],[39.239067,21.486708],[39.239068,21.486705],[39.239069,21.486703],[39.23907,21.4867],[39.23907,21.486698],[39.239071,21.486695],[39.239068,21.486582],[39.239046,21.485517],[39.239045,21.485511],[39.239044,21.485509],[39.239043,21.485508],[39.239042,21.485506],[39.239041,21.485505],[39.23904,21.485503],[39.239039,21.485502],[39.239037,21.485501],[39.239036,21.4855],[39.239034,21.485499],[39.239033,21.485498],[39.239031,21.485497],[39.239029,21.485497],[39.239027,21.485496],[39.239026,21.485496],[39.239024,21.485495],[39.239022,21.485495],[39.23902,21.485495]]]]},"properties":{"capacity":213.0,"subtype":1,"branch":"السليمانية","area_sqm":11718.761,"parking_id":"NET_PARKING_LOTS-000308"}},{"type":"Feature","id":"NET_PARKING_LOTS-000309","geometry":{"type":"MultiPolygon","coordinates":[[[[39.236273,21.498328],[39.237535,21.498169],[39.237432,21.497414],[39.236826,21.497493],[39.236835,21.497557],[39.236767,21.497649],[39.236796,21.497866],[39.236218,21.497939],[39.236273,21.498328]]]]},"properties":{"capacity":236.0,"subtype":1,"branch":"السليمانية","area_sqm":8548.706,"parking_id":"NET_PARKING_LOTS-000309"}},{"type":"Feature","id":"NET_PARKING_LOTS-000310","geometry":{"type":"MultiPolygon","coordinates":[[[[39.25185,21.491653],[39.252324,21.49161],[39.252286,21.491225],[39.251869,21.491273],[39.251864,21.491229],[39.251799,21.491234],[39.25185,21.491653]]]]},"properties":{"capacity":92.0,"subtype":1,"branch":"السليمانية","area_sqm":2131.498,"parking_id":"NET_PARKING_LOTS-000310"}},{"type":"Feature","id":"NET_PARKING_LOTS-000311","geometry":{"type":"MultiPolygon","coordinates":[[[[39.251716,21.492186],[39.25184,21.492174],[39.251835,21.492134],[39.251711,21.492145],[39.251716,21.492186]]]]},"properties":{"capacity":5.0,"subtype":1,"branch":"السليمانية","area_sqm":58.064,"parking_id":"NET_PARKING_LOTS-000311"}},{"type":"Feature","id":"NET_PARKING_LOTS-000312","geometry":{"type":"MultiPolygon","coordinates":[[[[39.252698,21.49294],[39.252584,21.492185],[39.251915,21.492269],[39.252002,21.492889],[39.252034,21.493116],[39.252071,21.493105],[39.252671,21.493036],[39.25267,21.492973],[39.252672,21.492973],[39.252674,21.492973],[39.252676,21.492973],[39.252677,21.492972],[39.252679,21.492972],[39.252681,21.492971],[39.252683,21.49297],[39.252685,21.492969],[39.252686,21.492968],[39.252688,21.492967],[39.252689,21.492966],[39.252691,21.492965],[39.252692,21.492964],[39.252693,21.492962],[39.252694,21.492961],[39.252695,21.492959],[39.252696,21.492957],[39.252697,21.492956],[39.252697,21.492954],[39.252698,21.492952],[39.252698,21.492951],[39.252698,21.492949],[39.252699,21.492947],[39.252699,21.492945],[39.252698,21.492943],[39.252698,21.492942],[39.252698,21.49294]]]]},"properties":{"capacity":195.0,"subtype":1,"branch":"السليمانية","area_sqm":6603.91,"parking_id":"NET_PARKING_LOTS-000312"}},{"type":"Feature","id":"NET_PARKING_LOTS-000313","geometry":{"type":"MultiPolygon","coordinates":[[[[39.232783,21.492636],[39.234645,21.492407],[39.23462,21.492226],[39.232758,21.492455],[39.232783,21.492636]]]]},"properties":{"capacity":118.0,"subtype":1,"branch":"السليمانية","area_sqm":3926.73,"parking_id":"NET_PARKING_LOTS-000313"}},{"type":"Feature","id":"NET_PARKING_LOTS-000314","geometry":{"type":"MultiPolygon","coordinates":[[[[39.248866,21.499493],[39.248877,21.49944],[39.248962,21.499455],[39.248973,21.499398],[39.248978,21.499398],[39.24903,21.499407],[39.249049,21.499304],[39.248992,21.499295],[39.249014,21.499187],[39.249069,21.499194],[39.249188,21.498567],[39.24913,21.498558],[39.249156,21.498429],[39.249173,21.498432],[39.249212,21.498436],[39.249296,21.497996],[39.249239,21.497987],[39.249255,21.497895],[39.249174,21.49788],[39.249184,21.497829],[39.248127,21.497659],[39.248119,21.497705],[39.248032,21.497692],[39.248018,21.497776],[39.248014,21.497776],[39.247961,21.497767],[39.247918,21.498018],[39.247972,21.498026],[39.247935,21.49822],[39.247881,21.498213],[39.247735,21.498966],[39.247779,21.498975],[39.24778,21.498975],[39.247781,21.498975],[39.247783,21.498976],[39.247784,21.498976],[39.247785,21.498977],[39.247786,21.498978],[39.247788,21.498978],[39.247789,21.498979],[39.24779,21.49898],[39.247791,21.498981],[39.247791,21.498982],[39.247792,21.498983],[39.247793,21.498984],[39.247794,21.498985],[39.247794,21.498987],[39.247795,21.498988],[39.247795,21.498989],[39.247795,21.49899],[39.247796,21.498992],[39.247796,21.498993],[39.247796,21.498994],[39.24778,21.499074],[39.247619,21.499261],[39.246763,21.499124],[39.246758,21.499179],[39.247611,21.499326],[39.247745,21.499252],[39.247859,21.499271],[39.24786,21.499271],[39.247861,21.499271],[39.247862,21.499271],[39.247863,21.499271],[39.247864,21.499272],[39.247866,21.499272],[39.247867,21.499272],[39.247868,21.499273],[39.247869,21.499274],[39.24787,21.499274],[39.247871,21.499275],[39.247872,21.499276],[39.247872,21.499276],[39.247873,21.499277],[39.247874,21.499278],[39.247874,21.499279],[39.247875,21.49928],[39.247875,21.499281],[39.247876,21.499282],[39.247876,21.499283],[39.247876,21.499284],[39.247877,21.499286],[39.247877,21.499287],[39.247877,21.499288],[39.247877,21.499289],[39.247876,21.49929],[39.247876,21.499291],[39.247876,21.499292],[39.247875,21.499293],[39.247868,21.499331],[39.248866,21.499493]]]]},"properties":{"capacity":629.0,"subtype":1,"branch":"السليمانية","area_sqm":25999.111,"parking_id":"NET_PARKING_LOTS-000314"}},{"type":"Feature","id":"NET_PARKING_LOTS-000315","geometry":{"type":"MultiPolygon","coordinates":[[[[39.245483,21.496977],[39.246123,21.497087],[39.24617,21.49685],[39.245529,21.496739],[39.245483,21.496977]]]]},"properties":{"capacity":60.0,"subtype":1,"branch":"السليمانية","area_sqm":1804.44,"parking_id":"NET_PARKING_LOTS-000315"}},{"type":"Feature","id":"NET_PARKING_LOTS-000316","geometry":{"type":"MultiPolygon","coordinates":[[[[39.246717,21.497173],[39.247357,21.497283],[39.247404,21.497045],[39.246764,21.496935],[39.246717,21.497173]]]]},"properties":{"capacity":60.0,"subtype":1,"branch":"السليمانية","area_sqm":1804.44,"parking_id":"NET_PARKING_LOTS-000316"}},{"type":"Feature","id":"NET_PARKING_LOTS-000317","geometry":{"type":"MultiPolygon","coordinates":[[[[39.245286,21.496909],[39.245294,21.496908],[39.245302,21.496907],[39.24531,21.496905],[39.245318,21.496903],[39.245326,21.4969],[39.245333,21.496897],[39.24534,21.496893],[39.245347,21.496889],[39.245354,21.496885],[39.24536,21.49688],[39.245366,21.496874],[39.245372,21.496869],[39.245377,21.496863],[39.245382,21.496856],[39.245386,21.49685],[39.245389,21.496843],[39.245393,21.496836],[39.245395,21.496828],[39.245397,21.496821],[39.245399,21.496813],[39.2454,21.496805],[39.2454,21.496798],[39.2454,21.49679],[39.2454,21.496782],[39.245398,21.496775],[39.245397,21.496767],[39.245394,21.49676],[39.245391,21.496753],[39.245388,21.496745],[39.245384,21.496739],[39.24538,21.496732],[39.245375,21.496726],[39.24537,21.49672],[39.245364,21.496714],[39.245358,21.496709],[39.245351,21.496704],[39.245345,21.4967],[39.245337,21.496696],[39.24533,21.496692],[39.244263,21.496534],[39.24426,21.496534],[39.244258,21.496534],[39.244255,21.496534],[39.244253,21.496533],[39.24425,21.496532],[39.244248,21.496532],[39.244246,21.496531],[39.244244,21.49653],[39.244242,21.496528],[39.24424,21.496527],[39.244238,21.496525],[39.244236,21.496524],[39.244234,21.496522],[39.244233,21.49652],[39.244232,21.496518],[39.24423,21.496516],[39.244229,21.496514],[39.244228,21.496512],[39.244228,21.496509],[39.244227,21.496507],[39.244227,21.496505],[39.244227,21.496502],[39.244227,21.4965],[39.244227,21.496498],[39.244227,21.496495],[39.244228,21.496493],[39.244229,21.496491],[39.244229,21.496489],[39.24423,21.496487],[39.244312,21.496083],[39.244314,21.496077],[39.244315,21.49607],[39.244316,21.496063],[39.244316,21.496056],[39.244316,21.49605],[39.244315,21.496043],[39.244314,21.496036],[39.244312,21.496029],[39.24431,21.496023],[39.244307,21.496016],[39.244304,21.49601],[39.2443,21.496004],[39.244296,21.495999],[39.244292,21.495993],[39.244287,21.495988],[39.244282,21.495983],[39.244276,21.495979],[39.24427,21.495975],[39.244264,21.495971],[39.244257,21.495968],[39.244251,21.495965],[39.244244,21.495963],[39.244237,21.495961],[39.24423,21.495959],[39.244223,21.495958],[39.244215,21.495958],[39.244208,21.495957],[39.244201,21.495958],[39.244193,21.495959],[39.244186,21.49596],[39.244179,21.495962],[39.244172,21.495964],[39.244165,21.495967],[39.244159,21.49597],[39.244153,21.495973],[39.244147,21.495977],[39.244141,21.495981],[39.244136,21.495986],[39.244131,21.495991],[39.244126,21.495996],[39.244122,21.496002],[39.244118,21.496008],[39.244114,21.496014],[39.244111,21.49602],[39.244109,21.496026],[39.244107,21.496033],[39.244106,21.49604],[39.243993,21.496699],[39.245286,21.496909]]]]},"properties":{"capacity":130.0,"subtype":1,"branch":"السليمانية","area_sqm":4635.298,"parking_id":"NET_PARKING_LOTS-000317"}},{"type":"Feature","id":"NET_PARKING_LOTS-000318","geometry":{"type":"MultiPolygon","coordinates":[[[[39.248484,21.497446],[39.248491,21.497447],[39.248498,21.497448],[39.248506,21.497449],[39.248513,21.497449],[39.24852,21.497449],[39.248528,21.497448],[39.248535,21.497446],[39.248542,21.497445],[39.248549,21.497442],[39.248556,21.49744],[39.248563,21.497437],[39.248569,21.497433],[39.248575,21.497429],[39.248581,21.497425],[39.248586,21.49742],[39.248591,21.497415],[39.248596,21.49741],[39.2486,21.497404],[39.248604,21.497398],[39.248608,21.497392],[39.24861,21.497386],[39.248613,21.497379],[39.248615,21.497373],[39.248616,21.497366],[39.248617,21.497359],[39.248618,21.497352],[39.248618,21.497345],[39.248617,21.497338],[39.248616,21.497332],[39.248615,21.497325],[39.248613,21.497318],[39.24861,21.497312],[39.248607,21.497305],[39.248604,21.497299],[39.2486,21.497293],[39.248596,21.497288],[39.248591,21.497282],[39.248586,21.497277],[39.24858,21.497273],[39.248575,21.497268],[39.248568,21.497265],[39.248562,21.497261],[39.248555,21.497258],[39.248549,21.497255],[39.248542,21.497253],[39.248535,21.497251],[39.248527,21.49725],[39.247649,21.497101],[39.247639,21.497104],[39.247629,21.497107],[39.247619,21.497111],[39.247609,21.497116],[39.2476,21.497121],[39.247591,21.497127],[39.247583,21.497134],[39.247575,21.49714],[39.247568,21.497148],[39.247561,21.497156],[39.247555,21.497164],[39.247549,21.497173],[39.247544,21.497181],[39.24754,21.497191],[39.247536,21.4972],[39.247533,21.49721],[39.247531,21.49722],[39.247529,21.49723],[39.247529,21.49724],[39.247528,21.49725],[39.247529,21.49726],[39.24753,21.49727],[39.247532,21.49728],[39.248484,21.497446]]]]},"properties":{"capacity":90.0,"subtype":1,"branch":"السليمانية","area_sqm":2390.755,"parking_id":"NET_PARKING_LOTS-000318"}},{"type":"Feature","id":"NET_PARKING_LOTS-000319","geometry":{"type":"MultiPolygon","coordinates":[[[[39.249467,21.497083],[39.249476,21.497031],[39.249534,21.497039],[39.249771,21.495816],[39.249315,21.495742],[39.249247,21.496092],[39.249164,21.496078],[39.249121,21.496303],[39.24888,21.496271],[39.248732,21.496968],[39.249467,21.497083]]]]},"properties":{"capacity":250.0,"subtype":1,"branch":"السليمانية","area_sqm":9795.115,"parking_id":"NET_PARKING_LOTS-000319"}},{"type":"Feature","id":"NET_PARKING_LOTS-000320","geometry":{"type":"MultiPolygon","coordinates":[[[[39.249795,21.495693],[39.24984,21.495473],[39.249361,21.495385],[39.249352,21.495389],[39.249343,21.495393],[39.249335,21.495398],[39.249327,21.495403],[39.24932,21.495409],[39.249313,21.495415],[39.249306,21.495422],[39.2493,21.495429],[39.249295,21.495436],[39.24929,21.495444],[39.249285,21.495452],[39.249282,21.495461],[39.249278,21.495469],[39.249276,21.495478],[39.249274,21.495487],[39.249272,21.495495],[39.249271,21.495504],[39.249271,21.495514],[39.249272,21.495523],[39.249273,21.495532],[39.249275,21.49554],[39.249277,21.495549],[39.24928,21.495558],[39.249284,21.495566],[39.249288,21.495574],[39.249293,21.495582],[39.249298,21.49559],[39.249304,21.495597],[39.249311,21.495604],[39.249318,21.49561],[39.249325,21.495616],[39.249795,21.495693]]]]},"properties":{"capacity":90.0,"subtype":1,"branch":"السليمانية","area_sqm":1397.309,"parking_id":"NET_PARKING_LOTS-000320"}},{"type":"Feature","id":"NET_PARKING_LOTS-000321","geometry":{"type":"MultiPolygon","coordinates":[[[[39.250742,21.491703],[39.250638,21.490961],[39.250032,21.491031],[39.250124,21.491712],[39.250133,21.49178],[39.250134,21.491787],[39.250743,21.491711],[39.250742,21.491703]]]]},"properties":{"capacity":155.0,"subtype":1,"branch":"السليمانية","area_sqm":5330.654,"parking_id":"NET_PARKING_LOTS-000321"}},{"type":"Feature","id":"NET_PARKING_LOTS-000322","geometry":{"type":"MultiPolygon","coordinates":[[[[39.251551,21.491611],[39.251447,21.490869],[39.250841,21.490939],[39.250933,21.49162],[39.250943,21.491688],[39.250944,21.491695],[39.251553,21.491619],[39.251551,21.491611]]]]},"properties":{"capacity":155.0,"subtype":1,"branch":"السليمانية","area_sqm":5330.654,"parking_id":"NET_PARKING_LOTS-000322"}},{"type":"Feature","id":"NET_PARKING_LOTS-000323","geometry":{"type":"MultiPolygon","coordinates":[[[[39.246576,21.49144],[39.24658,21.491435],[39.246587,21.491432],[39.246661,21.491423],[39.246636,21.491209],[39.246574,21.491217],[39.246568,21.491177],[39.246297,21.49121],[39.246303,21.491251],[39.246301,21.491258],[39.246296,21.491261],[39.246262,21.491265],[39.246256,21.491263],[39.246252,21.491258],[39.246247,21.491217],[39.24579,21.491272],[39.245779,21.491272],[39.245769,21.491268],[39.245761,21.491262],[39.245756,21.491253],[39.245754,21.491245],[39.245744,21.491168],[39.245687,21.491175],[39.245679,21.491173],[39.245669,21.491163],[39.245665,21.491136],[39.245618,21.491142],[39.245618,21.491164],[39.245617,21.491169],[39.245613,21.491177],[39.245609,21.491181],[39.245601,21.491185],[39.245567,21.491189],[39.245523,21.491193],[39.24552,21.491193],[39.245517,21.491194],[39.245514,21.491194],[39.245511,21.491194],[39.245508,21.491195],[39.245356,21.49121],[39.245359,21.49123],[39.245279,21.491239],[39.24528,21.491245],[39.24528,21.491248],[39.245281,21.491251],[39.245281,21.491253],[39.245281,21.491258],[39.245242,21.491262],[39.245242,21.491257],[39.245241,21.491255],[39.245241,21.491252],[39.245241,21.491249],[39.245241,21.491247],[39.24524,21.491244],[39.24516,21.491252],[39.245157,21.491234],[39.24509,21.491241],[39.245092,21.491256],[39.245067,21.491258],[39.245072,21.491289],[39.24507,21.491293],[39.245,21.491299],[39.244991,21.491296],[39.244984,21.49129],[39.24498,21.491282],[39.244978,21.491275],[39.244976,21.491266],[39.244924,21.49127],[39.244926,21.491281],[39.244926,21.491288],[39.244925,21.491293],[39.244922,21.491299],[39.244915,21.491304],[39.244578,21.491333],[39.244572,21.491328],[39.244569,21.491282],[39.244181,21.491316],[39.244185,21.491358],[39.24418,21.491362],[39.244158,21.491365],[39.244145,21.491362],[39.244078,21.491332],[39.244016,21.491295],[39.243911,21.491227],[39.243819,21.491157],[39.243735,21.491086],[39.24349,21.490841],[39.243471,21.490853],[39.243464,21.490852],[39.243434,21.490818],[39.243432,21.490812],[39.243437,21.490806],[39.243484,21.490801],[39.243483,21.4908],[39.243477,21.490755],[39.243421,21.490761],[39.24342,21.490761],[39.243419,21.490761],[39.243419,21.490761],[39.243418,21.490761],[39.243417,21.490761],[39.243417,21.490761],[39.243416,21.49076],[39.243416,21.49076],[39.243415,21.49076],[39.243414,21.490759],[39.243414,21.490759],[39.243413,21.490759],[39.243413,21.490758],[39.243413,21.490758],[39.243412,21.490757],[39.243412,21.490757],[39.243412,21.490756],[39.243411,21.490755],[39.243411,21.490755],[39.243411,21.490754],[39.243411,21.490754],[39.243411,21.490753],[39.243411,21.490752],[39.243404,21.490709],[39.243402,21.49071],[39.243399,21.490711],[39.243397,21.490711],[39.243394,21.490711],[39.243391,21.490711],[39.243389,21.490711],[39.243386,21.490711],[39.243383,21.490711],[39.243381,21.49071],[39.243378,21.490709],[39.243376,21.490709],[39.243373,21.490707],[39.243371,21.490706],[39.243369,21.490705],[39.243366,21.490703],[39.243364,21.490702],[39.243363,21.4907],[39.243361,21.490698],[39.243359,21.490696],[39.243358,21.490694],[39.243356,21.490692],[39.243355,21.490689],[39.243354,21.490687],[39.243348,21.490679],[39.243347,21.490674],[39.243306,21.490389],[39.2433,21.49035],[39.243263,21.490087],[39.243263,21.490083],[39.243266,21.490079],[39.243264,21.490079],[39.243034,21.490082],[39.243039,21.490087],[39.243045,21.490118],[39.243043,21.490124],[39.243036,21.490128],[39.242998,21.490134],[39.243011,21.49022],[39.243008,21.490234],[39.243033,21.490395],[39.24304,21.490421],[39.243045,21.490439],[39.243049,21.490447],[39.24306,21.490463],[39.243193,21.490656],[39.243201,21.490667],[39.243285,21.490763],[39.243309,21.490748],[39.243317,21.490747],[39.243324,21.490751],[39.243329,21.49076],[39.243328,21.490767],[39.243324,21.490772],[39.243322,21.490773],[39.243359,21.490827],[39.243384,21.490832],[39.243448,21.490903],[39.243507,21.490964],[39.243547,21.491005],[39.243621,21.491079],[39.243675,21.491134],[39.243683,21.491139],[39.243707,21.491161],[39.243732,21.491183],[39.243812,21.491246],[39.24389,21.491301],[39.243976,21.491356],[39.243996,21.491369],[39.244013,21.491378],[39.244034,21.49139],[39.24406,21.491403],[39.244081,21.491413],[39.244112,21.491428],[39.245673,21.491337],[39.245715,21.491335],[39.24574,21.491334],[39.24575,21.491336],[39.245764,21.491341],[39.245782,21.49135],[39.245802,21.491364],[39.245816,21.491377],[39.245821,21.491383],[39.245825,21.491395],[39.245823,21.491405],[39.245817,21.491413],[39.245805,21.491422],[39.245791,21.491427],[39.245775,21.49143],[39.245934,21.491439],[39.245931,21.491437],[39.245927,21.491435],[39.245924,21.491433],[39.245921,21.491431],[39.245918,21.491428],[39.245915,21.491426],[39.245912,21.491423],[39.24591,21.49142],[39.245908,21.491417],[39.245906,21.491415],[39.245905,21.491413],[39.245904,21.491411],[39.245903,21.491409],[39.245903,21.491407],[39.245902,21.491405],[39.245902,21.491403],[39.245902,21.491401],[39.245901,21.491399],[39.245901,21.491397],[39.245902,21.491395],[39.245902,21.491393],[39.245902,21.491391],[39.245903,21.491389],[39.245904,21.491387],[39.245905,21.491385],[39.245906,21.491384],[39.245907,21.491382],[39.245908,21.49138],[39.24591,21.491379],[39.245911,21.491377],[39.245913,21.491376],[39.245915,21.491374],[39.245916,21.491373],[39.245918,21.491372],[39.24592,21.491371],[39.245922,21.491371],[39.245924,21.49137],[39.245926,21.491369],[39.245983,21.491363],[39.245984,21.491363],[39.245985,21.491363],[39.245985,21.491363],[39.245986,21.491364],[39.245986,21.491364],[39.245987,21.491364],[39.245988,21.491365],[39.245988,21.491365],[39.245989,21.491366],[39.245989,21.491366],[39.245989,21.491367],[39.24599,21.491367],[39.24599,21.491368],[39.245991,21.491368],[39.245991,21.491369],[39.245991,21.491369],[39.245991,21.49137],[39.245991,21.491371],[39.245992,21.491371],[39.245992,21.491372],[39.245992,21.491373],[39.245997,21.49141],[39.246357,21.491367],[39.246362,21.491366],[39.246373,21.491377],[39.24638,21.491383],[39.24639,21.491389],[39.246401,21.491393],[39.246409,21.491395],[39.246414,21.491399],[39.246416,21.491405],[39.246405,21.491446],[39.246566,21.491482],[39.246576,21.49144]]]]},"properties":{"capacity":182.0,"subtype":1,"branch":"السليمانية","area_sqm":6579.06,"parking_id":"NET_PARKING_LOTS-000323"}},{"type":"Feature","id":"NET_PARKING_LOTS-000324","geometry":{"type":"MultiPolygon","coordinates":[[[[39.245946,21.486521],[39.245898,21.486775],[39.245954,21.486787],[39.245933,21.486887],[39.245878,21.486875],[39.245829,21.487129],[39.246286,21.487224],[39.246309,21.487093],[39.24605,21.487046],[39.246135,21.48655],[39.245946,21.486521]]]]},"properties":{"capacity":26.0,"subtype":1,"branch":"السليمانية","area_sqm":1737.877,"parking_id":"NET_PARKING_LOTS-000324"}},{"type":"Feature","id":"NET_PARKING_LOTS-000325","geometry":{"type":"MultiPolygon","coordinates":[[[[39.251789,21.492912],[39.251706,21.492321],[39.251696,21.492322],[39.251686,21.492323],[39.251676,21.492324],[39.251665,21.492325],[39.251655,21.492326],[39.251645,21.492327],[39.251635,21.492328],[39.251636,21.492339],[39.251375,21.492372],[39.251259,21.492386],[39.251122,21.492403],[39.250997,21.492418],[39.250995,21.492403],[39.250968,21.492407],[39.251049,21.493015],[39.251121,21.49299],[39.251769,21.492914],[39.251789,21.492912]]]]},"properties":{"capacity":138.0,"subtype":1,"branch":"السليمانية","area_sqm":5005.091,"parking_id":"NET_PARKING_LOTS-000325"}},{"type":"Feature","id":"NET_PARKING_LOTS-000326","geometry":{"type":"MultiPolygon","coordinates":[[[[39.250936,21.492947],[39.250881,21.492422],[39.250201,21.492505],[39.250223,21.492735],[39.250225,21.492744],[39.250228,21.492753],[39.250231,21.492762],[39.250235,21.49277],[39.25024,21.492779],[39.250245,21.492787],[39.25025,21.492794],[39.250256,21.492802],[39.250263,21.492809],[39.25027,21.492815],[39.250278,21.492821],[39.250286,21.492827],[39.250294,21.492832],[39.250303,21.492837],[39.250312,21.492841],[39.250804,21.493005],[39.250814,21.493005],[39.250824,21.493005],[39.250834,21.493004],[39.250844,21.493002],[39.250854,21.493],[39.250864,21.492997],[39.250873,21.492993],[39.250882,21.492989],[39.250891,21.492985],[39.2509,21.49298],[39.250908,21.492974],[39.250916,21.492968],[39.250923,21.492961],[39.25093,21.492954],[39.250936,21.492947]]]]},"properties":{"capacity":90.0,"subtype":1,"branch":"السليمانية","area_sqm":3638.843,"parking_id":"NET_PARKING_LOTS-000326"}},{"type":"Feature","id":"NET_PARKING_LOTS-000327","geometry":{"type":"MultiPolygon","coordinates":[[[[39.249775,21.492528],[39.251612,21.492296],[39.251603,21.492237],[39.249766,21.492469],[39.249775,21.492528]]]]},"properties":{"capacity":56.0,"subtype":1,"branch":"السليمانية","area_sqm":1277.272,"parking_id":"NET_PARKING_LOTS-000327"}},{"type":"Feature","id":"NET_PARKING_LOTS-000328","geometry":{"type":"MultiPolygon","coordinates":[[[[39.249409,21.492353],[39.249346,21.491874],[39.248872,21.491929],[39.248927,21.492343],[39.249048,21.492387],[39.249409,21.492353]]]]},"properties":{"capacity":45.0,"subtype":1,"branch":"السليمانية","area_sqm":2577.033,"parking_id":"NET_PARKING_LOTS-000328"}},{"type":"Feature","id":"NET_PARKING_LOTS-000329","geometry":{"type":"MultiPolygon","coordinates":[[[[39.250176,21.492391],[39.250161,21.492327],[39.250206,21.492326],[39.250199,21.492293],[39.250124,21.491712],[39.249754,21.491756],[39.249842,21.492368],[39.249892,21.492377],[39.249964,21.492372],[39.249984,21.49238],[39.249986,21.492389],[39.249986,21.492389],[39.249986,21.49239],[39.249986,21.49239],[39.249986,21.492391],[39.249987,21.492391],[39.249987,21.492392],[39.249987,21.492392],[39.249988,21.492392],[39.249988,21.492393],[39.249989,21.492393],[39.249989,21.492393],[39.24999,21.492394],[39.24999,21.492394],[39.249991,21.492394],[39.249991,21.492394],[39.249992,21.492395],[39.249992,21.492395],[39.249993,21.492395],[39.249993,21.492395],[39.250067,21.492387],[39.250073,21.492384],[39.250075,21.492372],[39.250093,21.492372],[39.250126,21.49237],[39.25013,21.492392],[39.250135,21.492396],[39.250176,21.492391]]]]},"properties":{"capacity":90.0,"subtype":1,"branch":"السليمانية","area_sqm":2730.99,"parking_id":"NET_PARKING_LOTS-000329"}},{"type":"Feature","id":"NET_PARKING_LOTS-000330","geometry":{"type":"MultiPolygon","coordinates":[[[[39.253075,21.491406],[39.252912,21.491169],[39.252888,21.491171],[39.252863,21.491161],[39.25253,21.491187],[39.252546,21.491308],[39.252562,21.491429],[39.252578,21.49155],[39.252594,21.491671],[39.25261,21.491793],[39.252625,21.491914],[39.252641,21.492035],[39.252656,21.492033],[39.25315,21.491972],[39.253073,21.491411],[39.253075,21.491406]]]]},"properties":{"capacity":78.0,"subtype":1,"branch":"السليمانية","area_sqm":4735.011,"parking_id":"NET_PARKING_LOTS-000330"}},{"type":"Feature","id":"NET_PARKING_LOTS-000331","geometry":{"type":"MultiPolygon","coordinates":[[[[39.244641,21.485973],[39.244553,21.486432],[39.244697,21.486456],[39.244695,21.486465],[39.24474,21.486473],[39.244741,21.486469],[39.244786,21.486477],[39.244787,21.486471],[39.24492,21.486494],[39.245008,21.486034],[39.244875,21.486012],[39.244876,21.486006],[39.244831,21.485999],[39.244831,21.485995],[39.244786,21.485988],[39.244785,21.485997],[39.244641,21.485973]]]]},"properties":{"subtype":1,"description":"شطر الطلاب","branch":"السليمانية","area_sqm":2011.169,"parking_id":"NET_PARKING_LOTS-000331"}},{"type":"Feature","id":"NET_PARKING_LOTS-000332","geometry":{"type":"MultiPolygon","coordinates":[[[[39.245415,21.489712],[39.245452,21.489526],[39.245066,21.489461],[39.245128,21.489128],[39.244796,21.489083],[39.244699,21.489597],[39.245415,21.489712]]]]},"properties":{"capacity":83.0,"subtype":1,"branch":"السليمانية","area_sqm":2884.06,"parking_id":"NET_PARKING_LOTS-000332"}},{"type":"Feature","id":"NET_PARKING_LOTS-000333","geometry":{"type":"MultiPolygon","coordinates":[[[[39.23539,21.488377],[39.234684,21.488473],[39.234627,21.488086],[39.23524,21.488009],[39.235253,21.487987],[39.235264,21.487964],[39.235276,21.487941],[39.235286,21.487918],[39.235296,21.487894],[39.235305,21.487871],[39.235313,21.487847],[39.235279,21.487686],[39.235274,21.487673],[39.235269,21.487661],[39.235262,21.487649],[39.235254,21.487638],[39.235246,21.487628],[39.235237,21.487617],[39.235227,21.487608],[39.235216,21.487599],[39.235205,21.487591],[39.235193,21.487584],[39.235181,21.487577],[39.235168,21.487571],[39.235154,21.487567],[39.235141,21.487563],[39.235127,21.48756],[39.235113,21.487558],[39.235099,21.487556],[39.235085,21.487556],[39.23507,21.487557],[39.234605,21.487641],[39.234501,21.487876],[39.234544,21.488152],[39.234357,21.488201],[39.234434,21.4886],[39.234575,21.488585],[39.234622,21.488843],[39.234766,21.488829],[39.234785,21.488984],[39.235453,21.488894],[39.23539,21.488377]]]]},"properties":{"capacity":122.0,"subtype":1,"branch":"السليمانية","area_sqm":9793.731,"parking_id":"NET_PARKING_LOTS-000333"}},{"type":"Feature","id":"NET_PARKING_LOTS-000334","geometry":{"type":"MultiPolygon","coordinates":[[[[39.250675,21.502081],[39.250675,21.502077],[39.250676,21.502074],[39.250677,21.502071],[39.250678,21.502068],[39.250679,21.502064],[39.250681,21.502061],[39.250683,21.502059],[39.250685,21.502056],[39.250687,21.502053],[39.25069,21.502051],[39.250692,21.502048],[39.250755,21.501998],[39.250756,21.501996],[39.250758,21.501993],[39.250759,21.501991],[39.250761,21.501988],[39.250762,21.501986],[39.250763,21.501983],[39.250763,21.501981],[39.250764,21.501978],[39.250764,21.501975],[39.250764,21.501974],[39.250764,21.501974],[39.250764,21.501973],[39.250765,21.501972],[39.250765,21.501972],[39.250765,21.501971],[39.250766,21.50197],[39.250766,21.50197],[39.250766,21.501969],[39.250767,21.501969],[39.250767,21.501968],[39.250768,21.501968],[39.250769,21.501967],[39.250769,21.501967],[39.25077,21.501966],[39.250771,21.501966],[39.250771,21.501966],[39.250772,21.501966],[39.250773,21.501966],[39.250774,21.501965],[39.250774,21.501965],[39.250775,21.501965],[39.250776,21.501965],[39.250824,21.501969],[39.250839,21.501782],[39.250797,21.501779],[39.250795,21.501779],[39.250794,21.501779],[39.250793,21.501779],[39.250791,21.501778],[39.25079,21.501778],[39.250789,21.501777],[39.250788,21.501777],[39.250786,21.501776],[39.250785,21.501775],[39.250784,21.501774],[39.250783,21.501773],[39.250782,21.501772],[39.250781,21.501771],[39.250781,21.50177],[39.25078,21.501769],[39.250779,21.501768],[39.250779,21.501767],[39.250778,21.501765],[39.250778,21.501764],[39.250778,21.501763],[39.250778,21.501761],[39.250778,21.50176],[39.250778,21.501759],[39.250782,21.501696],[39.250782,21.501695],[39.250782,21.501694],[39.250783,21.501694],[39.250783,21.501693],[39.250783,21.501692],[39.250783,21.501692],[39.250784,21.501691],[39.250784,21.501691],[39.250785,21.50169],[39.250785,21.501689],[39.250786,21.501689],[39.250786,21.501688],[39.250787,21.501688],[39.250787,21.501688],[39.250788,21.501687],[39.250789,21.501687],[39.250789,21.501687],[39.25079,21.501687],[39.250791,21.501686],[39.250792,21.501686],[39.250792,21.501686],[39.250793,21.501686],[39.250794,21.501686],[39.250837,21.501689],[39.250838,21.501689],[39.250838,21.501689],[39.250839,21.501689],[39.25084,21.501689],[39.25084,21.501688],[39.250841,21.501688],[39.250841,21.501688],[39.250842,21.501688],[39.250842,21.501688],[39.250843,21.501687],[39.250843,21.501687],[39.250843,21.501687],[39.250844,21.501686],[39.250844,21.501686],[39.250845,21.501686],[39.250845,21.501685],[39.250845,21.501685],[39.250845,21.501684],[39.250846,21.501684],[39.250846,21.501683],[39.250846,21.501683],[39.250846,21.501682],[39.250846,21.501682],[39.25085,21.501634],[39.25085,21.501633],[39.25085,21.501633],[39.25085,21.501632],[39.25085,21.501632],[39.25085,21.501631],[39.250849,21.501631],[39.250849,21.50163],[39.250849,21.50163],[39.250849,21.501629],[39.250848,21.501629],[39.250848,21.501628],[39.250848,21.501628],[39.250847,21.501628],[39.250847,21.501627],[39.250846,21.501627],[39.250846,21.501627],[39.250846,21.501626],[39.250845,21.501626],[39.250845,21.501626],[39.250844,21.501626],[39.250843,21.501626],[39.250843,21.501626],[39.250842,21.501626],[39.250823,21.501624],[39.250822,21.501624],[39.250821,21.501624],[39.250821,21.501624],[39.25082,21.501624],[39.250819,21.501623],[39.250819,21.501623],[39.250818,21.501623],[39.250817,21.501622],[39.250817,21.501622],[39.250816,21.501621],[39.250816,21.501621],[39.250815,21.50162],[39.250815,21.50162],[39.250814,21.501619],[39.250814,21.501618],[39.250814,21.501618],[39.250813,21.501617],[39.250813,21.501616],[39.250813,21.501616],[39.250813,21.501615],[39.250813,21.501614],[39.250813,21.501614],[39.250813,21.501613],[39.250817,21.501564],[39.2503,21.501527],[39.250296,21.501576],[39.250296,21.501576],[39.250295,21.501577],[39.250295,21.501578],[39.250295,21.501578],[39.250295,21.501579],[39.250294,21.50158],[39.250294,21.50158],[39.250294,21.501581],[39.250293,21.501581],[39.250293,21.501582],[39.250292,21.501582],[39.250292,21.501583],[39.250291,21.501583],[39.25029,21.501584],[39.25029,21.501584],[39.250289,21.501584],[39.250288,21.501584],[39.250288,21.501585],[39.250287,21.501585],[39.250286,21.501585],[39.250285,21.501585],[39.250285,21.501585],[39.250284,21.501585],[39.250255,21.501583],[39.250254,21.501583],[39.250254,21.501583],[39.250253,21.501583],[39.250253,21.501583],[39.250252,21.501584],[39.250252,21.501584],[39.250251,21.501584],[39.250251,21.501584],[39.25025,21.501584],[39.25025,21.501585],[39.250249,21.501585],[39.250249,21.501585],[39.250248,21.501586],[39.250248,21.501586],[39.250248,21.501587],[39.250247,21.501587],[39.250247,21.501587],[39.250247,21.501588],[39.250247,21.501588],[39.250246,21.501589],[39.250246,21.501589],[39.250246,21.50159],[39.250246,21.50159],[39.250243,21.50164],[39.250243,21.50164],[39.250243,21.501641],[39.250243,21.501641],[39.250243,21.501642],[39.250243,21.501642],[39.250243,21.501643],[39.250243,21.501643],[39.250244,21.501644],[39.250244,21.501644],[39.250244,21.501645],[39.250244,21.501645],[39.250245,21.501646],[39.250245,21.501646],[39.250246,21.501646],[39.250246,21.501647],[39.250247,21.501647],[39.250247,21.501647],[39.250248,21.501647],[39.250248,21.501648],[39.250249,21.501648],[39.250249,21.501648],[39.25025,21.501648],[39.25025,21.501648],[39.25028,21.50165],[39.25028,21.50165],[39.250281,21.50165],[39.250282,21.50165],[39.250283,21.50165],[39.250283,21.501651],[39.250284,21.501651],[39.250285,21.501651],[39.250285,21.501652],[39.250286,21.501652],[39.250286,21.501653],[39.250287,21.501653],[39.250287,21.501654],[39.250288,21.501654],[39.250288,21.501655],[39.250289,21.501655],[39.250289,21.501656],[39.250289,21.501657],[39.250289,21.501657],[39.25029,21.501658],[39.25029,21.501659],[39.25029,21.50166],[39.25029,21.50166],[39.25029,21.501661],[39.250286,21.501709],[39.250688,21.501738],[39.250692,21.501687],[39.250692,21.501687],[39.250692,21.501686],[39.250692,21.501685],[39.250693,21.501685],[39.250693,21.501684],[39.250693,21.501684],[39.250694,21.501683],[39.250694,21.501682],[39.250695,21.501682],[39.250695,21.501682],[39.250696,21.501681],[39.250696,21.501681],[39.250697,21.50168],[39.250698,21.50168],[39.250698,21.50168],[39.250699,21.50168],[39.2507,21.501679],[39.250701,21.501679],[39.250701,21.501679],[39.250702,21.501679],[39.250703,21.501679],[39.250703,21.501679],[39.250704,21.501679],[39.250705,21.501679],[39.250706,21.50168],[39.250706,21.50168],[39.250707,21.50168],[39.250708,21.50168],[39.250708,21.501681],[39.250709,21.501681],[39.250709,21.501682],[39.25071,21.501682],[39.25071,21.501683],[39.250711,21.501683],[39.250711,21.501684],[39.250712,21.501684],[39.250712,21.501685],[39.250712,21.501686],[39.250712,21.501686],[39.250713,21.501687],[39.250713,21.501688],[39.250713,21.501688],[39.250713,21.501689],[39.250713,21.50169],[39.250713,21.50169],[39.250704,21.50181],[39.250704,21.501811],[39.250704,21.501812],[39.250704,21.501812],[39.250703,21.501813],[39.250703,21.501814],[39.250702,21.501814],[39.250702,21.501815],[39.250702,21.501815],[39.250701,21.501816],[39.2507,21.501816],[39.2507,21.501817],[39.250699,21.501817],[39.250699,21.501818],[39.250698,21.501818],[39.250697,21.501818],[39.250696,21.501818],[39.250696,21.501819],[39.250695,21.501819],[39.250694,21.501819],[39.250693,21.501819],[39.250693,21.501819],[39.250692,21.501819],[39.250691,21.501819],[39.25069,21.501819],[39.25069,21.501818],[39.250689,21.501818],[39.250688,21.501818],[39.250687,21.501817],[39.250687,21.501817],[39.250686,21.501817],[39.250686,21.501816],[39.250685,21.501816],[39.250685,21.501815],[39.250684,21.501815],[39.250684,21.501814],[39.250683,21.501813],[39.250683,21.501813],[39.250683,21.501812],[39.250682,21.501811],[39.250682,21.501811],[39.250682,21.50181],[39.250682,21.501809],[39.250682,21.501808],[39.250682,21.501808],[39.250682,21.501807],[39.250686,21.501758],[39.250545,21.501748],[39.250541,21.501798],[39.250541,21.501798],[39.250541,21.501799],[39.25054,21.5018],[39.25054,21.5018],[39.25054,21.501801],[39.25054,21.501802],[39.250539,21.501802],[39.250539,21.501803],[39.250538,21.501803],[39.250538,21.501804],[39.250537,21.501804],[39.250537,21.501805],[39.250536,21.501805],[39.250535,21.501806],[39.250535,21.501806],[39.250534,21.501806],[39.250533,21.501807],[39.250533,21.501807],[39.250532,21.501807],[39.250531,21.501807],[39.25053,21.501807],[39.25053,21.501807],[39.250529,21.501807],[39.25049,21.501805],[39.250489,21.501804],[39.250489,21.501804],[39.250488,21.501804],[39.250487,21.501804],[39.250486,21.501804],[39.250486,21.501803],[39.250485,21.501803],[39.250484,21.501803],[39.250484,21.501802],[39.250483,21.501802],[39.250483,21.501801],[39.250482,21.501801],[39.250482,21.5018],[39.250481,21.501799],[39.250481,21.501799],[39.250481,21.501798],[39.25048,21.501798],[39.25048,21.501797],[39.25048,21.501796],[39.25048,21.501795],[39.25048,21.501795],[39.25048,21.501794],[39.25048,21.501793],[39.250484,21.501744],[39.250285,21.50173],[39.250281,21.501776],[39.250281,21.501777],[39.250281,21.501777],[39.250281,21.501778],[39.250281,21.501779],[39.25028,21.501779],[39.25028,21.50178],[39.25028,21.501781],[39.250279,21.501781],[39.250279,21.501782],[39.250278,21.501782],[39.250278,21.501783],[39.250277,21.501783],[39.250276,21.501784],[39.250276,21.501784],[39.250275,21.501785],[39.250274,21.501785],[39.250274,21.501785],[39.250273,21.501785],[39.250272,21.501785],[39.250271,21.501786],[39.25027,21.501786],[39.25024,21.501786],[39.250239,21.501786],[39.250238,21.501786],[39.250238,21.501786],[39.250237,21.501786],[39.250237,21.501787],[39.250236,21.501787],[39.250236,21.501787],[39.250235,21.501787],[39.250235,21.501788],[39.250234,21.501788],[39.250234,21.501788],[39.250233,21.501789],[39.250233,21.501789],[39.250233,21.50179],[39.250233,21.50179],[39.250232,21.501791],[39.250232,21.501791],[39.250232,21.501792],[39.250232,21.501792],[39.250232,21.501793],[39.250232,21.501793],[39.250228,21.501843],[39.250228,21.501843],[39.250228,21.501844],[39.250228,21.501844],[39.250228,21.501845],[39.250228,21.501845],[39.250229,21.501846],[39.250229,21.501846],[39.250229,21.501847],[39.250229,21.501847],[39.25023,21.501848],[39.25023,21.501848],[39.25023,21.501848],[39.250231,21.501849],[39.250231,21.501849],[39.250231,21.501849],[39.250232,21.50185],[39.250232,21.50185],[39.250233,21.50185],[39.250233,21.50185],[39.250234,21.50185],[39.250234,21.501851],[39.250235,21.501851],[39.250235,21.501851],[39.250265,21.501854],[39.250266,21.501854],[39.250266,21.501854],[39.250267,21.501854],[39.250268,21.501855],[39.250269,21.501855],[39.250269,21.501855],[39.25027,21.501856],[39.25027,21.501856],[39.250271,21.501856],[39.250272,21.501857],[39.250272,21.501857],[39.250273,21.501858],[39.250273,21.501858],[39.250273,21.501859],[39.250274,21.50186],[39.250274,21.50186],[39.250274,21.501861],[39.250274,21.501862],[39.250275,21.501862],[39.250275,21.501863],[39.250275,21.501864],[39.250275,21.501864],[39.250275,21.501865],[39.250271,21.501911],[39.250672,21.50194],[39.250676,21.501891],[39.250676,21.501891],[39.250676,21.50189],[39.250676,21.501889],[39.250676,21.501889],[39.250677,21.501888],[39.250677,21.501887],[39.250678,21.501887],[39.250678,21.501886],[39.250678,21.501886],[39.250679,21.501885],[39.25068,21.501885],[39.25068,21.501884],[39.250681,21.501884],[39.250681,21.501883],[39.250682,21.501883],[39.250683,21.501883],[39.250684,21.501883],[39.250684,21.501882],[39.250685,21.501882],[39.250686,21.501882],[39.250687,21.501882],[39.250687,21.501882],[39.250688,21.501882],[39.250689,21.501882],[39.25069,21.501883],[39.25069,21.501883],[39.250691,21.501883],[39.250692,21.501883],[39.250693,21.501884],[39.250693,21.501884],[39.250694,21.501884],[39.250694,21.501885],[39.250695,21.501885],[39.250695,21.501886],[39.250696,21.501887],[39.250696,21.501887],[39.250697,21.501888],[39.250697,21.501888],[39.250697,21.501889],[39.250698,21.50189],[39.250698,21.501891],[39.250698,21.501891],[39.250698,21.501892],[39.250698,21.501893],[39.250698,21.501893],[39.250694,21.501953],[39.250693,21.501954],[39.250693,21.501956],[39.250693,21.501957],[39.250692,21.501958],[39.250692,21.50196],[39.250691,21.501961],[39.25069,21.501962],[39.25069,21.501963],[39.250689,21.501964],[39.250688,21.501965],[39.250687,21.501966],[39.25065,21.501996],[39.250649,21.501997],[39.250648,21.501998],[39.250647,21.501998],[39.250645,21.501999],[39.250644,21.502],[39.250643,21.502],[39.250641,21.502],[39.25064,21.502001],[39.250638,21.502001],[39.250637,21.502001],[39.250635,21.502001],[39.250602,21.501998],[39.250601,21.501998],[39.250599,21.501998],[39.250598,21.501998],[39.250597,21.501997],[39.250595,21.501997],[39.250594,21.501996],[39.250593,21.501996],[39.250592,21.501995],[39.25059,21.501994],[39.250589,21.501993],[39.250588,21.501992],[39.250587,21.501991],[39.250587,21.50199],[39.250586,21.501989],[39.250585,21.501988],[39.250585,21.501987],[39.250584,21.501986],[39.250584,21.501984],[39.250583,21.501983],[39.250583,21.501982],[39.250583,21.50198],[39.250583,21.501979],[39.250583,21.501978],[39.250585,21.501948],[39.250241,21.501923],[39.250236,21.501979],[39.250236,21.50198],[39.250236,21.501981],[39.250236,21.501981],[39.250235,21.501982],[39.250235,21.501983],[39.250235,21.501983],[39.250234,21.501984],[39.250234,21.501985],[39.250233,21.501985],[39.250233,21.501986],[39.250232,21.501986],[39.250232,21.501987],[39.250231,21.501987],[39.250231,21.501987],[39.25023,21.501988],[39.250229,21.501988],[39.250229,21.501988],[39.250228,21.501988],[39.250227,21.501989],[39.250226,21.501989],[39.250226,21.501989],[39.250225,21.501989],[39.250224,21.501989],[39.249768,21.501957],[39.249765,21.501997],[39.250291,21.502034],[39.250326,21.502031],[39.250361,21.502028],[39.250396,21.502027],[39.250432,21.502027],[39.250467,21.502029],[39.250502,21.502032],[39.250537,21.502036],[39.250539,21.502037],[39.250541,21.502037],[39.250543,21.502038],[39.250545,21.502039],[39.250547,21.50204],[39.250549,21.502041],[39.250551,21.502042],[39.250552,21.502043],[39.250554,21.502045],[39.250555,21.502046],[39.250557,21.502048],[39.250558,21.502049],[39.250559,21.502051],[39.25056,21.502053],[39.250561,21.502055],[39.250562,21.502057],[39.250562,21.502059],[39.250562,21.502061],[39.250563,21.502063],[39.250563,21.502065],[39.250563,21.502067],[39.25056,21.502097],[39.250673,21.502105],[39.250675,21.502081]]]]},"properties":{"capacity":84.0,"subtype":1,"branch":"السليمانية","area_sqm":3074.755,"parking_id":"NET_PARKING_LOTS-000334"}},{"type":"Feature","id":"NET_PARKING_LOTS-000335","geometry":{"type":"MultiPolygon","coordinates":[[[[39.250798,21.50148],[39.25086,21.501485],[39.250865,21.50141],[39.250817,21.501407],[39.250816,21.501407],[39.250815,21.501407],[39.250815,21.501406],[39.250814,21.501406],[39.250813,21.501406],[39.250813,21.501406],[39.250812,21.501405],[39.250812,21.501405],[39.250811,21.501405],[39.250811,21.501404],[39.25081,21.501404],[39.25081,21.501403],[39.250809,21.501403],[39.250809,21.501402],[39.250809,21.501402],[39.250808,21.501401],[39.250808,21.501401],[39.250808,21.5014],[39.250808,21.501399],[39.250808,21.501399],[39.250808,21.501398],[39.250808,21.501398],[39.250808,21.501397],[39.250812,21.501348],[39.250057,21.501295],[39.250053,21.501343],[39.250053,21.501344],[39.250053,21.501344],[39.250053,21.501345],[39.250052,21.501345],[39.250052,21.501346],[39.250052,21.501347],[39.250052,21.501347],[39.250051,21.501348],[39.250051,21.501348],[39.25005,21.501349],[39.25005,21.501349],[39.250049,21.501349],[39.250049,21.50135],[39.250048,21.50135],[39.250048,21.50135],[39.250047,21.501351],[39.250046,21.501351],[39.250046,21.501351],[39.250045,21.501351],[39.250045,21.501351],[39.250044,21.501351],[39.250043,21.501351],[39.250043,21.501351],[39.250037,21.501426],[39.250039,21.501426],[39.25004,21.501426],[39.25004,21.501426],[39.250041,21.501426],[39.250042,21.501426],[39.250043,21.501427],[39.250043,21.501427],[39.250044,21.501427],[39.250045,21.501428],[39.250045,21.501428],[39.250046,21.501429],[39.250046,21.501429],[39.250047,21.50143],[39.250047,21.50143],[39.250048,21.501431],[39.250048,21.501431],[39.250048,21.501432],[39.250049,21.501433],[39.250049,21.501433],[39.250049,21.501434],[39.250049,21.501435],[39.250049,21.501436],[39.250049,21.501436],[39.250049,21.501437],[39.250046,21.501479],[39.250794,21.501533],[39.250798,21.50148]]]]},"properties":{"capacity":52.0,"subtype":1,"branch":"السليمانية","area_sqm":1658.172,"parking_id":"NET_PARKING_LOTS-000335"}},{"type":"Feature","id":"NET_PARKING_LOTS-000336","geometry":{"type":"MultiPolygon","coordinates":[[[[39.250888,21.500499],[39.250888,21.500498],[39.250888,21.500496],[39.250888,21.500495],[39.250888,21.500493],[39.250889,21.500492],[39.25089,21.500491],[39.25089,21.500489],[39.250891,21.500488],[39.250892,21.500487],[39.250893,21.500486],[39.250894,21.500484],[39.250895,21.500483],[39.250896,21.500482],[39.250897,21.500482],[39.250899,21.500481],[39.2509,21.50048],[39.250902,21.50048],[39.250903,21.500479],[39.250905,21.500479],[39.250906,21.500478],[39.250908,21.500478],[39.250909,21.500478],[39.250911,21.500478],[39.250912,21.500478],[39.250914,21.500478],[39.250929,21.500479],[39.25093,21.50048],[39.250931,21.50048],[39.250932,21.50048],[39.250933,21.500479],[39.250935,21.500479],[39.250936,21.500479],[39.250937,21.500479],[39.250938,21.500478],[39.250939,21.500478],[39.25094,21.500477],[39.250941,21.500477],[39.250942,21.500476],[39.250942,21.500475],[39.250943,21.500475],[39.250944,21.500474],[39.250945,21.500473],[39.250945,21.500472],[39.250946,21.500471],[39.250946,21.50047],[39.250947,21.500469],[39.250947,21.500468],[39.250947,21.500467],[39.250948,21.500466],[39.250948,21.500465],[39.250948,21.500464],[39.25095,21.500438],[39.25095,21.500437],[39.25095,21.500436],[39.25095,21.500435],[39.250949,21.500434],[39.250949,21.500433],[39.250949,21.500432],[39.250949,21.500431],[39.250948,21.50043],[39.250948,21.500429],[39.250947,21.500428],[39.250946,21.500427],[39.250946,21.500426],[39.250945,21.500425],[39.250944,21.500424],[39.250943,21.500424],[39.250942,21.500423],[39.250941,21.500423],[39.25094,21.500422],[39.250939,21.500422],[39.250938,21.500421],[39.250937,21.500421],[39.250936,21.500421],[39.250935,21.50042],[39.250934,21.50042],[39.250932,21.50042],[39.250893,21.500418],[39.25088,21.500417],[39.250876,21.500417],[39.250873,21.500416],[39.250869,21.500416],[39.250866,21.500415],[39.250862,21.500414],[39.250859,21.500413],[39.250856,21.500411],[39.250853,21.50041],[39.25085,21.500408],[39.250847,21.500406],[39.250844,21.500404],[39.250842,21.500401],[39.25084,21.500399],[39.250838,21.500396],[39.250836,21.500393],[39.250834,21.500391],[39.250832,21.500388],[39.250831,21.500383],[39.25083,21.500378],[39.250829,21.500373],[39.250829,21.500368],[39.250829,21.500363],[39.250829,21.500358],[39.250829,21.500353],[39.25083,21.500352],[39.25083,21.500351],[39.25083,21.50035],[39.250829,21.500349],[39.250829,21.500348],[39.250829,21.500347],[39.250829,21.500346],[39.250828,21.500345],[39.250828,21.500344],[39.250827,21.500343],[39.250827,21.500342],[39.250826,21.500341],[39.250825,21.50034],[39.250825,21.500339],[39.250824,21.500339],[39.250823,21.500338],[39.250822,21.500337],[39.250821,21.500337],[39.25082,21.500336],[39.250819,21.500336],[39.250818,21.500336],[39.250817,21.500335],[39.250816,21.500335],[39.250815,21.500335],[39.250813,21.500335],[39.250812,21.500335],[39.250811,21.500335],[39.250618,21.500322],[39.250617,21.500322],[39.250616,21.500322],[39.250616,21.500321],[39.250615,21.500321],[39.250614,21.500321],[39.250614,21.500321],[39.250613,21.500321],[39.250613,21.50032],[39.250612,21.50032],[39.250612,21.50032],[39.250611,21.500319],[39.250611,21.500319],[39.25061,21.500318],[39.25061,21.500318],[39.25061,21.500317],[39.250609,21.500317],[39.250609,21.500316],[39.250609,21.500316],[39.250609,21.500315],[39.250608,21.500314],[39.250608,21.500314],[39.250608,21.500313],[39.250608,21.500312],[39.250608,21.500312],[39.250608,21.500311],[39.250608,21.500311],[39.250609,21.50031],[39.250609,21.500309],[39.250609,21.500309],[39.250609,21.500308],[39.25061,21.500308],[39.25061,21.500307],[39.25061,21.500307],[39.250611,21.500306],[39.250611,21.500306],[39.250612,21.500305],[39.250612,21.500305],[39.250613,21.500305],[39.250614,21.500304],[39.250614,21.500304],[39.250615,21.500304],[39.250615,21.500304],[39.250616,21.500304],[39.250617,21.500304],[39.250617,21.500304],[39.250431,21.50029],[39.250431,21.50029],[39.250432,21.500291],[39.250433,21.500291],[39.250433,21.500291],[39.250434,21.500291],[39.250434,21.500291],[39.250435,21.500292],[39.250435,21.500292],[39.250436,21.500292],[39.250436,21.500293],[39.250437,21.500293],[39.250437,21.500294],[39.250438,21.500294],[39.250438,21.500295],[39.250438,21.500295],[39.250439,21.500296],[39.250439,21.500296],[39.250439,21.500297],[39.250439,21.500297],[39.250439,21.500298],[39.250439,21.500299],[39.250439,21.500299],[39.250439,21.5003],[39.250439,21.5003],[39.250439,21.500301],[39.250439,21.500302],[39.250439,21.500302],[39.250439,21.500303],[39.250438,21.500303],[39.250438,21.500304],[39.250438,21.500304],[39.250437,21.500305],[39.250437,21.500305],[39.250436,21.500306],[39.250436,21.500306],[39.250435,21.500306],[39.250435,21.500307],[39.250434,21.500307],[39.250434,21.500307],[39.250433,21.500307],[39.250432,21.500308],[39.250432,21.500308],[39.250431,21.500308],[39.25043,21.500308],[39.25043,21.500308],[39.250429,21.500308],[39.250429,21.500308],[39.250237,21.500294],[39.250236,21.500293],[39.250235,21.500293],[39.250234,21.500293],[39.250233,21.500293],[39.250231,21.500293],[39.25023,21.500293],[39.250229,21.500293],[39.250228,21.500294],[39.250227,21.500294],[39.250225,21.500294],[39.250224,21.500295],[39.250223,21.500295],[39.250222,21.500296],[39.250221,21.500297],[39.25022,21.500297],[39.250219,21.500298],[39.250219,21.500299],[39.250218,21.5003],[39.250217,21.500301],[39.250216,21.500302],[39.250216,21.500303],[39.250215,21.500304],[39.250215,21.500305],[39.250215,21.500306],[39.250214,21.500307],[39.250214,21.500308],[39.250214,21.500309],[39.250214,21.500313],[39.250215,21.500316],[39.250215,21.500319],[39.250214,21.500322],[39.250214,21.500326],[39.250213,21.500329],[39.250212,21.500332],[39.250211,21.500335],[39.250209,21.500338],[39.250208,21.500341],[39.250206,21.500343],[39.250204,21.500346],[39.250201,21.500349],[39.250199,21.500351],[39.250197,21.500353],[39.250194,21.500355],[39.250191,21.500357],[39.250188,21.500359],[39.250185,21.50036],[39.250182,21.500362],[39.250179,21.500363],[39.250175,21.500364],[39.250172,21.500364],[39.250168,21.500365],[39.250165,21.500365],[39.250162,21.500365],[39.250158,21.500365],[39.250104,21.500361],[39.250103,21.500361],[39.250102,21.500361],[39.250101,21.500361],[39.2501,21.500361],[39.250099,21.500361],[39.250098,21.500361],[39.250096,21.500361],[39.250095,21.500361],[39.250094,21.500361],[39.250093,21.500362],[39.250092,21.500362],[39.250091,21.500363],[39.25009,21.500363],[39.250089,21.500364],[39.250088,21.500364],[39.250087,21.500365],[39.250087,21.500366],[39.250086,21.500367],[39.250085,21.500367],[39.250085,21.500368],[39.250084,21.500369],[39.250083,21.50037],[39.250083,21.500371],[39.250083,21.500372],[39.250082,21.500373],[39.250082,21.500374],[39.250082,21.500375],[39.25008,21.500403],[39.25008,21.500404],[39.25008,21.500405],[39.25008,21.500406],[39.250081,21.500407],[39.250081,21.500408],[39.250081,21.500409],[39.250082,21.50041],[39.250082,21.500411],[39.250083,21.500412],[39.250083,21.500413],[39.250084,21.500414],[39.250085,21.500415],[39.250086,21.500416],[39.250086,21.500416],[39.250087,21.500417],[39.250088,21.500418],[39.250089,21.500418],[39.25009,21.500419],[39.250091,21.500419],[39.250093,21.50042],[39.250094,21.50042],[39.250095,21.50042],[39.250096,21.50042],[39.250117,21.500422],[39.250118,21.500422],[39.25012,21.500422],[39.250121,21.500423],[39.250123,21.500423],[39.250124,21.500424],[39.250126,21.500425],[39.250127,21.500426],[39.250128,21.500427],[39.250129,21.500428],[39.25013,21.500429],[39.250131,21.50043],[39.250132,21.500431],[39.250133,21.500433],[39.250134,21.500434],[39.250134,21.500435],[39.250135,21.500437],[39.250135,21.500438],[39.250135,21.50044],[39.250135,21.500441],[39.250135,21.500443],[39.250135,21.500444],[39.250135,21.500446],[39.250135,21.500447],[39.250131,21.500498],[39.250883,21.500549],[39.250888,21.500499]]]]},"properties":{"capacity":26.0,"subtype":1,"branch":"السليمانية","area_sqm":1814.659,"parking_id":"NET_PARKING_LOTS-000336"}},{"type":"Feature","id":"NET_PARKING_LOTS-000337","geometry":{"type":"MultiPolygon","coordinates":[[[[39.249829,21.501225],[39.249829,21.501225],[39.24983,21.501224],[39.24983,21.501224],[39.249831,21.501223],[39.249831,21.501223],[39.249831,21.501223],[39.249832,21.501222],[39.249832,21.501222],[39.249833,21.501222],[39.249833,21.501222],[39.249834,21.501222],[39.249834,21.501221],[39.249835,21.501221],[39.249836,21.501221],[39.249836,21.501221],[39.249837,21.501221],[39.249837,21.501221],[39.24989,21.501225],[39.249921,21.500849],[39.249874,21.500846],[39.249873,21.500845],[39.249872,21.500845],[39.249871,21.500844],[39.24987,21.500843],[39.24987,21.500843],[39.249869,21.500842],[39.249868,21.500841],[39.249867,21.50084],[39.249867,21.500839],[39.249866,21.500838],[39.249866,21.500837],[39.249866,21.500836],[39.249865,21.500835],[39.249865,21.500834],[39.249865,21.500833],[39.249865,21.500832],[39.249865,21.500831],[39.249865,21.50083],[39.249865,21.500829],[39.249865,21.500828],[39.249866,21.500826],[39.249866,21.500825],[39.249866,21.500824],[39.249867,21.500823],[39.249868,21.500823],[39.249868,21.500822],[39.249869,21.500821],[39.24987,21.50082],[39.249871,21.500819],[39.249872,21.500819],[39.249872,21.500818],[39.249873,21.500817],[39.249874,21.500817],[39.249876,21.500816],[39.249877,21.500816],[39.249929,21.50082],[39.24993,21.50082],[39.24993,21.50082],[39.249931,21.50082],[39.249931,21.50082],[39.249932,21.50082],[39.249932,21.50082],[39.249933,21.50082],[39.249933,21.500821],[39.249933,21.500821],[39.249934,21.500821],[39.249934,21.500821],[39.249935,21.500822],[39.249935,21.500822],[39.249935,21.500822],[39.249936,21.500823],[39.249936,21.500823],[39.249936,21.500823],[39.249936,21.500824],[39.249936,21.500824],[39.249937,21.500825],[39.249937,21.500825],[39.249942,21.500761],[39.249942,21.500762],[39.249942,21.500763],[39.249942,21.500763],[39.249941,21.500764],[39.249941,21.500764],[39.249941,21.500765],[39.24994,21.500765],[39.24994,21.500766],[39.24994,21.500766],[39.249939,21.500767],[39.249939,21.500767],[39.249938,21.500767],[39.249938,21.500768],[39.249937,21.500768],[39.249937,21.500768],[39.249936,21.500769],[39.249935,21.500769],[39.249881,21.500765],[39.24988,21.500764],[39.249879,21.500764],[39.249878,21.500763],[39.249877,21.500762],[39.249876,21.500762],[39.249875,21.500761],[39.249874,21.50076],[39.249874,21.500759],[39.249873,21.500758],[39.249873,21.500757],[39.249872,21.500756],[39.249872,21.500755],[39.249872,21.500754],[39.249872,21.500752],[39.249871,21.500751],[39.249871,21.50075],[39.249871,21.500749],[39.249872,21.500748],[39.249872,21.500747],[39.249872,21.500746],[39.249873,21.500745],[39.249873,21.500743],[39.249874,21.500742],[39.249874,21.500741],[39.249875,21.500741],[39.249876,21.50074],[39.249877,21.500739],[39.249878,21.500738],[39.249879,21.500737],[39.24988,21.500737],[39.249881,21.500736],[39.249882,21.500736],[39.249883,21.500735],[39.24993,21.500739],[39.249973,21.500201],[39.249905,21.500196],[39.249907,21.50018],[39.249862,21.500177],[39.249775,21.501244],[39.249826,21.501248],[39.249829,21.501225]]]]},"properties":{"capacity":34.0,"subtype":1,"branch":"السليمانية","area_sqm":1325.941,"parking_id":"NET_PARKING_LOTS-000337"}},{"type":"Feature","id":"NET_PARKING_LOTS-000338","geometry":{"type":"MultiPolygon","coordinates":[[[[39.233669,21.491067],[39.233814,21.491054],[39.233812,21.491054],[39.23381,21.491054],[39.233808,21.491054],[39.233806,21.491054],[39.233805,21.491054],[39.233803,21.491053],[39.233801,21.491053],[39.2338,21.491052],[39.233798,21.491051],[39.233796,21.49105],[39.233795,21.491049],[39.233794,21.491048],[39.233792,21.491047],[39.233791,21.491046],[39.23379,21.491045],[39.233789,21.491043],[39.233788,21.491042],[39.233787,21.49104],[39.233786,21.491039],[39.233774,21.490978],[39.233773,21.490976],[39.233773,21.490975],[39.233773,21.490974],[39.233773,21.490972],[39.233773,21.490971],[39.233773,21.49097],[39.233774,21.490968],[39.233774,21.490967],[39.233774,21.490966],[39.233775,21.490965],[39.233776,21.490963],[39.233776,21.490962],[39.233777,21.490961],[39.233778,21.49096],[39.233779,21.490959],[39.23378,21.490958],[39.233781,21.490958],[39.233782,21.490957],[39.233784,21.490956],[39.233785,21.490956],[39.233786,21.490955],[39.233808,21.490951],[39.233808,21.490952],[39.233837,21.490946],[39.233865,21.490941],[39.233894,21.490936],[39.233922,21.490931],[39.233951,21.490925],[39.233979,21.49092],[39.234008,21.490915],[39.234037,21.49091],[39.234065,21.490905],[39.234094,21.490899],[39.234122,21.490894],[39.234151,21.490889],[39.234179,21.490884],[39.234208,21.490878],[39.234237,21.490873],[39.234232,21.490853],[39.234232,21.49085],[39.234231,21.490848],[39.234231,21.490846],[39.234231,21.490844],[39.234231,21.490842],[39.234232,21.49084],[39.234232,21.490837],[39.234233,21.490835],[39.234233,21.490833],[39.234234,21.490831],[39.234236,21.490829],[39.234237,21.490827],[39.234238,21.490825],[39.23424,21.490824],[39.234241,21.490822],[39.234243,21.490821],[39.234245,21.490819],[39.234247,21.490818],[39.234249,21.490817],[39.234251,21.490816],[39.234253,21.490815],[39.234255,21.490815],[39.234258,21.490814],[39.2343,21.490807],[39.234335,21.490802],[39.234343,21.490801],[39.234357,21.490798],[39.234371,21.490796],[39.23438,21.490794],[39.234389,21.490792],[39.234397,21.490791],[39.234402,21.49079],[39.234405,21.490789],[39.234407,21.490789],[39.23441,21.490788],[39.23441,21.490788],[39.234413,21.490788],[39.234397,21.490667],[39.234395,21.490668],[39.234392,21.490669],[39.234389,21.49067],[39.234386,21.490671],[39.234384,21.490672],[39.234381,21.490673],[39.234378,21.490674],[39.234376,21.490674],[39.234308,21.490686],[39.234308,21.490686],[39.234308,21.490686],[39.234307,21.490686],[39.234307,21.490686],[39.234306,21.490686],[39.234306,21.490686],[39.234306,21.490686],[39.234305,21.490686],[39.234305,21.490686],[39.234304,21.490686],[39.234304,21.490685],[39.234304,21.490685],[39.234303,21.490685],[39.234303,21.490685],[39.234303,21.490684],[39.234302,21.490684],[39.234302,21.490684],[39.234302,21.490684],[39.234302,21.490683],[39.234301,21.490683],[39.234301,21.490683],[39.234301,21.490682],[39.234301,21.490682],[39.234301,21.490681],[39.234301,21.490681],[39.2343,21.490676],[39.2343,21.490675],[39.2343,21.490675],[39.2343,21.490674],[39.2343,21.490674],[39.2343,21.490674],[39.2343,21.490673],[39.234301,21.490673],[39.234301,21.490672],[39.234301,21.490672],[39.234301,21.490672],[39.234302,21.490671],[39.234302,21.490671],[39.234302,21.490671],[39.234302,21.49067],[39.234303,21.49067],[39.234303,21.49067],[39.234304,21.49067],[39.234304,21.49067],[39.234304,21.490669],[39.234305,21.490669],[39.234305,21.490669],[39.234352,21.490661],[39.234356,21.490659],[39.234359,21.490658],[39.234362,21.490656],[39.234365,21.490654],[39.234368,21.490651],[39.234371,21.490649],[39.234374,21.490646],[39.234376,21.490644],[39.234378,21.490641],[39.23438,21.490638],[39.234382,21.490635],[39.234383,21.490631],[39.234385,21.490628],[39.234386,21.490625],[39.234386,21.490621],[39.234386,21.490621],[39.234386,21.49062],[39.234386,21.49062],[39.234386,21.49062],[39.234386,21.490619],[39.234386,21.490619],[39.234386,21.490618],[39.234386,21.490618],[39.234386,21.490618],[39.234386,21.490617],[39.234386,21.490617],[39.234386,21.490616],[39.234386,21.490616],[39.234386,21.490616],[39.234386,21.490615],[39.234387,21.490615],[39.234387,21.490615],[39.234387,21.490614],[39.234388,21.490614],[39.234388,21.490614],[39.234388,21.490614],[39.234389,21.490613],[39.234389,21.490613],[39.234389,21.490613],[39.23439,21.490613],[39.23439,21.490613],[39.234391,21.490613],[39.234396,21.49061],[39.234413,21.490608],[39.234411,21.490593],[39.234405,21.490593],[39.234375,21.490302],[39.234353,21.490092],[39.234345,21.49001],[39.234297,21.490014],[39.234295,21.490011],[39.234294,21.490007],[39.234292,21.490004],[39.23429,21.490001],[39.234288,21.489998],[39.234286,21.489995],[39.234283,21.489993],[39.23428,21.48999],[39.234277,21.489988],[39.234274,21.489986],[39.234271,21.489984],[39.234268,21.489982],[39.234264,21.489981],[39.234261,21.489979],[39.234257,21.489978],[39.234247,21.489978],[39.234237,21.489944],[39.234238,21.489894],[39.234209,21.489894],[39.23418,21.489894],[39.23415,21.489894],[39.234121,21.489894],[39.234092,21.489894],[39.234063,21.489894],[39.234034,21.489894],[39.234005,21.489894],[39.233976,21.489894],[39.233947,21.489893],[39.233918,21.489893],[39.233889,21.489893],[39.23386,21.489893],[39.233831,21.489893],[39.233802,21.489893],[39.233773,21.489893],[39.233744,21.489893],[39.233715,21.489893],[39.233686,21.489893],[39.233657,21.489893],[39.233628,21.489892],[39.233599,21.489892],[39.23357,21.489892],[39.233541,21.489892],[39.233512,21.489892],[39.233483,21.489892],[39.233454,21.489892],[39.233425,21.489892],[39.233396,21.489892],[39.233367,21.489892],[39.233338,21.489892],[39.233309,21.489891],[39.23328,21.489891],[39.233251,21.489891],[39.233222,21.489891],[39.233193,21.489891],[39.233163,21.489891],[39.233134,21.489891],[39.233105,21.489891],[39.233076,21.489891],[39.233047,21.489891],[39.233047,21.48994],[39.233043,21.489947],[39.233041,21.489945],[39.233039,21.489943],[39.233037,21.489941],[39.233035,21.489938],[39.233034,21.489935],[39.233032,21.489933],[39.233031,21.48993],[39.23303,21.489927],[39.233029,21.489924],[39.23297,21.49003],[39.232975,21.49003],[39.23298,21.490029],[39.232985,21.490029],[39.23299,21.49003],[39.232995,21.490031],[39.233,21.490032],[39.233005,21.490033],[39.233007,21.490034],[39.233009,21.490035],[39.23301,21.490035],[39.233015,21.490038],[39.233017,21.490038],[39.233017,21.490039],[39.233018,21.490039],[39.233018,21.490039],[39.233019,21.49004],[39.233019,21.49004],[39.233019,21.49004],[39.23302,21.490041],[39.23302,21.490041],[39.23302,21.490041],[39.23302,21.490042],[39.233021,21.490042],[39.233021,21.490043],[39.233021,21.490043],[39.233021,21.490044],[39.233021,21.490044],[39.233021,21.490045],[39.233021,21.490045],[39.233021,21.490045],[39.233021,21.490046],[39.233021,21.490046],[39.233021,21.490047],[39.233021,21.490047],[39.23302,21.490048],[39.23302,21.490048],[39.23302,21.490049],[39.233009,21.49007],[39.232996,21.490094],[39.232983,21.490118],[39.23297,21.490142],[39.232956,21.490167],[39.232943,21.490191],[39.23293,21.490215],[39.232917,21.490239],[39.232904,21.490264],[39.232891,21.490288],[39.232878,21.490312],[39.232865,21.490337],[39.232852,21.490361],[39.232839,21.490385],[39.232826,21.490409],[39.232813,21.490434],[39.2328,21.490458],[39.232787,21.490482],[39.232774,21.490506],[39.232761,21.490531],[39.232748,21.490555],[39.232734,21.490579],[39.232721,21.490603],[39.232708,21.490628],[39.232695,21.490652],[39.232682,21.490676],[39.232669,21.490701],[39.232656,21.490725],[39.232643,21.490749],[39.23263,21.490773],[39.232617,21.490798],[39.232607,21.490816],[39.232604,21.490822],[39.232603,21.490823],[39.232604,21.490823],[39.232604,21.490824],[39.232604,21.490824],[39.232605,21.490825],[39.232605,21.490826],[39.232605,21.490826],[39.232605,21.490827],[39.232605,21.490828],[39.232605,21.490828],[39.232605,21.490829],[39.232605,21.49083],[39.232605,21.49083],[39.232605,21.490831],[39.232598,21.490851],[39.232626,21.49086],[39.232653,21.490868],[39.232681,21.490876],[39.232709,21.490884],[39.232736,21.490893],[39.232764,21.490901],[39.232792,21.490909],[39.232819,21.490917],[39.232847,21.490925],[39.232875,21.490934],[39.232902,21.490942],[39.23293,21.49095],[39.232958,21.490958],[39.232985,21.490967],[39.233013,21.490975],[39.233041,21.490983],[39.233068,21.490991],[39.233096,21.490999],[39.233124,21.491008],[39.233151,21.491016],[39.233179,21.491024],[39.233207,21.491032],[39.233234,21.491041],[39.233262,21.49105],[39.233265,21.491051],[39.233294,21.491045],[39.233322,21.49104],[39.233351,21.491035],[39.233379,21.49103],[39.233408,21.491025],[39.233437,21.491019],[39.233465,21.491014],[39.233494,21.491009],[39.233522,21.491004],[39.233551,21.490999],[39.233579,21.490993],[39.233608,21.490988],[39.233637,21.490983],[39.233637,21.490983],[39.233645,21.490982],[39.233655,21.49098],[39.233657,21.490979],[39.233659,21.490979],[39.23366,21.490979],[39.233661,21.490979],[39.233662,21.490979],[39.233664,21.490979],[39.233665,21.490979],[39.233666,21.49098],[39.233667,21.49098],[39.233668,21.490981],[39.233669,21.490981],[39.233671,21.490982],[39.233672,21.490982],[39.233672,21.490983],[39.233673,21.490984],[39.233674,21.490985],[39.233675,21.490986],[39.233676,21.490987],[39.233676,21.490988],[39.233677,21.490989],[39.233677,21.49099],[39.233678,21.490991],[39.233688,21.491041],[39.233688,21.491043],[39.233688,21.491045],[39.233688,21.491047],[39.233687,21.491048],[39.233687,21.49105],[39.233686,21.491052],[39.233686,21.491053],[39.233685,21.491055],[39.233684,21.491057],[39.233683,21.491058],[39.233681,21.491059],[39.23368,21.491061],[39.233679,21.491062],[39.233677,21.491063],[39.233676,21.491064],[39.233674,21.491065],[39.233673,21.491066],[39.233671,21.491067],[39.233669,21.491067]]]]},"properties":{"capacity":484.0,"subtype":1,"branch":"السليمانية","area_sqm":18791.818,"parking_id":"NET_PARKING_LOTS-000338"}},{"type":"Feature","id":"NET_PARKING_LOTS-000339","geometry":{"type":"MultiPolygon","coordinates":[[[[39.234625,21.490733],[39.234676,21.490728],[39.234676,21.490745],[39.234724,21.490794],[39.235014,21.49076],[39.235003,21.490655],[39.235089,21.490644],[39.235081,21.490589],[39.235111,21.490585],[39.235131,21.490529],[39.235115,21.490412],[39.235092,21.490242],[39.235085,21.490188],[39.235069,21.490072],[39.235061,21.490018],[39.235046,21.489901],[39.235038,21.489847],[39.235022,21.489731],[39.235015,21.489677],[39.234999,21.489561],[39.234992,21.489507],[39.234982,21.489439],[39.234637,21.489477],[39.234647,21.489547],[39.234511,21.489562],[39.234498,21.489563],[39.234625,21.490733]]]]},"properties":{"capacity":224.0,"subtype":1,"branch":"السليمانية","area_sqm":7349.956,"parking_id":"NET_PARKING_LOTS-000339"}},{"type":"Feature","id":"NET_PARKING_LOTS-000340","geometry":{"type":"MultiPolygon","coordinates":[[[[39.239132,21.489363],[39.239107,21.488774],[39.239068,21.48873],[39.237746,21.488872],[39.237834,21.489533],[39.239132,21.489363]]]]},"properties":{"capacity":199.0,"subtype":1,"branch":"السليمانية","area_sqm":9982.449,"parking_id":"NET_PARKING_LOTS-000340"}},{"type":"Feature","id":"NET_PARKING_LOTS-000341","geometry":{"type":"MultiPolygon","coordinates":[[[[39.248532,21.491829],[39.24843,21.490956],[39.2484,21.490729],[39.248367,21.490382],[39.247944,21.490444],[39.248039,21.491087],[39.248049,21.491149],[39.24804,21.49115],[39.24804,21.491157],[39.24811,21.491154],[39.248115,21.491205],[39.248074,21.491208],[39.248122,21.491633],[39.248141,21.491801],[39.248145,21.491809],[39.248148,21.491817],[39.248152,21.491826],[39.248156,21.491834],[39.24816,21.491842],[39.248164,21.49185],[39.248168,21.491858],[39.248532,21.491829]]]]},"properties":{"capacity":64.0,"subtype":1,"branch":"السليمانية","area_sqm":6550.792,"parking_id":"NET_PARKING_LOTS-000341"}},{"type":"Feature","id":"NET_PARKING_LOTS-000342","geometry":{"type":"MultiPolygon","coordinates":[[[[39.249508,21.490985],[39.249459,21.490605],[39.2484,21.490729],[39.24843,21.490956],[39.248895,21.490893],[39.248927,21.491063],[39.249508,21.490985]]]]},"properties":{"capacity":44.0,"subtype":1,"branch":"السليمانية","area_sqm":3845.444,"parking_id":"NET_PARKING_LOTS-000342"}},{"type":"Feature","id":"NET_PARKING_LOTS-000343","geometry":{"type":"MultiPolygon","coordinates":[[[[39.248919,21.490587],[39.248891,21.49039],[39.248429,21.490448],[39.248455,21.490642],[39.248919,21.490587]]]]},"properties":{"capacity":20.0,"subtype":1,"branch":"السليمانية","area_sqm":1055.612,"parking_id":"NET_PARKING_LOTS-000343"}},{"type":"Feature","id":"NET_PARKING_LOTS-000344","geometry":{"type":"MultiPolygon","coordinates":[[[[39.251616,21.490475],[39.251657,21.490409],[39.252035,21.490365],[39.252127,21.490977],[39.251745,21.49102],[39.251745,21.491019],[39.25168,21.491026],[39.251692,21.491118],[39.252139,21.491057],[39.25242,21.491018],[39.252503,21.491007],[39.252738,21.490975],[39.252575,21.489933],[39.252392,21.489956],[39.252388,21.489957],[39.252385,21.489958],[39.252382,21.48996],[39.252379,21.489962],[39.252376,21.489964],[39.252373,21.489966],[39.25237,21.489968],[39.252368,21.48997],[39.252366,21.489973],[39.252363,21.489976],[39.252362,21.489978],[39.25236,21.489981],[39.252358,21.489984],[39.252287,21.49],[39.252255,21.490002],[39.251588,21.490077],[39.251622,21.490338],[39.251616,21.490475]]]]},"properties":{"capacity":214.0,"subtype":1,"branch":"السليمانية","area_sqm":9185.941,"parking_id":"NET_PARKING_LOTS-000344"}},{"type":"Feature","id":"NET_PARKING_LOTS-000345","geometry":{"type":"MultiPolygon","coordinates":[[[[39.24984,21.49088],[39.250246,21.490829],[39.250221,21.490659],[39.250221,21.490654],[39.25022,21.490649],[39.250219,21.490644],[39.250218,21.490639],[39.250216,21.490634],[39.250214,21.490629],[39.250211,21.490625],[39.250209,21.490621],[39.250205,21.490616],[39.250202,21.490612],[39.250198,21.490609],[39.250194,21.490605],[39.25019,21.490602],[39.250186,21.490599],[39.250181,21.490597],[39.250176,21.490594],[39.250171,21.490593],[39.250166,21.490591],[39.250161,21.49059],[39.250155,21.490589],[39.25015,21.490588],[39.250145,21.490588],[39.250139,21.490588],[39.250134,21.490589],[39.250128,21.49059],[39.250123,21.490591],[39.250118,21.490592],[39.250113,21.490594],[39.250108,21.490597],[39.249959,21.490614],[39.24995,21.490565],[39.249793,21.490586],[39.24984,21.49088]]]]},"properties":{"capacity":26.0,"subtype":1,"branch":"السليمانية","area_sqm":1251.337,"parking_id":"NET_PARKING_LOTS-000345"}},{"type":"Feature","id":"NET_PARKING_LOTS-000346","geometry":{"type":"MultiPolygon","coordinates":[[[[39.249552,21.489698],[39.249647,21.489174],[39.249361,21.489126],[39.249298,21.489116],[39.249382,21.488614],[39.249321,21.488606],[39.249287,21.488797],[39.249281,21.488829],[39.249248,21.48902],[39.249252,21.489061],[39.249241,21.489059],[39.24924,21.489059],[39.24924,21.489059],[39.249239,21.48906],[39.249239,21.48906],[39.249238,21.48906],[39.249237,21.48906],[39.249237,21.489061],[39.249236,21.489061],[39.249236,21.489061],[39.249235,21.489062],[39.249235,21.489062],[39.249235,21.489063],[39.249234,21.489063],[39.249234,21.489064],[39.249233,21.489064],[39.249233,21.489065],[39.249233,21.489065],[39.249233,21.489066],[39.249233,21.489066],[39.249213,21.489172],[39.249213,21.489173],[39.249213,21.489174],[39.249213,21.489175],[39.249214,21.489176],[39.249214,21.489177],[39.249215,21.489177],[39.249215,21.489178],[39.249216,21.489179],[39.249217,21.489179],[39.249217,21.48918],[39.249218,21.48918],[39.249219,21.489181],[39.24922,21.489181],[39.24922,21.489182],[39.249221,21.489182],[39.249246,21.489186],[39.249231,21.48922],[39.249229,21.489228],[39.249211,21.489226],[39.24919,21.489346],[39.249166,21.489483],[39.249241,21.489493],[39.249238,21.489507],[39.249164,21.489496],[39.249158,21.489492],[39.249148,21.489536],[39.249149,21.489536],[39.24915,21.489536],[39.249152,21.489536],[39.249153,21.489536],[39.249154,21.489536],[39.249155,21.489536],[39.249157,21.489536],[39.249148,21.48955],[39.249145,21.489551],[39.249131,21.489632],[39.249552,21.489698]]]]},"properties":{"capacity":80.0,"subtype":1,"branch":"السليمانية","area_sqm":2934.675,"parking_id":"NET_PARKING_LOTS-000346"}},{"type":"Feature","id":"NET_PARKING_LOTS-000347","geometry":{"type":"MultiPolygon","coordinates":[[[[39.251573,21.489265],[39.251524,21.488948],[39.251525,21.48894],[39.25108,21.488867],[39.251077,21.488881],[39.251095,21.488902],[39.251083,21.488934],[39.251096,21.488936],[39.251118,21.48894],[39.251126,21.488904],[39.251142,21.488909],[39.251134,21.488955],[39.251134,21.488955],[39.251133,21.488956],[39.251133,21.488957],[39.251133,21.488958],[39.251133,21.488959],[39.251132,21.48896],[39.251132,21.488961],[39.251131,21.488962],[39.251131,21.488963],[39.25113,21.488963],[39.251129,21.488964],[39.251128,21.488965],[39.251128,21.488965],[39.251127,21.488966],[39.251126,21.488966],[39.251125,21.488967],[39.251124,21.488967],[39.251123,21.488968],[39.251122,21.488968],[39.251121,21.488968],[39.25112,21.488968],[39.251119,21.488968],[39.251118,21.488968],[39.251117,21.488968],[39.251116,21.488968],[39.251115,21.488968],[39.251114,21.488968],[39.251113,21.488967],[39.251112,21.488967],[39.251089,21.488963],[39.251089,21.488963],[39.25107,21.489],[39.251067,21.489023],[39.251056,21.489053],[39.250941,21.489679],[39.250901,21.489905],[39.251459,21.489984],[39.251573,21.489265]]]]},"properties":{"capacity":150.0,"subtype":1,"branch":"السليمانية","area_sqm":6412.449,"parking_id":"NET_PARKING_LOTS-000347"}},{"type":"Feature","id":"NET_PARKING_LOTS-000348","geometry":{"type":"MultiPolygon","coordinates":[[[[39.25226,21.489825],[39.252527,21.489797],[39.25255,21.48976],[39.252551,21.489746],[39.252544,21.489606],[39.252537,21.489559],[39.252527,21.489513],[39.252513,21.489468],[39.252495,21.489424],[39.252475,21.489381],[39.252451,21.48934],[39.252424,21.4893],[39.252395,21.489262],[39.252362,21.489226],[39.252327,21.489193],[39.25229,21.489161],[39.25225,21.489132],[39.252209,21.489106],[39.252208,21.489106],[39.252208,21.489106],[39.252207,21.489105],[39.252206,21.489105],[39.252205,21.489104],[39.252204,21.489104],[39.252203,21.489103],[39.252202,21.489103],[39.252202,21.489103],[39.252199,21.489101],[39.252197,21.4891],[39.252194,21.489098],[39.252192,21.489097],[39.252189,21.489095],[39.252186,21.489094],[39.252184,21.489092],[39.25217,21.489085],[39.252156,21.489079],[39.252142,21.489072],[39.252128,21.489066],[39.252114,21.48906],[39.2521,21.489055],[39.252085,21.489049],[39.252083,21.489048],[39.25208,21.489047],[39.252077,21.489046],[39.252074,21.489045],[39.252071,21.489044],[39.252068,21.489043],[39.252065,21.489042],[39.252046,21.489038],[39.252026,21.489033],[39.252006,21.489029],[39.251987,21.489026],[39.251967,21.489023],[39.251947,21.48902],[39.251927,21.489018],[39.252007,21.489662],[39.251542,21.489725],[39.251564,21.489904],[39.251571,21.489964],[39.251579,21.490053],[39.252279,21.489974],[39.25226,21.489825]]]]},"properties":{"capacity":142.0,"subtype":1,"branch":"السليمانية","area_sqm":6370.024,"parking_id":"NET_PARKING_LOTS-000348"}},{"type":"Feature","id":"NET_PARKING_LOTS-000349","geometry":{"type":"MultiPolygon","coordinates":[[[[39.25572,21.489039],[39.255718,21.48904],[39.255715,21.48904],[39.255713,21.489041],[39.25571,21.489042],[39.255707,21.489042],[39.255705,21.489042],[39.255702,21.489042],[39.255699,21.489042],[39.255696,21.489042],[39.255694,21.489041],[39.255691,21.48904],[39.255688,21.489039],[39.255686,21.489038],[39.255684,21.489037],[39.255681,21.489036],[39.255679,21.489034],[39.255677,21.489032],[39.255675,21.489031],[39.255673,21.489029],[39.255672,21.489027],[39.25567,21.489025],[39.255669,21.489022],[39.255668,21.48902],[39.255664,21.488988],[39.255233,21.48904],[39.255275,21.489326],[39.255301,21.489321],[39.255302,21.48932],[39.255304,21.489319],[39.255306,21.489318],[39.255309,21.489317],[39.255311,21.489316],[39.255313,21.489315],[39.255315,21.489315],[39.255318,21.489314],[39.25532,21.489314],[39.255322,21.489314],[39.255325,21.489314],[39.255327,21.489314],[39.255329,21.489314],[39.255332,21.489315],[39.255334,21.489316],[39.255336,21.489316],[39.255338,21.489317],[39.25534,21.489318],[39.255342,21.48932],[39.255344,21.489321],[39.255346,21.489322],[39.255348,21.489324],[39.255349,21.489325],[39.255351,21.489327],[39.255352,21.489329],[39.255353,21.489331],[39.255354,21.489333],[39.25536,21.489382],[39.255703,21.489335],[39.255702,21.489331],[39.255698,21.489282],[39.255753,21.489271],[39.25572,21.489039]]]]},"properties":{"capacity":53.0,"subtype":1,"branch":"السليمانية","area_sqm":1819.916,"parking_id":"NET_PARKING_LOTS-000349"}},{"type":"Feature","id":"NET_PARKING_LOTS-000350","geometry":{"type":"MultiPolygon","coordinates":[[[[39.254351,21.490659],[39.255638,21.490485],[39.25563,21.490397],[39.254341,21.490571],[39.254351,21.490659]]]]},"properties":{"capacity":39.0,"subtype":1,"branch":"السليمانية","area_sqm":1317.58,"parking_id":"NET_PARKING_LOTS-000350"}},{"type":"Feature","id":"NET_PARKING_LOTS-000351","geometry":{"type":"MultiPolygon","coordinates":[[[[39.25235,21.488331],[39.252434,21.487622],[39.252106,21.487577],[39.252021,21.48749],[39.250681,21.487291],[39.25068,21.487293],[39.250721,21.487298],[39.250505,21.488478],[39.252007,21.488717],[39.252055,21.488668],[39.252102,21.48862],[39.252149,21.488571],[39.252196,21.488522],[39.252243,21.488473],[39.252289,21.488424],[39.252335,21.488374],[39.252338,21.488368],[39.25234,21.488362],[39.252342,21.488356],[39.252344,21.48835],[39.252346,21.488344],[39.252348,21.488337],[39.25235,21.488331]],[[39.250796,21.487921],[39.25089,21.487439],[39.251508,21.487541],[39.251414,21.488023],[39.250796,21.487921]],[[39.251476,21.487964],[39.251551,21.487582],[39.251639,21.487597],[39.251609,21.487748],[39.25163,21.487752],[39.251615,21.487828],[39.251594,21.487824],[39.251564,21.487978],[39.251476,21.487964]]]]},"properties":{"capacity":254.0,"subtype":1,"description":"1","branch":"السليمانية","area_sqm":19727.699,"parking_id":"NET_PARKING_LOTS-000351"}},{"type":"Feature","id":"NET_PARKING_LOTS-000352","geometry":{"type":"MultiPolygon","coordinates":[[[[39.250437,21.488467],[39.250633,21.487431],[39.250201,21.487366],[39.250026,21.488402],[39.250437,21.488467]],[[39.250354,21.48813],[39.25038,21.487988],[39.250476,21.488003],[39.250449,21.488146],[39.250354,21.48813]],[[39.250418,21.487526],[39.2505,21.487522],[39.250505,21.487636],[39.250423,21.487639],[39.250418,21.487526]]]]},"properties":{"capacity":60.0,"subtype":1,"branch":"السليمانية","area_sqm":4881.487,"parking_id":"NET_PARKING_LOTS-000352"}},{"type":"Feature","id":"NET_PARKING_LOTS-000353","geometry":{"type":"MultiPolygon","coordinates":[[[[39.249315,21.488293],[39.249402,21.487775],[39.248897,21.487705],[39.248812,21.488204],[39.249315,21.488293]]]]},"properties":{"capacity":50.0,"subtype":1,"branch":"السليمانية","area_sqm":3018.911,"parking_id":"NET_PARKING_LOTS-000353"}},{"type":"Feature","id":"NET_PARKING_LOTS-000354","geometry":{"type":"MultiPolygon","coordinates":[[[[39.249761,21.487222],[39.249905,21.487248],[39.249905,21.487249],[39.249906,21.487249],[39.249906,21.487249],[39.249906,21.48725],[39.249907,21.48725],[39.249907,21.487251],[39.249907,21.487251],[39.25002,21.487268],[39.250022,21.487268],[39.250024,21.487268],[39.250026,21.487268],[39.250029,21.487268],[39.250031,21.487268],[39.250033,21.487269],[39.250035,21.487269],[39.250127,21.487283],[39.250137,21.487206],[39.250135,21.487202],[39.250134,21.487197],[39.250133,21.487192],[39.250133,21.487188],[39.250132,21.487183],[39.250132,21.487178],[39.250133,21.487173],[39.250134,21.487169],[39.250135,21.487164],[39.250136,21.487159],[39.250138,21.487155],[39.249657,21.487072],[39.24965,21.487116],[39.24965,21.487118],[39.249649,21.487119],[39.249648,21.487121],[39.249647,21.487123],[39.249646,21.487124],[39.249645,21.487126],[39.249643,21.487127],[39.249642,21.487128],[39.24964,21.487129],[39.249639,21.48713],[39.249637,21.487131],[39.249635,21.487132],[39.249633,21.487133],[39.249632,21.487134],[39.24963,21.487134],[39.249628,21.487135],[39.249626,21.487135],[39.249624,21.487135],[39.249622,21.487135],[39.24962,21.487135],[39.249618,21.487135],[39.249616,21.487134],[39.249614,21.487134],[39.249612,21.487133],[39.24961,21.487132],[39.249608,21.487132],[39.249607,21.487131],[39.249605,21.48713],[39.249604,21.487128],[39.249602,21.487127],[39.249601,21.487126],[39.249599,21.487124],[39.249598,21.487123],[39.249597,21.487121],[39.249596,21.48712],[39.249595,21.487118],[39.249595,21.487116],[39.249594,21.487114],[39.249594,21.487113],[39.249594,21.487111],[39.249593,21.487109],[39.2496,21.487068],[39.249601,21.487066],[39.249603,21.487064],[39.249604,21.487063],[39.249605,21.487061],[39.249607,21.487059],[39.249608,21.487058],[39.24961,21.487057],[39.249612,21.487055],[39.249614,21.487054],[39.249616,21.487053],[39.249618,21.487052],[39.24962,21.487052],[39.249622,21.487051],[39.249624,21.487051],[39.249626,21.48705],[39.249629,21.48705],[39.249631,21.48705],[39.249633,21.48705],[39.249635,21.487051],[39.249638,21.487051],[39.24964,21.487051],[39.25014,21.487138],[39.250146,21.487108],[39.250148,21.487106],[39.25015,21.487103],[39.250152,21.487101],[39.250154,21.487099],[39.250156,21.487097],[39.250159,21.487095],[39.250162,21.487094],[39.250164,21.487093],[39.250167,21.487091],[39.25017,21.48709],[39.250173,21.48709],[39.250176,21.487089],[39.250179,21.487089],[39.249569,21.486987],[39.24949,21.487398],[39.249547,21.487407],[39.249545,21.487419],[39.249546,21.48742],[39.249546,21.487421],[39.249546,21.487421],[39.249546,21.487422],[39.249547,21.487423],[39.249547,21.487424],[39.249547,21.487424],[39.249547,21.487425],[39.249547,21.487426],[39.249547,21.487427],[39.249547,21.487427],[39.249546,21.487428],[39.249546,21.487429],[39.249546,21.487429],[39.249546,21.48743],[39.249545,21.487431],[39.249545,21.487431],[39.249544,21.487432],[39.249544,21.487432],[39.249543,21.487433],[39.249543,21.487434],[39.249524,21.487536],[39.249711,21.487565],[39.249722,21.487564],[39.249713,21.487563],[39.249769,21.487299],[39.249734,21.487294],[39.249732,21.487293],[39.24973,21.487293],[39.249728,21.487292],[39.249727,21.487291],[39.249725,21.487291],[39.249723,21.48729],[39.249722,21.487289],[39.24972,21.487288],[39.249719,21.487286],[39.249717,21.487285],[39.249716,21.487284],[39.249715,21.487282],[39.249714,21.487281],[39.249713,21.487279],[39.249712,21.487277],[39.249711,21.487276],[39.249711,21.487274],[39.24971,21.487272],[39.24971,21.48727],[39.249709,21.487269],[39.249709,21.487267],[39.249709,21.487265],[39.24971,21.487263],[39.24971,21.487261],[39.24971,21.48726],[39.249711,21.487257],[39.249711,21.487254],[39.249712,21.487251],[39.249712,21.487249],[39.249713,21.487246],[39.249715,21.487244],[39.249716,21.487241],[39.249718,21.487239],[39.249719,21.487237],[39.249721,21.487234],[39.249723,21.487232],[39.249725,21.487231],[39.249728,21.487229],[39.24973,21.487227],[39.249733,21.487226],[39.249735,21.487225],[39.249738,21.487224],[39.249741,21.487223],[39.249744,21.487222],[39.249747,21.487222],[39.24975,21.487222],[39.249753,21.487221],[39.249755,21.487222],[39.249758,21.487222],[39.249761,21.487222]]]]},"properties":{"capacity":77.0,"subtype":1,"branch":"السليمانية","area_sqm":2101.616,"parking_id":"NET_PARKING_LOTS-000354"}},{"type":"Feature","id":"NET_PARKING_LOTS-000355","geometry":{"type":"MultiPolygon","coordinates":[[[[39.251684,21.486227],[39.251469,21.487345],[39.251977,21.48742],[39.251977,21.487402],[39.252039,21.487411],[39.252159,21.487385],[39.252466,21.487434],[39.252562,21.486847],[39.252611,21.486557],[39.252587,21.486554],[39.252597,21.486509],[39.252627,21.48634],[39.251827,21.486208],[39.251819,21.486248],[39.251818,21.486249],[39.251818,21.48625],[39.251817,21.486251],[39.251817,21.486252],[39.251816,21.486252],[39.251815,21.486253],[39.251814,21.486254],[39.251813,21.486254],[39.251812,21.486255],[39.251811,21.486255],[39.25181,21.486256],[39.251809,21.486256],[39.251808,21.486256],[39.251695,21.486237],[39.251694,21.486237],[39.251693,21.486237],[39.251693,21.486237],[39.251692,21.486236],[39.251691,21.486236],[39.251691,21.486236],[39.25169,21.486236],[39.251689,21.486235],[39.251689,21.486235],[39.251688,21.486235],[39.251688,21.486234],[39.251687,21.486234],[39.251687,21.486233],[39.251686,21.486233],[39.251686,21.486232],[39.251686,21.486231],[39.251685,21.486231],[39.251685,21.48623],[39.251685,21.48623],[39.251685,21.486229],[39.251685,21.486228],[39.251685,21.486228],[39.251684,21.486227]]]]},"properties":{"capacity":202.0,"subtype":1,"description":"1","branch":"السليمانية","area_sqm":12778.4,"parking_id":"NET_PARKING_LOTS-000355"}},{"type":"Feature","id":"NET_PARKING_LOTS-000356","geometry":{"type":"MultiPolygon","coordinates":[[[[39.24732,21.486538],[39.24733,21.48654],[39.247393,21.486189],[39.247271,21.486172],[39.247296,21.486001],[39.247218,21.485982],[39.247136,21.486505],[39.24732,21.486538]]]]},"properties":{"capacity":32.0,"subtype":1,"branch":"السليمانية","area_sqm":978.105,"parking_id":"NET_PARKING_LOTS-000356"}},{"type":"Feature","id":"NET_PARKING_LOTS-000357","geometry":{"type":"MultiPolygon","coordinates":[[[[39.248322,21.486095],[39.248398,21.486107],[39.248462,21.486116],[39.248511,21.485834],[39.248643,21.485851],[39.248687,21.485642],[39.248427,21.485597],[39.248322,21.486095]]]]},"properties":{"capacity":68.0,"subtype":1,"description":"1","branch":"السليمانية","area_sqm":1109.133,"parking_id":"NET_PARKING_LOTS-000357"}},{"type":"Feature","id":"NET_PARKING_LOTS-000358","geometry":{"type":"MultiPolygon","coordinates":[[[[39.248308,21.486617],[39.248305,21.486617],[39.248303,21.48663],[39.248288,21.486705],[39.248959,21.486802],[39.249032,21.486337],[39.248706,21.486286],[39.248649,21.48667],[39.248374,21.486627],[39.248308,21.486617]]]]},"properties":{"capacity":27.0,"subtype":1,"branch":"السليمانية","area_sqm":2132.608,"parking_id":"NET_PARKING_LOTS-000358"}},{"type":"Feature","id":"NET_PARKING_LOTS-000359","geometry":{"type":"MultiPolygon","coordinates":[[[[39.249567,21.486164],[39.249591,21.486039],[39.2496,21.48604],[39.249608,21.486001],[39.249604,21.486001],[39.249604,21.486],[39.249611,21.485961],[39.249605,21.48596],[39.249632,21.485821],[39.249137,21.485739],[39.249111,21.485878],[39.249105,21.485877],[39.249098,21.485916],[39.249098,21.485917],[39.249094,21.485917],[39.249086,21.485956],[39.249096,21.485957],[39.249073,21.486083],[39.249567,21.486164]]]]},"properties":{"subtype":1,"description":"شطر الطلاب","branch":"السليمانية","area_sqm":2022.307,"parking_id":"NET_PARKING_LOTS-000359"}},{"type":"Feature","id":"NET_PARKING_LOTS-000360","geometry":{"type":"MultiPolygon","coordinates":[[[[39.250586,21.487212],[39.25059,21.48719],[39.250594,21.487171],[39.250355,21.487133],[39.25035,21.487174],[39.250586,21.487212]]]]},"properties":{"capacity":10.0,"subtype":1,"branch":"السليمانية","area_sqm":114.754,"parking_id":"NET_PARKING_LOTS-000360"}},{"type":"Feature","id":"NET_PARKING_LOTS-000361","geometry":{"type":"MultiPolygon","coordinates":[[[[39.25054,21.487406],[39.25055,21.487348],[39.250596,21.487352],[39.250613,21.487231],[39.250379,21.487195],[39.250345,21.487377],[39.25054,21.487406]]]]},"properties":{"capacity":20.0,"subtype":1,"branch":"السليمانية","area_sqm":477.417,"parking_id":"NET_PARKING_LOTS-000361"}},{"type":"Feature","id":"NET_PARKING_LOTS-000362","geometry":{"type":"MultiPolygon","coordinates":[[[[39.249855,21.487569],[39.249901,21.48734],[39.249853,21.487335],[39.24981,21.487562],[39.249855,21.487569]]]]},"properties":{"capacity":8.0,"subtype":1,"branch":"السليمانية","area_sqm":123.905,"parking_id":"NET_PARKING_LOTS-000362"}},{"type":"Feature","id":"NET_PARKING_LOTS-000363","geometry":{"type":"MultiPolygon","coordinates":[[[[39.249987,21.487615],[39.250031,21.487365],[39.249984,21.487356],[39.249939,21.487608],[39.249987,21.487615]]]]},"properties":{"capacity":10.0,"subtype":1,"branch":"السليمانية","area_sqm":140.393,"parking_id":"NET_PARKING_LOTS-000363"}},{"type":"Feature","id":"NET_PARKING_LOTS-000364","geometry":{"type":"MultiPolygon","coordinates":[[[[39.250128,21.487678],[39.250184,21.487385],[39.250132,21.487378],[39.250075,21.487672],[39.250128,21.487678]]]]},"properties":{"capacity":12.0,"subtype":1,"branch":"السليمانية","area_sqm":180.302,"parking_id":"NET_PARKING_LOTS-000364"}},{"type":"Feature","id":"NET_PARKING_LOTS-000365","geometry":{"type":"MultiPolygon","coordinates":[[[[39.249959,21.486629],[39.249919,21.486765],[39.249754,21.486747],[39.249746,21.486751],[39.249711,21.48683],[39.2497,21.486842],[39.249694,21.486856],[39.249697,21.486874],[39.249697,21.486874],[39.249723,21.486888],[39.249835,21.486908],[39.250133,21.486953],[39.25028,21.486977],[39.250433,21.487005],[39.250512,21.487032],[39.25061,21.487085],[39.250688,21.487123],[39.250786,21.487171],[39.250858,21.487194],[39.250989,21.487214],[39.25125,21.487258],[39.251275,21.487242],[39.25135,21.486845],[39.251323,21.486815],[39.250388,21.486658],[39.25038,21.486679],[39.250153,21.486648],[39.249959,21.486629]]]]},"properties":{"capacity":150.0,"subtype":1,"branch":"السليمانية","area_sqm":6458.379,"parking_id":"NET_PARKING_LOTS-000365"}},{"type":"Feature","id":"NET_PARKING_LOTS-000366","geometry":{"type":"MultiPolygon","coordinates":[[[[39.264587,21.49126],[39.264543,21.491114],[39.264163,21.491209],[39.264025,21.490788],[39.263709,21.490872],[39.263835,21.491275],[39.263857,21.491269],[39.263913,21.491432],[39.264587,21.49126]]]]},"properties":{"capacity":25.0,"subtype":1,"branch":"السليمانية","area_sqm":2893.774,"parking_id":"NET_PARKING_LOTS-000366"}},{"type":"Feature","id":"NET_PARKING_LOTS-000367","geometry":{"type":"MultiPolygon","coordinates":[[[[39.263006,21.48862],[39.263292,21.488537],[39.263201,21.488257],[39.262911,21.48834],[39.263006,21.48862]]]]},"properties":{"capacity":9.0,"subtype":1,"branch":"السليمانية","area_sqm":1010.103,"parking_id":"NET_PARKING_LOTS-000367"}},{"type":"Feature","id":"NET_PARKING_LOTS-000368","geometry":{"type":"MultiPolygon","coordinates":[[[[39.240767,21.484953],[39.240753,21.484951],[39.240436,21.484896],[39.240433,21.484895],[39.240431,21.484895],[39.24043,21.484894],[39.240428,21.484893],[39.240426,21.484892],[39.240424,21.48489],[39.240423,21.484889],[39.240421,21.484887],[39.24042,21.484886],[39.240419,21.484884],[39.240417,21.484882],[39.240416,21.48488],[39.240416,21.484879],[39.240415,21.484877],[39.240414,21.484875],[39.240414,21.484873],[39.240414,21.484871],[39.240414,21.484869],[39.240414,21.484866],[39.240427,21.48471],[39.239645,21.484587],[39.239617,21.484674],[39.239584,21.484715],[39.239462,21.484707],[39.239433,21.48471],[39.239347,21.484718],[39.239323,21.484716],[39.239322,21.484716],[39.239319,21.48478],[39.239434,21.484799],[39.239436,21.484799],[39.239437,21.4848],[39.239438,21.4848],[39.239439,21.484801],[39.23944,21.484801],[39.239441,21.484802],[39.239442,21.484803],[39.239443,21.484803],[39.239444,21.484804],[39.239445,21.484805],[39.239446,21.484806],[39.239447,21.484807],[39.239447,21.484808],[39.239448,21.484809],[39.239448,21.48481],[39.239449,21.484811],[39.239449,21.484812],[39.239449,21.484813],[39.239449,21.484815],[39.23945,21.484816],[39.239449,21.484817],[39.239449,21.484818],[39.239449,21.484819],[39.239449,21.48482],[39.239449,21.484822],[39.239435,21.484895],[39.239434,21.484901],[39.239434,21.484907],[39.239434,21.484913],[39.239434,21.484919],[39.239435,21.484925],[39.239436,21.484931],[39.239438,21.484937],[39.239441,21.484943],[39.239443,21.484949],[39.239447,21.484954],[39.23945,21.484959],[39.239454,21.484964],[39.239458,21.484969],[39.239463,21.484973],[39.239468,21.484977],[39.239473,21.484981],[39.239479,21.484984],[39.239484,21.484987],[39.23949,21.48499],[39.239496,21.484992],[39.239503,21.484994],[39.239509,21.484995],[39.239516,21.484996],[39.239522,21.484997],[39.239529,21.484997],[39.239517,21.485057],[39.240599,21.485227],[39.240606,21.485191],[39.240606,21.48519],[39.240607,21.485188],[39.240607,21.485187],[39.240608,21.485186],[39.240609,21.485185],[39.24061,21.485184],[39.240611,21.485183],[39.240612,21.485182],[39.240613,21.485182],[39.240614,21.485181],[39.240615,21.48518],[39.240617,21.48518],[39.240618,21.485179],[39.240619,21.485179],[39.240621,21.485178],[39.240622,21.485178],[39.240623,21.485178],[39.240625,21.485178],[39.240626,21.485178],[39.240663,21.485173],[39.240668,21.485172],[39.240673,21.485169],[39.240678,21.485167],[39.240682,21.485164],[39.240687,21.485161],[39.240691,21.485158],[39.240695,21.485155],[39.240698,21.485151],[39.240702,21.485147],[39.240705,21.485143],[39.240708,21.485139],[39.24071,21.485134],[39.240712,21.48513],[39.240714,21.485125],[39.240716,21.48512],[39.240717,21.485115],[39.240718,21.48511],[39.240734,21.485028],[39.240735,21.485027],[39.240735,21.485026],[39.240736,21.485025],[39.240736,21.485024],[39.240737,21.485023],[39.240738,21.485022],[39.240739,21.485021],[39.240739,21.48502],[39.24074,21.48502],[39.240741,21.485019],[39.240742,21.485018],[39.240743,21.485018],[39.240744,21.485017],[39.240746,21.485017],[39.240747,21.485017],[39.240748,21.485016],[39.240749,21.485016],[39.24075,21.485016],[39.240752,21.485016],[39.240753,21.485016],[39.240754,21.485016],[39.240755,21.485016],[39.240756,21.485016],[39.240757,21.485016],[39.240758,21.485016],[39.240759,21.485016],[39.240767,21.484953]]]]},"properties":{"capacity":156.0,"subtype":1,"description":"CAR PARKING","branch":"السليمانية","area_sqm":6236.04,"parking_id":"NET_PARKING_LOTS-000368"}},{"type":"Feature","id":"NET_PARKING_LOTS-000369","geometry":{"type":"MultiPolygon","coordinates":[[[[39.244978,21.492941],[39.245508,21.492876],[39.245501,21.492825],[39.245541,21.49282],[39.245521,21.492681],[39.245605,21.492238],[39.245605,21.492238],[39.245533,21.491714],[39.244462,21.491845],[39.244554,21.492501],[39.244911,21.492457],[39.244978,21.492941]]]]},"properties":{"capacity":1571.0,"subtype":1,"branch":"السليمانية","area_sqm":11508.447,"parking_id":"NET_PARKING_LOTS-000369"}},{"type":"Feature","id":"NET_PARKING_LOTS-000370","geometry":{"type":"MultiPolygon","coordinates":[[[[39.253593,21.498261],[39.253606,21.498195],[39.253992,21.49611],[39.253998,21.496075],[39.254112,21.495463],[39.254161,21.495202],[39.254198,21.494986],[39.254218,21.494832],[39.25423,21.494709],[39.254238,21.494531],[39.254238,21.494352],[39.25423,21.494187],[39.254213,21.494009],[39.254199,21.493916],[39.254196,21.493904],[39.254192,21.493892],[39.254187,21.49388],[39.254181,21.493869],[39.254174,21.493858],[39.254166,21.493847],[39.254158,21.493837],[39.254149,21.493827],[39.254139,21.493818],[39.254129,21.49381],[39.254118,21.493802],[39.254107,21.493795],[39.254095,21.493789],[39.254083,21.493784],[39.25407,21.493779],[39.254057,21.493775],[39.254044,21.493772],[39.254043,21.493772],[39.254043,21.493772],[39.254042,21.493771],[39.254041,21.493771],[39.254041,21.493771],[39.25404,21.493771],[39.25404,21.493771],[39.254038,21.49377],[39.254036,21.493769],[39.254034,21.493769],[39.254032,21.493768],[39.25403,21.493767],[39.254029,21.493766],[39.254027,21.493765],[39.254002,21.493757],[39.253977,21.493748],[39.253953,21.493737],[39.253929,21.493725],[39.253907,21.493711],[39.253885,21.493697],[39.253865,21.493681],[39.253845,21.493664],[39.253827,21.493646],[39.25381,21.493627],[39.253794,21.493607],[39.253784,21.493594],[39.253773,21.493582],[39.253762,21.49357],[39.25375,21.493559],[39.253737,21.493549],[39.253723,21.49354],[39.25371,21.493531],[39.253708,21.49353],[39.253706,21.493529],[39.253704,21.493528],[39.253702,21.493527],[39.2537,21.493526],[39.253698,21.493525],[39.253696,21.493524],[39.253687,21.493518],[39.253678,21.493514],[39.253669,21.493509],[39.253659,21.493506],[39.253649,21.493503],[39.253639,21.493501],[39.253629,21.493499],[39.253619,21.493498],[39.253609,21.493498],[39.251984,21.493495],[39.251817,21.49349],[39.25165,21.493477],[39.251483,21.493456],[39.251319,21.493428],[39.251156,21.493391],[39.250995,21.493347],[39.250837,21.493295],[39.250794,21.493278],[39.250751,21.493261],[39.250708,21.493245],[39.250665,21.493229],[39.250622,21.493214],[39.250579,21.493199],[39.250535,21.493184],[39.250529,21.493182],[39.250524,21.493181],[39.250518,21.493179],[39.250511,21.493179],[39.250505,21.493178],[39.250499,21.493178],[39.250493,21.493179],[39.250487,21.49318],[39.250481,21.493181],[39.250475,21.493182],[39.25047,21.493184],[39.250464,21.493187],[39.250459,21.493189],[39.250453,21.493192],[39.250448,21.493196],[39.250444,21.493199],[39.250439,21.493203],[39.250435,21.493207],[39.250431,21.493212],[39.250428,21.493216],[39.250425,21.493221],[39.250422,21.493226],[39.250419,21.493232],[39.250417,21.493237],[39.250416,21.493243],[39.250414,21.493248],[39.250414,21.493254],[39.250413,21.493259],[39.250413,21.493265],[39.249611,21.497517],[39.249596,21.497599],[39.249595,21.497605],[39.249594,21.497611],[39.249594,21.497617],[39.249595,21.497623],[39.249595,21.497629],[39.249597,21.497636],[39.249599,21.497641],[39.249601,21.497647],[39.249603,21.497653],[39.249606,21.497659],[39.24961,21.497664],[39.249613,21.497669],[39.249618,21.497674],[39.249622,21.497678],[39.249627,21.497682],[39.249632,21.497686],[39.249637,21.49769],[39.249643,21.497693],[39.249649,21.497696],[39.249655,21.497699],[39.249661,21.497701],[39.249667,21.497702],[39.249674,21.497704],[39.250792,21.497889],[39.252243,21.498129],[39.253481,21.498334],[39.253488,21.498335],[39.253494,21.498335],[39.253501,21.498335],[39.253507,21.498335],[39.253514,21.498334],[39.25352,21.498333],[39.253527,21.498331],[39.253533,21.498329],[39.253539,21.498327],[39.253545,21.498324],[39.253551,21.498321],[39.253556,21.498317],[39.253561,21.498313],[39.253566,21.498309],[39.25357,21.498305],[39.253575,21.4983],[39.253579,21.498295],[39.253582,21.49829],[39.253585,21.498284],[39.253588,21.498279],[39.25359,21.498273],[39.253592,21.498267],[39.253593,21.498261]]]]},"properties":{"capacity":5345.0,"subtype":1,"branch":"السليمانية","area_sqm":212218.857,"parking_id":"NET_PARKING_LOTS-000370"}},{"type":"Feature","id":"NET_PARKING_LOTS-000371","geometry":{"type":"MultiPolygon","coordinates":[[[[39.232477,21.497299],[39.232477,21.497299],[39.232477,21.4973],[39.232477,21.4973],[39.232477,21.4973],[39.232477,21.497301],[39.232477,21.497301],[39.232477,21.497301],[39.232477,21.497299],[39.232476,21.497297],[39.232476,21.497294],[39.232475,21.497292],[39.232474,21.49729],[39.232473,21.497288],[39.232471,21.497286],[39.23247,21.497284],[39.232468,21.497282],[39.232466,21.49728],[39.232464,21.497279],[39.232462,21.497277],[39.23246,21.497276],[39.232458,21.497275],[39.232456,21.497274],[39.232453,21.497273],[39.232451,21.497272],[39.232448,21.497272],[39.232446,21.497271],[39.232443,21.497271],[39.232394,21.497277],[39.232394,21.497278],[39.232443,21.497272],[39.232446,21.497272],[39.232448,21.497273],[39.23245,21.497273],[39.232453,21.497274],[39.232455,21.497274],[39.232457,21.497275],[39.232459,21.497276],[39.232461,21.497278],[39.232463,21.497279],[39.232465,21.49728],[39.232466,21.497282],[39.232468,21.497283],[39.232469,21.497285],[39.232471,21.497287],[39.232472,21.497289],[39.232473,21.497291],[39.232474,21.497293],[39.232474,21.497295],[39.232475,21.497297],[39.232475,21.497299],[39.232476,21.497301],[39.232486,21.497372],[39.232486,21.497373],[39.232486,21.497373],[39.232486,21.497374],[39.232486,21.497374],[39.232485,21.497374],[39.232485,21.497375],[39.232485,21.497375],[39.232485,21.497376],[39.232485,21.497376],[39.232485,21.497376],[39.232484,21.497377],[39.232484,21.497377],[39.232484,21.497377],[39.232483,21.497378],[39.232483,21.497378],[39.232483,21.497378],[39.232482,21.497378],[39.232482,21.497379],[39.232481,21.497379],[39.232481,21.497379],[39.232481,21.497379],[39.23248,21.497379],[39.23248,21.497379],[39.232479,21.497379],[39.232479,21.497379],[39.232478,21.497379],[39.232478,21.497379],[39.232477,21.497379],[39.232477,21.497379],[39.232477,21.497378],[39.232481,21.497377],[39.23248,21.497372],[39.232477,21.497373],[39.232471,21.497329],[39.232474,21.497329],[39.232474,21.497324],[39.232406,21.497332],[39.232226,21.497354],[39.232221,21.497355],[39.232174,21.49736],[39.232174,21.49736],[39.232173,21.49736],[39.232173,21.497361],[39.232173,21.497361],[39.232172,21.497361],[39.232172,21.497361],[39.232172,21.497361],[39.232172,21.497361],[39.232171,21.497361],[39.232171,21.497362],[39.232171,21.497362],[39.232171,21.497362],[39.232171,21.497362],[39.23217,21.497363],[39.23217,21.497363],[39.23217,21.497363],[39.23217,21.497364],[39.23217,21.497364],[39.23217,21.497364],[39.23217,21.497364],[39.23217,21.497365],[39.23217,21.497365],[39.23217,21.497365],[39.232176,21.497409],[39.232186,21.497483],[39.23227,21.49808],[39.232275,21.498079],[39.232275,21.498076],[39.232324,21.49807],[39.232325,21.498078],[39.232325,21.498078],[39.232325,21.498079],[39.232325,21.498079],[39.232325,21.49808],[39.232325,21.49808],[39.232325,21.49808],[39.232324,21.498081],[39.232324,21.498081],[39.232324,21.498081],[39.232324,21.498082],[39.232324,21.498082],[39.232323,21.498082],[39.232323,21.498083],[39.232323,21.498083],[39.232322,21.498083],[39.232322,21.498083],[39.232322,21.498084],[39.232321,21.498084],[39.232321,21.498084],[39.232271,21.49809],[39.232265,21.498091],[39.232262,21.498091],[39.232258,21.498091],[39.232254,21.49809],[39.232251,21.498089],[39.232248,21.498087],[39.232245,21.498086],[39.232241,21.498082],[39.232239,21.49808],[39.232237,21.498077],[39.232235,21.498074],[39.232233,21.498068],[39.232232,21.498056],[39.23223,21.498057],[39.232232,21.498072],[39.232238,21.498112],[39.232242,21.498143],[39.232242,21.498145],[39.232241,21.498147],[39.232241,21.498149],[39.232241,21.498151],[39.232241,21.498153],[39.232241,21.498155],[39.232241,21.498157],[39.232242,21.498159],[39.232242,21.498161],[39.232243,21.498163],[39.232244,21.498165],[39.232245,21.498166],[39.232246,21.498168],[39.232258,21.498254],[39.232259,21.498254],[39.232258,21.498241],[39.232258,21.498238],[39.232258,21.498236],[39.232258,21.498234],[39.232259,21.498233],[39.232259,21.498231],[39.23226,21.498229],[39.232261,21.498227],[39.232262,21.498226],[39.232263,21.498224],[39.232264,21.498222],[39.232265,21.498221],[39.232267,21.49822],[39.232268,21.498218],[39.23227,21.498217],[39.232272,21.498216],[39.232273,21.498215],[39.232275,21.498215],[39.232277,21.498214],[39.232279,21.498213],[39.232281,21.498213],[39.232337,21.498206],[39.232337,21.498206],[39.232338,21.498206],[39.232338,21.498206],[39.232338,21.498206],[39.232339,21.498206],[39.232339,21.498206],[39.232339,21.498206],[39.23234,21.498206],[39.23234,21.498207],[39.232341,21.498207],[39.232341,21.498207],[39.232341,21.498207],[39.232341,21.498207],[39.232342,21.498208],[39.232342,21.498208],[39.232342,21.498208],[39.232342,21.498209],[39.232343,21.498209],[39.232343,21.498209],[39.232343,21.49821],[39.232343,21.49821],[39.232343,21.49821],[39.232343,21.498211],[39.232344,21.49822],[39.232296,21.498226],[39.232295,21.498222],[39.23229,21.498222],[39.232297,21.498277],[39.232373,21.498819],[39.232376,21.498839],[39.232383,21.498844],[39.232428,21.498838],[39.232435,21.498887],[39.232507,21.498878],[39.232513,21.498926],[39.233045,21.498861],[39.233042,21.498841],[39.233094,21.498834],[39.232882,21.497323],[39.232878,21.497323],[39.232875,21.497307],[39.232875,21.497307],[39.232875,21.497307],[39.232875,21.497307],[39.232875,21.497307],[39.232875,21.497307],[39.232875,21.497307],[39.232875,21.497307],[39.232875,21.497307],[39.232875,21.497307],[39.232875,21.497307],[39.232875,21.497307],[39.232875,21.497307],[39.232875,21.497307],[39.232875,21.497307],[39.232875,21.497307],[39.232875,21.497307],[39.232875,21.497307],[39.232875,21.497307],[39.232875,21.497307],[39.232875,21.497307],[39.232874,21.497307],[39.232874,21.497307],[39.232874,21.497307],[39.232874,21.497307],[39.232874,21.497307],[39.232874,21.497307],[39.232874,21.497307],[39.232874,21.497307],[39.232874,21.497307],[39.232874,21.497307],[39.232874,21.497307],[39.232874,21.497307],[39.232874,21.497307],[39.232874,21.497307],[39.232874,21.497307],[39.232874,21.497307],[39.232874,21.497307],[39.232874,21.497307],[39.232874,21.497307],[39.232874,21.497307],[39.232874,21.497307],[39.232874,21.497307],[39.232874,21.497307],[39.232874,21.497307],[39.232874,21.497308],[39.232858,21.497309],[39.232858,21.497309],[39.232858,21.497309],[39.232858,21.497309],[39.232858,21.497309],[39.232858,21.497309],[39.232858,21.497309],[39.232858,21.497309],[39.232858,21.497309],[39.232858,21.497309],[39.232858,21.497309],[39.232858,21.497309],[39.232858,21.497309],[39.232858,21.497309],[39.232858,21.497309],[39.232858,21.497309],[39.232858,21.497309],[39.232858,21.497309],[39.232858,21.497309],[39.232858,21.497309],[39.232858,21.497309],[39.232858,21.497309],[39.232858,21.497309],[39.232858,21.497309],[39.232858,21.497309],[39.232858,21.497309],[39.232858,21.497309],[39.232858,21.497309],[39.232858,21.497309],[39.232858,21.497309],[39.232858,21.497309],[39.232858,21.497309],[39.232858,21.497309],[39.232858,21.497309],[39.232858,21.497309],[39.232858,21.497309],[39.232858,21.497309],[39.232858,21.497309],[39.232858,21.497309],[39.232858,21.497309],[39.232858,21.497309],[39.232858,21.497309],[39.232858,21.497309],[39.232858,21.497309],[39.232859,21.497315],[39.232841,21.497317],[39.232836,21.497279],[39.232818,21.497281],[39.232571,21.497312],[39.232572,21.497317],[39.232576,21.497317],[39.232582,21.49736],[39.232578,21.49736],[39.232579,21.497365],[39.232583,21.497365],[39.232583,21.497366],[39.232583,21.497366],[39.232582,21.497366],[39.232582,21.497366],[39.232582,21.497366],[39.232581,21.497367],[39.232581,21.497367],[39.23258,21.497367],[39.23258,21.497367],[39.232579,21.497367],[39.232579,21.497367],[39.232579,21.497367],[39.232578,21.497367],[39.232578,21.497366],[39.232577,21.497366],[39.232577,21.497366],[39.232576,21.497366],[39.232576,21.497366],[39.232576,21.497366],[39.232575,21.497365],[39.232575,21.497365],[39.232575,21.497365],[39.232574,21.497364],[39.232574,21.497364],[39.232574,21.497364],[39.232574,21.497363],[39.232574,21.497363],[39.232573,21.497362],[39.232573,21.497362],[39.232573,21.497362],[39.232562,21.497285],[39.232563,21.497283],[39.232563,21.497281],[39.232563,21.497278],[39.232564,21.497276],[39.232565,21.497274],[39.232565,21.497272],[39.232566,21.497271],[39.232567,21.497269],[39.232569,21.497267],[39.23257,21.497265],[39.232571,21.497264],[39.232573,21.497262],[39.232575,21.497261],[39.232577,21.497259],[39.232578,21.497258],[39.23258,21.497257],[39.232582,21.497256],[39.232584,21.497255],[39.232587,21.497254],[39.232622,21.49725],[39.232622,21.497249],[39.232586,21.497253],[39.232584,21.497254],[39.232582,21.497255],[39.232579,21.497256],[39.232577,21.497258],[39.232575,21.497259],[39.232573,21.49726],[39.232572,21.497262],[39.23257,21.497264],[39.232568,21.497266],[39.232567,21.497268],[39.232566,21.49727],[39.232565,21.497272],[39.232564,21.497274],[39.232563,21.497276],[39.232562,21.497278],[39.232562,21.497281],[39.232561,21.497283],[39.232561,21.497285],[39.232561,21.497288],[39.232557,21.497257],[39.232472,21.497267],[39.232477,21.497299]]]]},"properties":{"capacity":1511.0,"subtype":1,"branch":"السليمانية","area_sqm":12976.164,"parking_id":"NET_PARKING_LOTS-000371"}},{"type":"Feature","id":"NET_PARKING_LOTS-000372","geometry":{"type":"MultiPolygon","coordinates":[[[[39.2406,21.490052],[39.239958,21.490096],[39.239937,21.490097],[39.239946,21.490634],[39.239984,21.490631],[39.239988,21.490709],[39.240773,21.490637],[39.240732,21.490214],[39.240619,21.490059],[39.2406,21.490052]]]]},"properties":{"subtype":1,"branch":"1","area_sqm":5438.719,"parking_id":"NET_PARKING_LOTS-000372"}},{"type":"Feature","id":"NET_PARKING_LOTS-000373","geometry":{"type":"MultiPolygon","coordinates":[[[[39.228664,21.499434],[39.22857,21.498697],[39.22853,21.498701],[39.228624,21.499439],[39.228664,21.499434]]]]},"properties":{"subtype":1,"branch":"1","area_sqm":341.072,"parking_id":"NET_PARKING_LOTS-000373"}},{"type":"Feature","id":"NET_PARKING_LOTS-000374","geometry":{"type":"MultiPolygon","coordinates":[[[[39.228861,21.499416],[39.228756,21.498663],[39.228706,21.498669],[39.228812,21.499421],[39.228861,21.499416]]]]},"properties":{"subtype":1,"branch":"1","area_sqm":430.948,"parking_id":"NET_PARKING_LOTS-000374"}},{"type":"Feature","id":"NET_PARKING_LOTS-000375","geometry":{"type":"MultiPolygon","coordinates":[[[[39.228742,21.499438],[39.228642,21.498682],[39.228593,21.498688],[39.228693,21.499439],[39.228742,21.499438]]]]},"properties":{"subtype":1,"branch":"1","area_sqm":426.76,"parking_id":"NET_PARKING_LOTS-000375"}},{"type":"Feature","id":"NET_PARKING_LOTS-000376","geometry":{"type":"MultiPolygon","coordinates":[[[[39.228788,21.498677],[39.228887,21.499398],[39.228935,21.499393],[39.228837,21.498672],[39.228788,21.498677]]]]},"properties":{"subtype":1,"branch":"1","area_sqm":404.56,"parking_id":"NET_PARKING_LOTS-000376"}},{"type":"Feature","id":"NET_PARKING_LOTS-000377","geometry":{"type":"MultiPolygon","coordinates":[[[[39.23079,21.497137],[39.231235,21.497075],[39.231212,21.496883],[39.231337,21.496869],[39.231285,21.496529],[39.230616,21.496608],[39.230685,21.497116],[39.23071,21.497147],[39.23079,21.497137]]]]},"properties":{"subtype":1,"branch":"1","area_sqm":3915.559,"parking_id":"NET_PARKING_LOTS-000377"}}]}