{"type":"FeatureCollection","name":"net_road_signs","crs":{"type":"name","properties":{"name":"urn:ogc:def:crs:OGC:1.3:CRS84"}},"features":[{"type":"Feature","id":"NET_ROAD_SIGNS-000000","geometry":{"type":"Point","coordinates":[39.259878,21.500816]},"properties":{"branch":"السليمانية","sign_id":"NET_ROAD_SIGNS-000000"}},{"type":"Feature","id":"NET_ROAD_SIGNS-000001","geometry":{"type":"Point","coordinates":[39.259892,21.500642]},"properties":{"branch":"السليمانية","sign_id":"NET_ROAD_SIGNS-000001"}},{"type":"Feature","id":"NET_ROAD_SIGNS-000002","geometry":{"type":"Point","coordinates":[39.259462,21.500789]},"properties":{"branch":"السليمانية","sign_id":"NET_ROAD_SIGNS-000002"}},{"type":"Feature","id":"NET_ROAD_SIGNS-000003","geometry":{"type":"Point","coordinates":[39.259213,21.500771]},"properties":{"branch":"السليمانية","sign_id":"NET_ROAD_SIGNS-000003"}},{"type":"Feature","id":"NET_ROAD_SIGNS-000004","geometry":{"type":"Point","coordinates":[39.258994,21.500756]},"properties":{"branch":"السليمانية","sign_id":"NET_ROAD_SIGNS-000004"}},{"type":"Feature","id":"NET_ROAD_SIGNS-000005","geometry":{"type":"Point","coordinates":[39.25901,21.500571]},"properties":{"branch":"السليمانية","sign_id":"NET_ROAD_SIGNS-000005"}},{"type":"Feature","id":"NET_ROAD_SIGNS-000006","geometry":{"type":"Point","coordinates":[39.258743,21.500733]},"properties":{"branch":"السليمانية","sign_id":"NET_ROAD_SIGNS-000006"}},{"type":"Feature","id":"NET_ROAD_SIGNS-000007","geometry":{"type":"Point","coordinates":[39.258756,21.500557]},"properties":{"branch":"السليمانية","sign_id":"NET_ROAD_SIGNS-000007"}},{"type":"Feature","id":"NET_ROAD_SIGNS-000008","geometry":{"type":"Point","coordinates":[39.258051,21.500573]},"properties":{"branch":"السليمانية","sign_id":"NET_ROAD_SIGNS-000008"}},{"type":"Feature","id":"NET_ROAD_SIGNS-000009","geometry":{"type":"Point","coordinates":[39.257826,21.500793]},"properties":{"branch":"السليمانية","sign_id":"NET_ROAD_SIGNS-000009"}},{"type":"Feature","id":"NET_ROAD_SIGNS-000010","geometry":{"type":"Point","coordinates":[39.257481,21.500643]},"properties":{"branch":"السليمانية","sign_id":"NET_ROAD_SIGNS-000010"}},{"type":"Feature","id":"NET_ROAD_SIGNS-000011","geometry":{"type":"Point","coordinates":[39.257602,21.500584]},"properties":{"branch":"السليمانية","sign_id":"NET_ROAD_SIGNS-000011"}},{"type":"Feature","id":"NET_ROAD_SIGNS-000012","geometry":{"type":"Point","coordinates":[39.256742,21.500415]},"properties":{"branch":"السليمانية","sign_id":"NET_ROAD_SIGNS-000012"}},{"type":"Feature","id":"NET_ROAD_SIGNS-000013","geometry":{"type":"Point","coordinates":[39.256518,21.500395]},"properties":{"branch":"السليمانية","sign_id":"NET_ROAD_SIGNS-000013"}},{"type":"Feature","id":"NET_ROAD_SIGNS-000014","geometry":{"type":"Point","coordinates":[39.256273,21.500378]},"properties":{"branch":"السليمانية","sign_id":"NET_ROAD_SIGNS-000014"}},{"type":"Feature","id":"NET_ROAD_SIGNS-000015","geometry":{"type":"Point","coordinates":[39.255199,21.500478]},"properties":{"branch":"السليمانية","sign_id":"NET_ROAD_SIGNS-000015"}},{"type":"Feature","id":"NET_ROAD_SIGNS-000016","geometry":{"type":"Point","coordinates":[39.254734,21.500269]},"properties":{"branch":"السليمانية","sign_id":"NET_ROAD_SIGNS-000016"}},{"type":"Feature","id":"NET_ROAD_SIGNS-000017","geometry":{"type":"Point","coordinates":[39.254548,21.500431]},"properties":{"branch":"السليمانية","sign_id":"NET_ROAD_SIGNS-000017"}},{"type":"Feature","id":"NET_ROAD_SIGNS-000018","geometry":{"type":"Point","coordinates":[39.254229,21.500411]},"properties":{"branch":"السليمانية","sign_id":"NET_ROAD_SIGNS-000018"}},{"type":"Feature","id":"NET_ROAD_SIGNS-000019","geometry":{"type":"Point","coordinates":[39.254248,21.500231]},"properties":{"branch":"السليمانية","sign_id":"NET_ROAD_SIGNS-000019"}},{"type":"Feature","id":"NET_ROAD_SIGNS-000020","geometry":{"type":"Point","coordinates":[39.253948,21.500208]},"properties":{"branch":"السليمانية","sign_id":"NET_ROAD_SIGNS-000020"}},{"type":"Feature","id":"NET_ROAD_SIGNS-000021","geometry":{"type":"Point","coordinates":[39.253729,21.500456]},"properties":{"branch":"السليمانية","sign_id":"NET_ROAD_SIGNS-000021"}},{"type":"Feature","id":"NET_ROAD_SIGNS-000022","geometry":{"type":"Point","coordinates":[39.253725,21.500214]},"properties":{"branch":"السليمانية","sign_id":"NET_ROAD_SIGNS-000022"}},{"type":"Feature","id":"NET_ROAD_SIGNS-000023","geometry":{"type":"Point","coordinates":[39.253562,21.499901]},"properties":{"branch":"السليمانية","sign_id":"NET_ROAD_SIGNS-000023"}},{"type":"Feature","id":"NET_ROAD_SIGNS-000024","geometry":{"type":"Point","coordinates":[39.253287,21.499866]},"properties":{"branch":"السليمانية","sign_id":"NET_ROAD_SIGNS-000024"}},{"type":"Feature","id":"NET_ROAD_SIGNS-000025","geometry":{"type":"Point","coordinates":[39.252901,21.500304]},"properties":{"branch":"السليمانية","sign_id":"NET_ROAD_SIGNS-000025"}},{"type":"Feature","id":"NET_ROAD_SIGNS-000026","geometry":{"type":"Point","coordinates":[39.260617,21.500716]},"properties":{"branch":"السليمانية","sign_id":"NET_ROAD_SIGNS-000026"}},{"type":"Feature","id":"NET_ROAD_SIGNS-000027","geometry":{"type":"Point","coordinates":[39.258198,21.487227]},"properties":{"branch":"السليمانية","sign_id":"NET_ROAD_SIGNS-000027"}},{"type":"Feature","id":"NET_ROAD_SIGNS-000028","geometry":{"type":"Point","coordinates":[39.266522,21.490201]},"properties":{"branch":"السليمانية","sign_id":"NET_ROAD_SIGNS-000028"}},{"type":"Feature","id":"NET_ROAD_SIGNS-000029","geometry":{"type":"Point","coordinates":[39.261701,21.499511]},"properties":{"branch":"السليمانية","sign_id":"NET_ROAD_SIGNS-000029"}},{"type":"Feature","id":"NET_ROAD_SIGNS-000030","geometry":{"type":"Point","coordinates":[39.26468,21.4954]},"properties":{"branch":"السليمانية","sign_id":"NET_ROAD_SIGNS-000030"}},{"type":"Feature","id":"NET_ROAD_SIGNS-000031","geometry":{"type":"Point","coordinates":[39.264914,21.49487]},"properties":{"branch":"السليمانية","sign_id":"NET_ROAD_SIGNS-000031"}},{"type":"Feature","id":"NET_ROAD_SIGNS-000032","geometry":{"type":"Point","coordinates":[39.265055,21.49485]},"properties":{"branch":"السليمانية","sign_id":"NET_ROAD_SIGNS-000032"}},{"type":"Feature","id":"NET_ROAD_SIGNS-000033","geometry":{"type":"Point","coordinates":[39.26641,21.489626]},"properties":{"branch":"السليمانية","sign_id":"NET_ROAD_SIGNS-000033"}},{"type":"Feature","id":"NET_ROAD_SIGNS-000034","geometry":{"type":"Point","coordinates":[39.266219,21.489831]},"properties":{"branch":"السليمانية","sign_id":"NET_ROAD_SIGNS-000034"}},{"type":"Feature","id":"NET_ROAD_SIGNS-000035","geometry":{"type":"Point","coordinates":[39.266499,21.4901]},"properties":{"branch":"السليمانية","sign_id":"NET_ROAD_SIGNS-000035"}},{"type":"Feature","id":"NET_ROAD_SIGNS-000036","geometry":{"type":"Point","coordinates":[39.266057,21.489386]},"properties":{"branch":"السليمانية","sign_id":"NET_ROAD_SIGNS-000036"}},{"type":"Feature","id":"NET_ROAD_SIGNS-000037","geometry":{"type":"Point","coordinates":[39.264728,21.488638]},"properties":{"branch":"السليمانية","sign_id":"NET_ROAD_SIGNS-000037"}},{"type":"Feature","id":"NET_ROAD_SIGNS-000038","geometry":{"type":"Point","coordinates":[39.264383,21.488811]},"properties":{"branch":"السليمانية","sign_id":"NET_ROAD_SIGNS-000038"}},{"type":"Feature","id":"NET_ROAD_SIGNS-000039","geometry":{"type":"Point","coordinates":[39.264667,21.489714]},"properties":{"branch":"السليمانية","sign_id":"NET_ROAD_SIGNS-000039"}},{"type":"Feature","id":"NET_ROAD_SIGNS-000040","geometry":{"type":"Point","coordinates":[39.264324,21.492905]},"properties":{"branch":"السليمانية","sign_id":"NET_ROAD_SIGNS-000040"}},{"type":"Feature","id":"NET_ROAD_SIGNS-000041","geometry":{"type":"Point","coordinates":[39.26447,21.493697]},"properties":{"branch":"السليمانية","sign_id":"NET_ROAD_SIGNS-000041"}},{"type":"Feature","id":"NET_ROAD_SIGNS-000042","geometry":{"type":"Point","coordinates":[39.265009,21.494477]},"properties":{"branch":"السليمانية","sign_id":"NET_ROAD_SIGNS-000042"}},{"type":"Feature","id":"NET_ROAD_SIGNS-000043","geometry":{"type":"Point","coordinates":[39.263548,21.488149]},"properties":{"branch":"السليمانية","sign_id":"NET_ROAD_SIGNS-000043"}},{"type":"Feature","id":"NET_ROAD_SIGNS-000044","geometry":{"type":"Point","coordinates":[39.26329,21.488198]},"properties":{"branch":"السليمانية","sign_id":"NET_ROAD_SIGNS-000044"}},{"type":"Feature","id":"NET_ROAD_SIGNS-000045","geometry":{"type":"Point","coordinates":[39.25962,21.494108]},"properties":{"branch":"السليمانية","sign_id":"NET_ROAD_SIGNS-000045"}},{"type":"Feature","id":"NET_ROAD_SIGNS-000046","geometry":{"type":"Point","coordinates":[39.254235,21.494417]},"properties":{"branch":"السليمانية","sign_id":"NET_ROAD_SIGNS-000046"}},{"type":"Feature","id":"NET_ROAD_SIGNS-000047","geometry":{"type":"Point","coordinates":[39.254317,21.494442]},"properties":{"branch":"السليمانية","sign_id":"NET_ROAD_SIGNS-000047"}},{"type":"Feature","id":"NET_ROAD_SIGNS-000048","geometry":{"type":"Point","coordinates":[39.254221,21.494706]},"properties":{"branch":"السليمانية","sign_id":"NET_ROAD_SIGNS-000048"}},{"type":"Feature","id":"NET_ROAD_SIGNS-000049","geometry":{"type":"Point","coordinates":[39.254411,21.494721]},"properties":{"branch":"السليمانية","sign_id":"NET_ROAD_SIGNS-000049"}},{"type":"Feature","id":"NET_ROAD_SIGNS-000050","geometry":{"type":"Point","coordinates":[39.254177,21.495089]},"properties":{"branch":"السليمانية","sign_id":"NET_ROAD_SIGNS-000050"}},{"type":"Feature","id":"NET_ROAD_SIGNS-000051","geometry":{"type":"Point","coordinates":[39.254357,21.49516]},"properties":{"branch":"السليمانية","sign_id":"NET_ROAD_SIGNS-000051"}},{"type":"Feature","id":"NET_ROAD_SIGNS-000052","geometry":{"type":"Point","coordinates":[39.254072,21.495655]},"properties":{"branch":"السليمانية","sign_id":"NET_ROAD_SIGNS-000052"}},{"type":"Feature","id":"NET_ROAD_SIGNS-000053","geometry":{"type":"Point","coordinates":[39.253934,21.496396]},"properties":{"branch":"السليمانية","sign_id":"NET_ROAD_SIGNS-000053"}},{"type":"Feature","id":"NET_ROAD_SIGNS-000054","geometry":{"type":"Point","coordinates":[39.253767,21.4973]},"properties":{"branch":"السليمانية","sign_id":"NET_ROAD_SIGNS-000054"}},{"type":"Feature","id":"NET_ROAD_SIGNS-000055","geometry":{"type":"Point","coordinates":[39.253947,21.497369]},"properties":{"branch":"السليمانية","sign_id":"NET_ROAD_SIGNS-000055"}},{"type":"Feature","id":"NET_ROAD_SIGNS-000056","geometry":{"type":"Point","coordinates":[39.253835,21.496919]},"properties":{"branch":"السليمانية","sign_id":"NET_ROAD_SIGNS-000056"}},{"type":"Feature","id":"NET_ROAD_SIGNS-000057","geometry":{"type":"Point","coordinates":[39.254016,21.496981]},"properties":{"branch":"السليمانية","sign_id":"NET_ROAD_SIGNS-000057"}},{"type":"Feature","id":"NET_ROAD_SIGNS-000058","geometry":{"type":"Point","coordinates":[39.253886,21.498155]},"properties":{"branch":"السليمانية","sign_id":"NET_ROAD_SIGNS-000058"}},{"type":"Feature","id":"NET_ROAD_SIGNS-000059","geometry":{"type":"Point","coordinates":[39.253726,21.498102]},"properties":{"branch":"السليمانية","sign_id":"NET_ROAD_SIGNS-000059"}},{"type":"Feature","id":"NET_ROAD_SIGNS-000060","geometry":{"type":"Point","coordinates":[39.253601,21.498196]},"properties":{"branch":"السليمانية","sign_id":"NET_ROAD_SIGNS-000060"}},{"type":"Feature","id":"NET_ROAD_SIGNS-000061","geometry":{"type":"Point","coordinates":[39.253743,21.498451]},"properties":{"branch":"السليمانية","sign_id":"NET_ROAD_SIGNS-000061"}},{"type":"Feature","id":"NET_ROAD_SIGNS-000062","geometry":{"type":"Point","coordinates":[39.253462,21.498322]},"properties":{"branch":"السليمانية","sign_id":"NET_ROAD_SIGNS-000062"}},{"type":"Feature","id":"NET_ROAD_SIGNS-000063","geometry":{"type":"Point","coordinates":[39.253646,21.498392]},"properties":{"branch":"السليمانية","sign_id":"NET_ROAD_SIGNS-000063"}},{"type":"Feature","id":"NET_ROAD_SIGNS-000064","geometry":{"type":"Point","coordinates":[39.25325,21.49844]},"properties":{"branch":"السليمانية","sign_id":"NET_ROAD_SIGNS-000064"}},{"type":"Feature","id":"NET_ROAD_SIGNS-000065","geometry":{"type":"Point","coordinates":[39.252924,21.498423]},"properties":{"branch":"السليمانية","sign_id":"NET_ROAD_SIGNS-000065"}},{"type":"Feature","id":"NET_ROAD_SIGNS-000066","geometry":{"type":"Point","coordinates":[39.252671,21.500307]},"properties":{"branch":"السليمانية","sign_id":"NET_ROAD_SIGNS-000066"}},{"type":"Feature","id":"NET_ROAD_SIGNS-000067","geometry":{"type":"Point","coordinates":[39.25235,21.500273]},"properties":{"branch":"السليمانية","sign_id":"NET_ROAD_SIGNS-000067"}},{"type":"Feature","id":"NET_ROAD_SIGNS-000068","geometry":{"type":"Point","coordinates":[39.252251,21.500088]},"properties":{"branch":"السليمانية","sign_id":"NET_ROAD_SIGNS-000068"}},{"type":"Feature","id":"NET_ROAD_SIGNS-000069","geometry":{"type":"Point","coordinates":[39.251414,21.500293]},"properties":{"branch":"السليمانية","sign_id":"NET_ROAD_SIGNS-000069"}},{"type":"Feature","id":"NET_ROAD_SIGNS-000070","geometry":{"type":"Point","coordinates":[39.252086,21.500078]},"properties":{"branch":"السليمانية","sign_id":"NET_ROAD_SIGNS-000070"}},{"type":"Feature","id":"NET_ROAD_SIGNS-000071","geometry":{"type":"Point","coordinates":[39.251814,21.500056]},"properties":{"branch":"السليمانية","sign_id":"NET_ROAD_SIGNS-000071"}},{"type":"Feature","id":"NET_ROAD_SIGNS-000072","geometry":{"type":"Point","coordinates":[39.251631,21.500121]},"properties":{"branch":"السليمانية","sign_id":"NET_ROAD_SIGNS-000072"}},{"type":"Feature","id":"NET_ROAD_SIGNS-000073","geometry":{"type":"Point","coordinates":[39.251506,21.500137]},"properties":{"branch":"السليمانية","sign_id":"NET_ROAD_SIGNS-000073"}},{"type":"Feature","id":"NET_ROAD_SIGNS-000074","geometry":{"type":"Point","coordinates":[39.250687,21.500155]},"properties":{"branch":"السليمانية","sign_id":"NET_ROAD_SIGNS-000074"}},{"type":"Feature","id":"NET_ROAD_SIGNS-000075","geometry":{"type":"Point","coordinates":[39.25046,21.499961]},"properties":{"branch":"السليمانية","sign_id":"NET_ROAD_SIGNS-000075"}},{"type":"Feature","id":"NET_ROAD_SIGNS-000076","geometry":{"type":"Point","coordinates":[39.24942,21.499882]},"properties":{"branch":"السليمانية","sign_id":"NET_ROAD_SIGNS-000076"}},{"type":"Feature","id":"NET_ROAD_SIGNS-000077","geometry":{"type":"Point","coordinates":[39.249084,21.499936]},"properties":{"branch":"السليمانية","sign_id":"NET_ROAD_SIGNS-000077"}},{"type":"Feature","id":"NET_ROAD_SIGNS-000078","geometry":{"type":"Point","coordinates":[39.249274,21.499348]},"properties":{"branch":"السليمانية","sign_id":"NET_ROAD_SIGNS-000078"}},{"type":"Feature","id":"NET_ROAD_SIGNS-000079","geometry":{"type":"Point","coordinates":[39.249105,21.499382]},"properties":{"branch":"السليمانية","sign_id":"NET_ROAD_SIGNS-000079"}},{"type":"Feature","id":"NET_ROAD_SIGNS-000080","geometry":{"type":"Point","coordinates":[39.249161,21.499084]},"properties":{"branch":"السليمانية","sign_id":"NET_ROAD_SIGNS-000080"}},{"type":"Feature","id":"NET_ROAD_SIGNS-000081","geometry":{"type":"Point","coordinates":[39.249427,21.498822]},"properties":{"branch":"السليمانية","sign_id":"NET_ROAD_SIGNS-000081"}},{"type":"Feature","id":"NET_ROAD_SIGNS-000082","geometry":{"type":"Point","coordinates":[39.249429,21.498535]},"properties":{"branch":"السليمانية","sign_id":"NET_ROAD_SIGNS-000082"}},{"type":"Feature","id":"NET_ROAD_SIGNS-000083","geometry":{"type":"Point","coordinates":[39.249292,21.498391]},"properties":{"branch":"السليمانية","sign_id":"NET_ROAD_SIGNS-000083"}},{"type":"Feature","id":"NET_ROAD_SIGNS-000084","geometry":{"type":"Point","coordinates":[39.249471,21.498313]},"properties":{"branch":"السليمانية","sign_id":"NET_ROAD_SIGNS-000084"}},{"type":"Feature","id":"NET_ROAD_SIGNS-000085","geometry":{"type":"Point","coordinates":[39.249535,21.498239]},"properties":{"branch":"السليمانية","sign_id":"NET_ROAD_SIGNS-000085"}},{"type":"Feature","id":"NET_ROAD_SIGNS-000086","geometry":{"type":"Point","coordinates":[39.24951,21.498102]},"properties":{"branch":"السليمانية","sign_id":"NET_ROAD_SIGNS-000086"}},{"type":"Feature","id":"NET_ROAD_SIGNS-000087","geometry":{"type":"Point","coordinates":[39.249374,21.497957]},"properties":{"branch":"السليمانية","sign_id":"NET_ROAD_SIGNS-000087"}},{"type":"Feature","id":"NET_ROAD_SIGNS-000088","geometry":{"type":"Point","coordinates":[39.249703,21.497853]},"properties":{"branch":"السليمانية","sign_id":"NET_ROAD_SIGNS-000088"}},{"type":"Feature","id":"NET_ROAD_SIGNS-000089","geometry":{"type":"Point","coordinates":[39.250373,21.497964]},"properties":{"branch":"السليمانية","sign_id":"NET_ROAD_SIGNS-000089"}},{"type":"Feature","id":"NET_ROAD_SIGNS-000090","geometry":{"type":"Point","coordinates":[39.250329,21.497802]},"properties":{"branch":"السليمانية","sign_id":"NET_ROAD_SIGNS-000090"}},{"type":"Feature","id":"NET_ROAD_SIGNS-000091","geometry":{"type":"Point","coordinates":[39.250691,21.497814]},"properties":{"branch":"السليمانية","sign_id":"NET_ROAD_SIGNS-000091"}},{"type":"Feature","id":"NET_ROAD_SIGNS-000092","geometry":{"type":"Point","coordinates":[39.251165,21.497941]},"properties":{"branch":"السليمانية","sign_id":"NET_ROAD_SIGNS-000092"}},{"type":"Feature","id":"NET_ROAD_SIGNS-000093","geometry":{"type":"Point","coordinates":[39.251471,21.498146]},"properties":{"branch":"السليمانية","sign_id":"NET_ROAD_SIGNS-000093"}},{"type":"Feature","id":"NET_ROAD_SIGNS-000094","geometry":{"type":"Point","coordinates":[39.252191,21.498269]},"properties":{"branch":"السليمانية","sign_id":"NET_ROAD_SIGNS-000094"}},{"type":"Feature","id":"NET_ROAD_SIGNS-000095","geometry":{"type":"Point","coordinates":[39.25248,21.498159]},"properties":{"branch":"السليمانية","sign_id":"NET_ROAD_SIGNS-000095"}},{"type":"Feature","id":"NET_ROAD_SIGNS-000096","geometry":{"type":"Point","coordinates":[39.252435,21.498305]},"properties":{"branch":"السليمانية","sign_id":"NET_ROAD_SIGNS-000096"}},{"type":"Feature","id":"NET_ROAD_SIGNS-000097","geometry":{"type":"Point","coordinates":[39.253649,21.498974]},"properties":{"branch":"السليمانية","sign_id":"NET_ROAD_SIGNS-000097"}},{"type":"Feature","id":"NET_ROAD_SIGNS-000098","geometry":{"type":"Point","coordinates":[39.253441,21.499046]},"properties":{"branch":"السليمانية","sign_id":"NET_ROAD_SIGNS-000098"}},{"type":"Feature","id":"NET_ROAD_SIGNS-000099","geometry":{"type":"Point","coordinates":[39.253592,21.499284]},"properties":{"branch":"السليمانية","sign_id":"NET_ROAD_SIGNS-000099"}},{"type":"Feature","id":"NET_ROAD_SIGNS-000100","geometry":{"type":"Point","coordinates":[39.253395,21.499308]},"properties":{"branch":"السليمانية","sign_id":"NET_ROAD_SIGNS-000100"}},{"type":"Feature","id":"NET_ROAD_SIGNS-000101","geometry":{"type":"Point","coordinates":[39.253542,21.499535]},"properties":{"branch":"السليمانية","sign_id":"NET_ROAD_SIGNS-000101"}},{"type":"Feature","id":"NET_ROAD_SIGNS-000102","geometry":{"type":"Point","coordinates":[39.253325,21.499612]},"properties":{"branch":"السليمانية","sign_id":"NET_ROAD_SIGNS-000102"}},{"type":"Feature","id":"NET_ROAD_SIGNS-000103","geometry":{"type":"Point","coordinates":[39.248892,21.500027]},"properties":{"branch":"السليمانية","sign_id":"NET_ROAD_SIGNS-000103"}},{"type":"Feature","id":"NET_ROAD_SIGNS-000104","geometry":{"type":"Point","coordinates":[39.248841,21.500023]},"properties":{"branch":"السليمانية","sign_id":"NET_ROAD_SIGNS-000104"}},{"type":"Feature","id":"NET_ROAD_SIGNS-000105","geometry":{"type":"Point","coordinates":[39.248391,21.499987]},"properties":{"branch":"السليمانية","sign_id":"NET_ROAD_SIGNS-000105"}},{"type":"Feature","id":"NET_ROAD_SIGNS-000106","geometry":{"type":"Point","coordinates":[39.248324,21.499907]},"properties":{"branch":"السليمانية","sign_id":"NET_ROAD_SIGNS-000106"}},{"type":"Feature","id":"NET_ROAD_SIGNS-000107","geometry":{"type":"Point","coordinates":[39.248516,21.499818]},"properties":{"branch":"السليمانية","sign_id":"NET_ROAD_SIGNS-000107"}},{"type":"Feature","id":"NET_ROAD_SIGNS-000108","geometry":{"type":"Point","coordinates":[39.249173,21.497613]},"properties":{"branch":"السليمانية","sign_id":"NET_ROAD_SIGNS-000108"}},{"type":"Feature","id":"NET_ROAD_SIGNS-000109","geometry":{"type":"Point","coordinates":[39.248681,21.497686]},"properties":{"branch":"السليمانية","sign_id":"NET_ROAD_SIGNS-000109"}},{"type":"Feature","id":"NET_ROAD_SIGNS-000110","geometry":{"type":"Point","coordinates":[39.248425,21.497643]},"properties":{"branch":"السليمانية","sign_id":"NET_ROAD_SIGNS-000110"}},{"type":"Feature","id":"NET_ROAD_SIGNS-000111","geometry":{"type":"Point","coordinates":[39.247938,21.499782]},"properties":{"branch":"السليمانية","sign_id":"NET_ROAD_SIGNS-000111"}},{"type":"Feature","id":"NET_ROAD_SIGNS-000112","geometry":{"type":"Point","coordinates":[39.247909,21.500058]},"properties":{"branch":"السليمانية","sign_id":"NET_ROAD_SIGNS-000112"}},{"type":"Feature","id":"NET_ROAD_SIGNS-000113","geometry":{"type":"Point","coordinates":[39.247561,21.500223]},"properties":{"branch":"السليمانية","sign_id":"NET_ROAD_SIGNS-000113"}},{"type":"Feature","id":"NET_ROAD_SIGNS-000114","geometry":{"type":"Point","coordinates":[39.2475,21.50066]},"properties":{"branch":"السليمانية","sign_id":"NET_ROAD_SIGNS-000114"}},{"type":"Feature","id":"NET_ROAD_SIGNS-000115","geometry":{"type":"Point","coordinates":[39.247404,21.500528]},"properties":{"branch":"السليمانية","sign_id":"NET_ROAD_SIGNS-000115"}},{"type":"Feature","id":"NET_ROAD_SIGNS-000116","geometry":{"type":"Point","coordinates":[39.247488,21.501355]},"properties":{"branch":"السليمانية","sign_id":"NET_ROAD_SIGNS-000116"}},{"type":"Feature","id":"NET_ROAD_SIGNS-000117","geometry":{"type":"Point","coordinates":[39.247491,21.501282]},"properties":{"branch":"السليمانية","sign_id":"NET_ROAD_SIGNS-000117"}},{"type":"Feature","id":"NET_ROAD_SIGNS-000118","geometry":{"type":"Point","coordinates":[39.247253,21.501072]},"properties":{"branch":"السليمانية","sign_id":"NET_ROAD_SIGNS-000118"}},{"type":"Feature","id":"NET_ROAD_SIGNS-000119","geometry":{"type":"Point","coordinates":[39.247307,21.500728]},"properties":{"branch":"السليمانية","sign_id":"NET_ROAD_SIGNS-000119"}},{"type":"Feature","id":"NET_ROAD_SIGNS-000120","geometry":{"type":"Point","coordinates":[39.247194,21.499547]},"properties":{"branch":"السليمانية","sign_id":"NET_ROAD_SIGNS-000120"}},{"type":"Feature","id":"NET_ROAD_SIGNS-000121","geometry":{"type":"Point","coordinates":[39.247111,21.499814]},"properties":{"branch":"السليمانية","sign_id":"NET_ROAD_SIGNS-000121"}},{"type":"Feature","id":"NET_ROAD_SIGNS-000122","geometry":{"type":"Point","coordinates":[39.246821,21.499739]},"properties":{"branch":"السليمانية","sign_id":"NET_ROAD_SIGNS-000122"}},{"type":"Feature","id":"NET_ROAD_SIGNS-000123","geometry":{"type":"Point","coordinates":[39.246772,21.49961]},"properties":{"branch":"السليمانية","sign_id":"NET_ROAD_SIGNS-000123"}},{"type":"Feature","id":"NET_ROAD_SIGNS-000124","geometry":{"type":"Point","coordinates":[39.246484,21.499388]},"properties":{"branch":"السليمانية","sign_id":"NET_ROAD_SIGNS-000124"}},{"type":"Feature","id":"NET_ROAD_SIGNS-000125","geometry":{"type":"Point","coordinates":[39.246338,21.499405]},"properties":{"branch":"السليمانية","sign_id":"NET_ROAD_SIGNS-000125"}},{"type":"Feature","id":"NET_ROAD_SIGNS-000126","geometry":{"type":"Point","coordinates":[39.246389,21.499604]},"properties":{"branch":"السليمانية","sign_id":"NET_ROAD_SIGNS-000126"}},{"type":"Feature","id":"NET_ROAD_SIGNS-000127","geometry":{"type":"Point","coordinates":[39.246339,21.499589]},"properties":{"branch":"السليمانية","sign_id":"NET_ROAD_SIGNS-000127"}},{"type":"Feature","id":"NET_ROAD_SIGNS-000128","geometry":{"type":"Point","coordinates":[39.246222,21.499692]},"properties":{"branch":"السليمانية","sign_id":"NET_ROAD_SIGNS-000128"}},{"type":"Feature","id":"NET_ROAD_SIGNS-000129","geometry":{"type":"Point","coordinates":[39.246074,21.499684]},"properties":{"branch":"السليمانية","sign_id":"NET_ROAD_SIGNS-000129"}},{"type":"Feature","id":"NET_ROAD_SIGNS-000130","geometry":{"type":"Point","coordinates":[39.246069,21.499546]},"properties":{"branch":"السليمانية","sign_id":"NET_ROAD_SIGNS-000130"}},{"type":"Feature","id":"NET_ROAD_SIGNS-000131","geometry":{"type":"Point","coordinates":[39.246016,21.49961]},"properties":{"branch":"السليمانية","sign_id":"NET_ROAD_SIGNS-000131"}},{"type":"Feature","id":"NET_ROAD_SIGNS-000132","geometry":{"type":"Point","coordinates":[39.247275,21.500218]},"properties":{"branch":"السليمانية","sign_id":"NET_ROAD_SIGNS-000132"}},{"type":"Feature","id":"NET_ROAD_SIGNS-000133","geometry":{"type":"Point","coordinates":[39.24591,21.499393]},"properties":{"branch":"السليمانية","sign_id":"NET_ROAD_SIGNS-000133"}},{"type":"Feature","id":"NET_ROAD_SIGNS-000134","geometry":{"type":"Point","coordinates":[39.245947,21.499295]},"properties":{"branch":"السليمانية","sign_id":"NET_ROAD_SIGNS-000134"}},{"type":"Feature","id":"NET_ROAD_SIGNS-000135","geometry":{"type":"Point","coordinates":[39.24707,21.497419]},"properties":{"branch":"السليمانية","sign_id":"NET_ROAD_SIGNS-000135"}},{"type":"Feature","id":"NET_ROAD_SIGNS-000136","geometry":{"type":"Point","coordinates":[39.246886,21.497388]},"properties":{"branch":"السليمانية","sign_id":"NET_ROAD_SIGNS-000136"}},{"type":"Feature","id":"NET_ROAD_SIGNS-000137","geometry":{"type":"Point","coordinates":[39.246669,21.497199]},"properties":{"branch":"السليمانية","sign_id":"NET_ROAD_SIGNS-000137"}},{"type":"Feature","id":"NET_ROAD_SIGNS-000138","geometry":{"type":"Point","coordinates":[39.245891,21.501562]},"properties":{"branch":"السليمانية","sign_id":"NET_ROAD_SIGNS-000138"}},{"type":"Feature","id":"NET_ROAD_SIGNS-000139","geometry":{"type":"Point","coordinates":[39.245785,21.501501]},"properties":{"branch":"السليمانية","sign_id":"NET_ROAD_SIGNS-000139"}},{"type":"Feature","id":"NET_ROAD_SIGNS-000140","geometry":{"type":"Point","coordinates":[39.245657,21.501548]},"properties":{"branch":"السليمانية","sign_id":"NET_ROAD_SIGNS-000140"}},{"type":"Feature","id":"NET_ROAD_SIGNS-000141","geometry":{"type":"Point","coordinates":[39.245451,21.501585]},"properties":{"branch":"السليمانية","sign_id":"NET_ROAD_SIGNS-000141"}},{"type":"Feature","id":"NET_ROAD_SIGNS-000142","geometry":{"type":"Point","coordinates":[39.244556,21.501411]},"properties":{"branch":"السليمانية","sign_id":"NET_ROAD_SIGNS-000142"}},{"type":"Feature","id":"NET_ROAD_SIGNS-000143","geometry":{"type":"Point","coordinates":[39.244237,21.501258]},"properties":{"branch":"السليمانية","sign_id":"NET_ROAD_SIGNS-000143"}},{"type":"Feature","id":"NET_ROAD_SIGNS-000144","geometry":{"type":"Point","coordinates":[39.243025,21.501247]},"properties":{"branch":"السليمانية","sign_id":"NET_ROAD_SIGNS-000144"}},{"type":"Feature","id":"NET_ROAD_SIGNS-000145","geometry":{"type":"Point","coordinates":[39.243117,21.50117]},"properties":{"branch":"السليمانية","sign_id":"NET_ROAD_SIGNS-000145"}},{"type":"Feature","id":"NET_ROAD_SIGNS-000146","geometry":{"type":"Point","coordinates":[39.243987,21.500548]},"properties":{"branch":"السليمانية","sign_id":"NET_ROAD_SIGNS-000146"}},{"type":"Feature","id":"NET_ROAD_SIGNS-000147","geometry":{"type":"Point","coordinates":[39.242717,21.501285]},"properties":{"branch":"السليمانية","sign_id":"NET_ROAD_SIGNS-000147"}},{"type":"Feature","id":"NET_ROAD_SIGNS-000148","geometry":{"type":"Point","coordinates":[39.242697,21.501087]},"properties":{"branch":"السليمانية","sign_id":"NET_ROAD_SIGNS-000148"}},{"type":"Feature","id":"NET_ROAD_SIGNS-000149","geometry":{"type":"Point","coordinates":[39.242668,21.500746]},"properties":{"branch":"السليمانية","sign_id":"NET_ROAD_SIGNS-000149"}},{"type":"Feature","id":"NET_ROAD_SIGNS-000150","geometry":{"type":"Point","coordinates":[39.242889,21.500694]},"properties":{"branch":"السليمانية","sign_id":"NET_ROAD_SIGNS-000150"}},{"type":"Feature","id":"NET_ROAD_SIGNS-000151","geometry":{"type":"Point","coordinates":[39.242847,21.499628]},"properties":{"branch":"السليمانية","sign_id":"NET_ROAD_SIGNS-000151"}},{"type":"Feature","id":"NET_ROAD_SIGNS-000152","geometry":{"type":"Point","coordinates":[39.243073,21.499668]},"properties":{"branch":"السليمانية","sign_id":"NET_ROAD_SIGNS-000152"}},{"type":"Feature","id":"NET_ROAD_SIGNS-000153","geometry":{"type":"Point","coordinates":[39.243062,21.499163]},"properties":{"branch":"السليمانية","sign_id":"NET_ROAD_SIGNS-000153"}},{"type":"Feature","id":"NET_ROAD_SIGNS-000154","geometry":{"type":"Point","coordinates":[39.243335,21.499176]},"properties":{"branch":"السليمانية","sign_id":"NET_ROAD_SIGNS-000154"}},{"type":"Feature","id":"NET_ROAD_SIGNS-000155","geometry":{"type":"Point","coordinates":[39.243434,21.499099]},"properties":{"branch":"السليمانية","sign_id":"NET_ROAD_SIGNS-000155"}},{"type":"Feature","id":"NET_ROAD_SIGNS-000156","geometry":{"type":"Point","coordinates":[39.244134,21.49999]},"properties":{"branch":"السليمانية","sign_id":"NET_ROAD_SIGNS-000156"}},{"type":"Feature","id":"NET_ROAD_SIGNS-000157","geometry":{"type":"Point","coordinates":[39.24542,21.499159]},"properties":{"branch":"السليمانية","sign_id":"NET_ROAD_SIGNS-000157"}},{"type":"Feature","id":"NET_ROAD_SIGNS-000158","geometry":{"type":"Point","coordinates":[39.245206,21.499313]},"properties":{"branch":"السليمانية","sign_id":"NET_ROAD_SIGNS-000158"}},{"type":"Feature","id":"NET_ROAD_SIGNS-000159","geometry":{"type":"Point","coordinates":[39.244614,21.499613]},"properties":{"branch":"السليمانية","sign_id":"NET_ROAD_SIGNS-000159"}},{"type":"Feature","id":"NET_ROAD_SIGNS-000160","geometry":{"type":"Point","coordinates":[39.244458,21.499382]},"properties":{"branch":"السليمانية","sign_id":"NET_ROAD_SIGNS-000160"}},{"type":"Feature","id":"NET_ROAD_SIGNS-000161","geometry":{"type":"Point","coordinates":[39.244631,21.499425]},"properties":{"branch":"السليمانية","sign_id":"NET_ROAD_SIGNS-000161"}},{"type":"Feature","id":"NET_ROAD_SIGNS-000162","geometry":{"type":"Point","coordinates":[39.244798,21.499354]},"properties":{"branch":"السليمانية","sign_id":"NET_ROAD_SIGNS-000162"}},{"type":"Feature","id":"NET_ROAD_SIGNS-000163","geometry":{"type":"Point","coordinates":[39.244888,21.499423]},"properties":{"branch":"السليمانية","sign_id":"NET_ROAD_SIGNS-000163"}},{"type":"Feature","id":"NET_ROAD_SIGNS-000164","geometry":{"type":"Point","coordinates":[39.24482,21.499255]},"properties":{"branch":"السليمانية","sign_id":"NET_ROAD_SIGNS-000164"}},{"type":"Feature","id":"NET_ROAD_SIGNS-000165","geometry":{"type":"Point","coordinates":[39.244937,21.499206]},"properties":{"branch":"السليمانية","sign_id":"NET_ROAD_SIGNS-000165"}},{"type":"Feature","id":"NET_ROAD_SIGNS-000166","geometry":{"type":"Point","coordinates":[39.245138,21.499298]},"properties":{"branch":"السليمانية","sign_id":"NET_ROAD_SIGNS-000166"}},{"type":"Feature","id":"NET_ROAD_SIGNS-000167","geometry":{"type":"Point","coordinates":[39.245014,21.499032]},"properties":{"branch":"السليمانية","sign_id":"NET_ROAD_SIGNS-000167"}},{"type":"Feature","id":"NET_ROAD_SIGNS-000168","geometry":{"type":"Point","coordinates":[39.244894,21.499106]},"properties":{"branch":"السليمانية","sign_id":"NET_ROAD_SIGNS-000168"}},{"type":"Feature","id":"NET_ROAD_SIGNS-000169","geometry":{"type":"Point","coordinates":[39.244851,21.49899]},"properties":{"branch":"السليمانية","sign_id":"NET_ROAD_SIGNS-000169"}},{"type":"Feature","id":"NET_ROAD_SIGNS-000170","geometry":{"type":"Point","coordinates":[39.244706,21.499027]},"properties":{"branch":"السليمانية","sign_id":"NET_ROAD_SIGNS-000170"}},{"type":"Feature","id":"NET_ROAD_SIGNS-000171","geometry":{"type":"Point","coordinates":[39.24423,21.498814]},"properties":{"branch":"السليمانية","sign_id":"NET_ROAD_SIGNS-000171"}},{"type":"Feature","id":"NET_ROAD_SIGNS-000172","geometry":{"type":"Point","coordinates":[39.243889,21.498714]},"properties":{"branch":"السليمانية","sign_id":"NET_ROAD_SIGNS-000172"}},{"type":"Feature","id":"NET_ROAD_SIGNS-000173","geometry":{"type":"Point","coordinates":[39.243383,21.498678]},"properties":{"branch":"السليمانية","sign_id":"NET_ROAD_SIGNS-000173"}},{"type":"Feature","id":"NET_ROAD_SIGNS-000174","geometry":{"type":"Point","coordinates":[39.243477,21.498679]},"properties":{"branch":"السليمانية","sign_id":"NET_ROAD_SIGNS-000174"}},{"type":"Feature","id":"NET_ROAD_SIGNS-000175","geometry":{"type":"Point","coordinates":[39.243605,21.498553]},"properties":{"branch":"السليمانية","sign_id":"NET_ROAD_SIGNS-000175"}},{"type":"Feature","id":"NET_ROAD_SIGNS-000176","geometry":{"type":"Point","coordinates":[39.243469,21.498357]},"properties":{"branch":"السليمانية","sign_id":"NET_ROAD_SIGNS-000176"}},{"type":"Feature","id":"NET_ROAD_SIGNS-000177","geometry":{"type":"Point","coordinates":[39.243641,21.498254]},"properties":{"branch":"السليمانية","sign_id":"NET_ROAD_SIGNS-000177"}},{"type":"Feature","id":"NET_ROAD_SIGNS-000178","geometry":{"type":"Point","coordinates":[39.243544,21.497924]},"properties":{"branch":"السليمانية","sign_id":"NET_ROAD_SIGNS-000178"}},{"type":"Feature","id":"NET_ROAD_SIGNS-000179","geometry":{"type":"Point","coordinates":[39.243704,21.497908]},"properties":{"branch":"السليمانية","sign_id":"NET_ROAD_SIGNS-000179"}},{"type":"Feature","id":"NET_ROAD_SIGNS-000180","geometry":{"type":"Point","coordinates":[39.243674,21.497188]},"properties":{"branch":"السليمانية","sign_id":"NET_ROAD_SIGNS-000180"}},{"type":"Feature","id":"NET_ROAD_SIGNS-000181","geometry":{"type":"Point","coordinates":[39.243713,21.496964]},"properties":{"branch":"السليمانية","sign_id":"NET_ROAD_SIGNS-000181"}},{"type":"Feature","id":"NET_ROAD_SIGNS-000182","geometry":{"type":"Point","coordinates":[39.244036,21.496917]},"properties":{"branch":"السليمانية","sign_id":"NET_ROAD_SIGNS-000182"}},{"type":"Feature","id":"NET_ROAD_SIGNS-000183","geometry":{"type":"Point","coordinates":[39.244111,21.496774]},"properties":{"branch":"السليمانية","sign_id":"NET_ROAD_SIGNS-000183"}},{"type":"Feature","id":"NET_ROAD_SIGNS-000184","geometry":{"type":"Point","coordinates":[39.243941,21.496621]},"properties":{"branch":"السليمانية","sign_id":"NET_ROAD_SIGNS-000184"}},{"type":"Feature","id":"NET_ROAD_SIGNS-000185","geometry":{"type":"Point","coordinates":[39.243815,21.496414]},"properties":{"branch":"السليمانية","sign_id":"NET_ROAD_SIGNS-000185"}},{"type":"Feature","id":"NET_ROAD_SIGNS-000186","geometry":{"type":"Point","coordinates":[39.244044,21.496078]},"properties":{"branch":"السليمانية","sign_id":"NET_ROAD_SIGNS-000186"}},{"type":"Feature","id":"NET_ROAD_SIGNS-000187","geometry":{"type":"Point","coordinates":[39.24387,21.496131]},"properties":{"branch":"السليمانية","sign_id":"NET_ROAD_SIGNS-000187"}},{"type":"Feature","id":"NET_ROAD_SIGNS-000188","geometry":{"type":"Point","coordinates":[39.244054,21.495144]},"properties":{"branch":"السليمانية","sign_id":"NET_ROAD_SIGNS-000188"}},{"type":"Feature","id":"NET_ROAD_SIGNS-000189","geometry":{"type":"Point","coordinates":[39.244078,21.495024]},"properties":{"branch":"السليمانية","sign_id":"NET_ROAD_SIGNS-000189"}},{"type":"Feature","id":"NET_ROAD_SIGNS-000190","geometry":{"type":"Point","coordinates":[39.243951,21.494742]},"properties":{"branch":"السليمانية","sign_id":"NET_ROAD_SIGNS-000190"}},{"type":"Feature","id":"NET_ROAD_SIGNS-000191","geometry":{"type":"Point","coordinates":[39.244321,21.494578]},"properties":{"branch":"السليمانية","sign_id":"NET_ROAD_SIGNS-000191"}},{"type":"Feature","id":"NET_ROAD_SIGNS-000192","geometry":{"type":"Point","coordinates":[39.244244,21.494567]},"properties":{"branch":"السليمانية","sign_id":"NET_ROAD_SIGNS-000192"}},{"type":"Feature","id":"NET_ROAD_SIGNS-000193","geometry":{"type":"Point","coordinates":[39.244248,21.494443]},"properties":{"branch":"السليمانية","sign_id":"NET_ROAD_SIGNS-000193"}},{"type":"Feature","id":"NET_ROAD_SIGNS-000194","geometry":{"type":"Point","coordinates":[39.243023,21.498552]},"properties":{"branch":"السليمانية","sign_id":"NET_ROAD_SIGNS-000194"}},{"type":"Feature","id":"NET_ROAD_SIGNS-000195","geometry":{"type":"Point","coordinates":[39.246224,21.497126]},"properties":{"branch":"السليمانية","sign_id":"NET_ROAD_SIGNS-000195"}},{"type":"Feature","id":"NET_ROAD_SIGNS-000196","geometry":{"type":"Point","coordinates":[39.245683,21.497189]},"properties":{"branch":"السليمانية","sign_id":"NET_ROAD_SIGNS-000196"}},{"type":"Feature","id":"NET_ROAD_SIGNS-000197","geometry":{"type":"Point","coordinates":[39.245167,21.496951]},"properties":{"branch":"السليمانية","sign_id":"NET_ROAD_SIGNS-000197"}},{"type":"Feature","id":"NET_ROAD_SIGNS-000198","geometry":{"type":"Point","coordinates":[39.244784,21.49704]},"properties":{"branch":"السليمانية","sign_id":"NET_ROAD_SIGNS-000198"}},{"type":"Feature","id":"NET_ROAD_SIGNS-000199","geometry":{"type":"Point","coordinates":[39.244487,21.496838]},"properties":{"branch":"السليمانية","sign_id":"NET_ROAD_SIGNS-000199"}},{"type":"Feature","id":"NET_ROAD_SIGNS-000200","geometry":{"type":"Point","coordinates":[39.24464,21.497017]},"properties":{"branch":"السليمانية","sign_id":"NET_ROAD_SIGNS-000200"}},{"type":"Feature","id":"NET_ROAD_SIGNS-000201","geometry":{"type":"Point","coordinates":[39.239579,21.495429]},"properties":{"branch":"السليمانية","sign_id":"NET_ROAD_SIGNS-000201"}},{"type":"Feature","id":"NET_ROAD_SIGNS-000202","geometry":{"type":"Point","coordinates":[39.239368,21.495402]},"properties":{"branch":"السليمانية","sign_id":"NET_ROAD_SIGNS-000202"}},{"type":"Feature","id":"NET_ROAD_SIGNS-000203","geometry":{"type":"Point","coordinates":[39.242719,21.498468]},"properties":{"branch":"السليمانية","sign_id":"NET_ROAD_SIGNS-000203"}},{"type":"Feature","id":"NET_ROAD_SIGNS-000204","geometry":{"type":"Point","coordinates":[39.242764,21.498396]},"properties":{"branch":"السليمانية","sign_id":"NET_ROAD_SIGNS-000204"}},{"type":"Feature","id":"NET_ROAD_SIGNS-000205","geometry":{"type":"Point","coordinates":[39.242649,21.498367]},"properties":{"branch":"السليمانية","sign_id":"NET_ROAD_SIGNS-000205"}},{"type":"Feature","id":"NET_ROAD_SIGNS-000206","geometry":{"type":"Point","coordinates":[39.242499,21.498426]},"properties":{"branch":"السليمانية","sign_id":"NET_ROAD_SIGNS-000206"}},{"type":"Feature","id":"NET_ROAD_SIGNS-000207","geometry":{"type":"Point","coordinates":[39.241953,21.498171]},"properties":{"branch":"السليمانية","sign_id":"NET_ROAD_SIGNS-000207"}},{"type":"Feature","id":"NET_ROAD_SIGNS-000208","geometry":{"type":"Point","coordinates":[39.241775,21.498309]},"properties":{"branch":"السليمانية","sign_id":"NET_ROAD_SIGNS-000208"}},{"type":"Feature","id":"NET_ROAD_SIGNS-000209","geometry":{"type":"Point","coordinates":[39.241493,21.498236]},"properties":{"branch":"السليمانية","sign_id":"NET_ROAD_SIGNS-000209"}},{"type":"Feature","id":"NET_ROAD_SIGNS-000210","geometry":{"type":"Point","coordinates":[39.241027,21.498004]},"properties":{"branch":"السليمانية","sign_id":"NET_ROAD_SIGNS-000210"}},{"type":"Feature","id":"NET_ROAD_SIGNS-000211","geometry":{"type":"Point","coordinates":[39.241054,21.498181]},"properties":{"branch":"السليمانية","sign_id":"NET_ROAD_SIGNS-000211"}},{"type":"Feature","id":"NET_ROAD_SIGNS-000212","geometry":{"type":"Point","coordinates":[39.240703,21.49811]},"properties":{"branch":"السليمانية","sign_id":"NET_ROAD_SIGNS-000212"}},{"type":"Feature","id":"NET_ROAD_SIGNS-000213","geometry":{"type":"Point","coordinates":[39.240676,21.498264]},"properties":{"branch":"السليمانية","sign_id":"NET_ROAD_SIGNS-000213"}},{"type":"Feature","id":"NET_ROAD_SIGNS-000214","geometry":{"type":"Point","coordinates":[39.24044,21.498036]},"properties":{"branch":"السليمانية","sign_id":"NET_ROAD_SIGNS-000214"}},{"type":"Feature","id":"NET_ROAD_SIGNS-000215","geometry":{"type":"Point","coordinates":[39.240329,21.49823]},"properties":{"branch":"السليمانية","sign_id":"NET_ROAD_SIGNS-000215"}},{"type":"Feature","id":"NET_ROAD_SIGNS-000216","geometry":{"type":"Point","coordinates":[39.240242,21.498063]},"properties":{"branch":"السليمانية","sign_id":"NET_ROAD_SIGNS-000216"}},{"type":"Feature","id":"NET_ROAD_SIGNS-000217","geometry":{"type":"Point","coordinates":[39.239984,21.498089]},"properties":{"branch":"السليمانية","sign_id":"NET_ROAD_SIGNS-000217"}},{"type":"Feature","id":"NET_ROAD_SIGNS-000218","geometry":{"type":"Point","coordinates":[39.239725,21.49815]},"properties":{"branch":"السليمانية","sign_id":"NET_ROAD_SIGNS-000218"}},{"type":"Feature","id":"NET_ROAD_SIGNS-000219","geometry":{"type":"Point","coordinates":[39.239759,21.49839]},"properties":{"branch":"السليمانية","sign_id":"NET_ROAD_SIGNS-000219"}},{"type":"Feature","id":"NET_ROAD_SIGNS-000220","geometry":{"type":"Point","coordinates":[39.239297,21.499515]},"properties":{"branch":"السليمانية","sign_id":"NET_ROAD_SIGNS-000220"}},{"type":"Feature","id":"NET_ROAD_SIGNS-000221","geometry":{"type":"Point","coordinates":[39.239431,21.499525]},"properties":{"branch":"السليمانية","sign_id":"NET_ROAD_SIGNS-000221"}},{"type":"Feature","id":"NET_ROAD_SIGNS-000222","geometry":{"type":"Point","coordinates":[39.239374,21.499217]},"properties":{"branch":"السليمانية","sign_id":"NET_ROAD_SIGNS-000222"}},{"type":"Feature","id":"NET_ROAD_SIGNS-000223","geometry":{"type":"Point","coordinates":[39.239293,21.49912]},"properties":{"branch":"السليمانية","sign_id":"NET_ROAD_SIGNS-000223"}},{"type":"Feature","id":"NET_ROAD_SIGNS-000224","geometry":{"type":"Point","coordinates":[39.239289,21.499047]},"properties":{"branch":"السليمانية","sign_id":"NET_ROAD_SIGNS-000224"}},{"type":"Feature","id":"NET_ROAD_SIGNS-000225","geometry":{"type":"Point","coordinates":[39.239558,21.499007]},"properties":{"branch":"السليمانية","sign_id":"NET_ROAD_SIGNS-000225"}},{"type":"Feature","id":"NET_ROAD_SIGNS-000226","geometry":{"type":"Point","coordinates":[39.239289,21.49897]},"properties":{"branch":"السليمانية","sign_id":"NET_ROAD_SIGNS-000226"}},{"type":"Feature","id":"NET_ROAD_SIGNS-000227","geometry":{"type":"Point","coordinates":[39.239288,21.498933]},"properties":{"branch":"السليمانية","sign_id":"NET_ROAD_SIGNS-000227"}},{"type":"Feature","id":"NET_ROAD_SIGNS-000228","geometry":{"type":"Point","coordinates":[39.239372,21.498906]},"properties":{"branch":"السليمانية","sign_id":"NET_ROAD_SIGNS-000228"}},{"type":"Feature","id":"NET_ROAD_SIGNS-000229","geometry":{"type":"Point","coordinates":[39.239569,21.498684]},"properties":{"branch":"السليمانية","sign_id":"NET_ROAD_SIGNS-000229"}},{"type":"Feature","id":"NET_ROAD_SIGNS-000230","geometry":{"type":"Point","coordinates":[39.239514,21.498543]},"properties":{"branch":"السليمانية","sign_id":"NET_ROAD_SIGNS-000230"}},{"type":"Feature","id":"NET_ROAD_SIGNS-000231","geometry":{"type":"Point","coordinates":[39.239283,21.49869]},"properties":{"branch":"السليمانية","sign_id":"NET_ROAD_SIGNS-000231"}},{"type":"Feature","id":"NET_ROAD_SIGNS-000232","geometry":{"type":"Point","coordinates":[39.239219,21.498553]},"properties":{"branch":"السليمانية","sign_id":"NET_ROAD_SIGNS-000232"}},{"type":"Feature","id":"NET_ROAD_SIGNS-000233","geometry":{"type":"Point","coordinates":[39.239632,21.497978]},"properties":{"branch":"السليمانية","sign_id":"NET_ROAD_SIGNS-000233"}},{"type":"Feature","id":"NET_ROAD_SIGNS-000234","geometry":{"type":"Point","coordinates":[39.23934,21.497939]},"properties":{"branch":"السليمانية","sign_id":"NET_ROAD_SIGNS-000234"}},{"type":"Feature","id":"NET_ROAD_SIGNS-000235","geometry":{"type":"Point","coordinates":[39.239053,21.498097]},"properties":{"branch":"السليمانية","sign_id":"NET_ROAD_SIGNS-000235"}},{"type":"Feature","id":"NET_ROAD_SIGNS-000236","geometry":{"type":"Point","coordinates":[39.238967,21.498414]},"properties":{"branch":"السليمانية","sign_id":"NET_ROAD_SIGNS-000236"}},{"type":"Feature","id":"NET_ROAD_SIGNS-000237","geometry":{"type":"Point","coordinates":[39.239243,21.497824]},"properties":{"branch":"السليمانية","sign_id":"NET_ROAD_SIGNS-000237"}},{"type":"Feature","id":"NET_ROAD_SIGNS-000238","geometry":{"type":"Point","coordinates":[39.239527,21.49768]},"properties":{"branch":"السليمانية","sign_id":"NET_ROAD_SIGNS-000238"}},{"type":"Feature","id":"NET_ROAD_SIGNS-000239","geometry":{"type":"Point","coordinates":[39.239411,21.497678]},"properties":{"branch":"السليمانية","sign_id":"NET_ROAD_SIGNS-000239"}},{"type":"Feature","id":"NET_ROAD_SIGNS-000240","geometry":{"type":"Point","coordinates":[39.23927,21.497559]},"properties":{"branch":"السليمانية","sign_id":"NET_ROAD_SIGNS-000240"}},{"type":"Feature","id":"NET_ROAD_SIGNS-000241","geometry":{"type":"Point","coordinates":[39.239526,21.497416]},"properties":{"branch":"السليمانية","sign_id":"NET_ROAD_SIGNS-000241"}},{"type":"Feature","id":"NET_ROAD_SIGNS-000242","geometry":{"type":"Point","coordinates":[39.239263,21.497372]},"properties":{"branch":"السليمانية","sign_id":"NET_ROAD_SIGNS-000242"}},{"type":"Feature","id":"NET_ROAD_SIGNS-000243","geometry":{"type":"Point","coordinates":[39.239521,21.497152]},"properties":{"branch":"السليمانية","sign_id":"NET_ROAD_SIGNS-000243"}},{"type":"Feature","id":"NET_ROAD_SIGNS-000244","geometry":{"type":"Point","coordinates":[39.239081,21.496976]},"properties":{"branch":"السليمانية","sign_id":"NET_ROAD_SIGNS-000244"}},{"type":"Feature","id":"NET_ROAD_SIGNS-000245","geometry":{"type":"Point","coordinates":[39.23925,21.496925]},"properties":{"branch":"السليمانية","sign_id":"NET_ROAD_SIGNS-000245"}},{"type":"Feature","id":"NET_ROAD_SIGNS-000246","geometry":{"type":"Point","coordinates":[39.23925,21.496694]},"properties":{"branch":"السليمانية","sign_id":"NET_ROAD_SIGNS-000246"}},{"type":"Feature","id":"NET_ROAD_SIGNS-000247","geometry":{"type":"Point","coordinates":[39.239246,21.496423]},"properties":{"branch":"السليمانية","sign_id":"NET_ROAD_SIGNS-000247"}},{"type":"Feature","id":"NET_ROAD_SIGNS-000248","geometry":{"type":"Point","coordinates":[39.239389,21.496421]},"properties":{"branch":"السليمانية","sign_id":"NET_ROAD_SIGNS-000248"}},{"type":"Feature","id":"NET_ROAD_SIGNS-000249","geometry":{"type":"Point","coordinates":[39.239496,21.495814]},"properties":{"branch":"السليمانية","sign_id":"NET_ROAD_SIGNS-000249"}},{"type":"Feature","id":"NET_ROAD_SIGNS-000250","geometry":{"type":"Point","coordinates":[39.239229,21.495563]},"properties":{"branch":"السليمانية","sign_id":"NET_ROAD_SIGNS-000250"}},{"type":"Feature","id":"NET_ROAD_SIGNS-000251","geometry":{"type":"Point","coordinates":[39.239224,21.495325]},"properties":{"branch":"السليمانية","sign_id":"NET_ROAD_SIGNS-000251"}},{"type":"Feature","id":"NET_ROAD_SIGNS-000252","geometry":{"type":"Point","coordinates":[39.252713,21.493139]},"properties":{"branch":"السليمانية","sign_id":"NET_ROAD_SIGNS-000252"}},{"type":"Feature","id":"NET_ROAD_SIGNS-000253","geometry":{"type":"Point","coordinates":[39.252716,21.493104]},"properties":{"branch":"السليمانية","sign_id":"NET_ROAD_SIGNS-000253"}},{"type":"Feature","id":"NET_ROAD_SIGNS-000254","geometry":{"type":"Point","coordinates":[39.252704,21.493063]},"properties":{"branch":"السليمانية","sign_id":"NET_ROAD_SIGNS-000254"}},{"type":"Feature","id":"NET_ROAD_SIGNS-000255","geometry":{"type":"Point","coordinates":[39.252612,21.492973]},"properties":{"branch":"السليمانية","sign_id":"NET_ROAD_SIGNS-000255"}},{"type":"Feature","id":"NET_ROAD_SIGNS-000256","geometry":{"type":"Point","coordinates":[39.252644,21.49297]},"properties":{"branch":"السليمانية","sign_id":"NET_ROAD_SIGNS-000256"}},{"type":"Feature","id":"NET_ROAD_SIGNS-000257","geometry":{"type":"Point","coordinates":[39.252611,21.492384]},"properties":{"branch":"السليمانية","sign_id":"NET_ROAD_SIGNS-000257"}},{"type":"Feature","id":"NET_ROAD_SIGNS-000258","geometry":{"type":"Point","coordinates":[39.252133,21.493096]},"properties":{"branch":"السليمانية","sign_id":"NET_ROAD_SIGNS-000258"}},{"type":"Feature","id":"NET_ROAD_SIGNS-000259","geometry":{"type":"Point","coordinates":[39.25174,21.492842]},"properties":{"branch":"السليمانية","sign_id":"NET_ROAD_SIGNS-000259"}},{"type":"Feature","id":"NET_ROAD_SIGNS-000260","geometry":{"type":"Point","coordinates":[39.251758,21.492704]},"properties":{"branch":"السليمانية","sign_id":"NET_ROAD_SIGNS-000260"}},{"type":"Feature","id":"NET_ROAD_SIGNS-000261","geometry":{"type":"Point","coordinates":[39.251722,21.492425]},"properties":{"branch":"السليمانية","sign_id":"NET_ROAD_SIGNS-000261"}},{"type":"Feature","id":"NET_ROAD_SIGNS-000262","geometry":{"type":"Point","coordinates":[39.251722,21.492456]},"properties":{"branch":"السليمانية","sign_id":"NET_ROAD_SIGNS-000262"}},{"type":"Feature","id":"NET_ROAD_SIGNS-000263","geometry":{"type":"Point","coordinates":[39.251077,21.492929]},"properties":{"branch":"السليمانية","sign_id":"NET_ROAD_SIGNS-000263"}},{"type":"Feature","id":"NET_ROAD_SIGNS-000264","geometry":{"type":"Point","coordinates":[39.250966,21.492871]},"properties":{"branch":"السليمانية","sign_id":"NET_ROAD_SIGNS-000264"}},{"type":"Feature","id":"NET_ROAD_SIGNS-000265","geometry":{"type":"Point","coordinates":[39.25104,21.492772]},"properties":{"branch":"السليمانية","sign_id":"NET_ROAD_SIGNS-000265"}},{"type":"Feature","id":"NET_ROAD_SIGNS-000266","geometry":{"type":"Point","coordinates":[39.250954,21.492785]},"properties":{"branch":"السليمانية","sign_id":"NET_ROAD_SIGNS-000266"}},{"type":"Feature","id":"NET_ROAD_SIGNS-000267","geometry":{"type":"Point","coordinates":[39.251046,21.492741]},"properties":{"branch":"السليمانية","sign_id":"NET_ROAD_SIGNS-000267"}},{"type":"Feature","id":"NET_ROAD_SIGNS-000268","geometry":{"type":"Point","coordinates":[39.25093,21.492679]},"properties":{"branch":"السليمانية","sign_id":"NET_ROAD_SIGNS-000268"}},{"type":"Feature","id":"NET_ROAD_SIGNS-000269","geometry":{"type":"Point","coordinates":[39.250938,21.492668]},"properties":{"branch":"السليمانية","sign_id":"NET_ROAD_SIGNS-000269"}},{"type":"Feature","id":"NET_ROAD_SIGNS-000270","geometry":{"type":"Point","coordinates":[39.251019,21.492625]},"properties":{"branch":"السليمانية","sign_id":"NET_ROAD_SIGNS-000270"}},{"type":"Feature","id":"NET_ROAD_SIGNS-000271","geometry":{"type":"Point","coordinates":[39.250959,21.492481]},"properties":{"branch":"السليمانية","sign_id":"NET_ROAD_SIGNS-000271"}},{"type":"Feature","id":"NET_ROAD_SIGNS-000272","geometry":{"type":"Point","coordinates":[39.239476,21.494952]},"properties":{"branch":"السليمانية","sign_id":"NET_ROAD_SIGNS-000272"}},{"type":"Feature","id":"NET_ROAD_SIGNS-000273","geometry":{"type":"Point","coordinates":[39.239331,21.494766]},"properties":{"branch":"السليمانية","sign_id":"NET_ROAD_SIGNS-000273"}},{"type":"Feature","id":"NET_ROAD_SIGNS-000274","geometry":{"type":"Point","coordinates":[39.239436,21.49444]},"properties":{"branch":"السليمانية","sign_id":"NET_ROAD_SIGNS-000274"}},{"type":"Feature","id":"NET_ROAD_SIGNS-000275","geometry":{"type":"Point","coordinates":[39.239101,21.494454]},"properties":{"branch":"السليمانية","sign_id":"NET_ROAD_SIGNS-000275"}},{"type":"Feature","id":"NET_ROAD_SIGNS-000276","geometry":{"type":"Point","coordinates":[39.239804,21.494149]},"properties":{"branch":"السليمانية","sign_id":"NET_ROAD_SIGNS-000276"}},{"type":"Feature","id":"NET_ROAD_SIGNS-000277","geometry":{"type":"Point","coordinates":[39.239873,21.494108]},"properties":{"branch":"السليمانية","sign_id":"NET_ROAD_SIGNS-000277"}},{"type":"Feature","id":"NET_ROAD_SIGNS-000278","geometry":{"type":"Point","coordinates":[39.239864,21.49404]},"properties":{"branch":"السليمانية","sign_id":"NET_ROAD_SIGNS-000278"}},{"type":"Feature","id":"NET_ROAD_SIGNS-000279","geometry":{"type":"Point","coordinates":[39.239775,21.493896]},"properties":{"branch":"السليمانية","sign_id":"NET_ROAD_SIGNS-000279"}},{"type":"Feature","id":"NET_ROAD_SIGNS-000280","geometry":{"type":"Point","coordinates":[39.239887,21.493866]},"properties":{"branch":"السليمانية","sign_id":"NET_ROAD_SIGNS-000280"}},{"type":"Feature","id":"NET_ROAD_SIGNS-000281","geometry":{"type":"Point","coordinates":[39.239877,21.493793]},"properties":{"branch":"السليمانية","sign_id":"NET_ROAD_SIGNS-000281"}},{"type":"Feature","id":"NET_ROAD_SIGNS-000282","geometry":{"type":"Point","coordinates":[39.23955,21.493582]},"properties":{"branch":"السليمانية","sign_id":"NET_ROAD_SIGNS-000282"}},{"type":"Feature","id":"NET_ROAD_SIGNS-000283","geometry":{"type":"Point","coordinates":[39.239199,21.493606]},"properties":{"branch":"السليمانية","sign_id":"NET_ROAD_SIGNS-000283"}},{"type":"Feature","id":"NET_ROAD_SIGNS-000284","geometry":{"type":"Point","coordinates":[39.239175,21.493276]},"properties":{"branch":"السليمانية","sign_id":"NET_ROAD_SIGNS-000284"}},{"type":"Feature","id":"NET_ROAD_SIGNS-000285","geometry":{"type":"Point","coordinates":[39.239302,21.493105]},"properties":{"branch":"السليمانية","sign_id":"NET_ROAD_SIGNS-000285"}},{"type":"Feature","id":"NET_ROAD_SIGNS-000286","geometry":{"type":"Point","coordinates":[39.239444,21.49298]},"properties":{"branch":"السليمانية","sign_id":"NET_ROAD_SIGNS-000286"}},{"type":"Feature","id":"NET_ROAD_SIGNS-000287","geometry":{"type":"Point","coordinates":[39.239181,21.493014]},"properties":{"branch":"السليمانية","sign_id":"NET_ROAD_SIGNS-000287"}},{"type":"Feature","id":"NET_ROAD_SIGNS-000288","geometry":{"type":"Point","coordinates":[39.239179,21.492872]},"properties":{"branch":"السليمانية","sign_id":"NET_ROAD_SIGNS-000288"}},{"type":"Feature","id":"NET_ROAD_SIGNS-000289","geometry":{"type":"Point","coordinates":[39.239436,21.492766]},"properties":{"branch":"السليمانية","sign_id":"NET_ROAD_SIGNS-000289"}},{"type":"Feature","id":"NET_ROAD_SIGNS-000290","geometry":{"type":"Point","coordinates":[39.239171,21.492641]},"properties":{"branch":"السليمانية","sign_id":"NET_ROAD_SIGNS-000290"}},{"type":"Feature","id":"NET_ROAD_SIGNS-000291","geometry":{"type":"Point","coordinates":[39.239432,21.492384]},"properties":{"branch":"السليمانية","sign_id":"NET_ROAD_SIGNS-000291"}},{"type":"Feature","id":"NET_ROAD_SIGNS-000292","geometry":{"type":"Point","coordinates":[39.239169,21.492315]},"properties":{"branch":"السليمانية","sign_id":"NET_ROAD_SIGNS-000292"}},{"type":"Feature","id":"NET_ROAD_SIGNS-000293","geometry":{"type":"Point","coordinates":[39.239427,21.492308]},"properties":{"branch":"السليمانية","sign_id":"NET_ROAD_SIGNS-000293"}},{"type":"Feature","id":"NET_ROAD_SIGNS-000294","geometry":{"type":"Point","coordinates":[39.239527,21.49211]},"properties":{"branch":"السليمانية","sign_id":"NET_ROAD_SIGNS-000294"}},{"type":"Feature","id":"NET_ROAD_SIGNS-000295","geometry":{"type":"Point","coordinates":[39.239306,21.492097]},"properties":{"branch":"السليمانية","sign_id":"NET_ROAD_SIGNS-000295"}},{"type":"Feature","id":"NET_ROAD_SIGNS-000296","geometry":{"type":"Point","coordinates":[39.239279,21.491964]},"properties":{"branch":"السليمانية","sign_id":"NET_ROAD_SIGNS-000296"}},{"type":"Feature","id":"NET_ROAD_SIGNS-000297","geometry":{"type":"Point","coordinates":[39.239163,21.492033]},"properties":{"branch":"السليمانية","sign_id":"NET_ROAD_SIGNS-000297"}},{"type":"Feature","id":"NET_ROAD_SIGNS-000298","geometry":{"type":"Point","coordinates":[39.23905,21.492055]},"properties":{"branch":"السليمانية","sign_id":"NET_ROAD_SIGNS-000298"}},{"type":"Feature","id":"NET_ROAD_SIGNS-000299","geometry":{"type":"Point","coordinates":[39.239037,21.491973]},"properties":{"branch":"السليمانية","sign_id":"NET_ROAD_SIGNS-000299"}},{"type":"Feature","id":"NET_ROAD_SIGNS-000300","geometry":{"type":"Point","coordinates":[39.239103,21.491968]},"properties":{"branch":"السليمانية","sign_id":"NET_ROAD_SIGNS-000300"}},{"type":"Feature","id":"NET_ROAD_SIGNS-000301","geometry":{"type":"Point","coordinates":[39.239148,21.491912]},"properties":{"branch":"السليمانية","sign_id":"NET_ROAD_SIGNS-000301"}},{"type":"Feature","id":"NET_ROAD_SIGNS-000302","geometry":{"type":"Point","coordinates":[39.239423,21.491715]},"properties":{"branch":"السليمانية","sign_id":"NET_ROAD_SIGNS-000302"}},{"type":"Feature","id":"NET_ROAD_SIGNS-000303","geometry":{"type":"Point","coordinates":[39.239091,21.491568]},"properties":{"branch":"السليمانية","sign_id":"NET_ROAD_SIGNS-000303"}},{"type":"Feature","id":"NET_ROAD_SIGNS-000304","geometry":{"type":"Point","coordinates":[39.239416,21.491499]},"properties":{"branch":"السليمانية","sign_id":"NET_ROAD_SIGNS-000304"}},{"type":"Feature","id":"NET_ROAD_SIGNS-000305","geometry":{"type":"Point","coordinates":[39.234335,21.487373]},"properties":{"branch":"السليمانية","sign_id":"NET_ROAD_SIGNS-000305"}},{"type":"Feature","id":"NET_ROAD_SIGNS-000306","geometry":{"type":"Point","coordinates":[39.234428,21.487367]},"properties":{"branch":"السليمانية","sign_id":"NET_ROAD_SIGNS-000306"}},{"type":"Feature","id":"NET_ROAD_SIGNS-000307","geometry":{"type":"Point","coordinates":[39.235126,21.487197]},"properties":{"branch":"السليمانية","sign_id":"NET_ROAD_SIGNS-000307"}},{"type":"Feature","id":"NET_ROAD_SIGNS-000308","geometry":{"type":"Point","coordinates":[39.236408,21.487035]},"properties":{"branch":"السليمانية","sign_id":"NET_ROAD_SIGNS-000308"}},{"type":"Feature","id":"NET_ROAD_SIGNS-000309","geometry":{"type":"Point","coordinates":[39.237234,21.487151]},"properties":{"branch":"السليمانية","sign_id":"NET_ROAD_SIGNS-000309"}},{"type":"Feature","id":"NET_ROAD_SIGNS-000310","geometry":{"type":"Point","coordinates":[39.23784,21.487046]},"properties":{"branch":"السليمانية","sign_id":"NET_ROAD_SIGNS-000310"}},{"type":"Feature","id":"NET_ROAD_SIGNS-000311","geometry":{"type":"Point","coordinates":[39.238005,21.486912]},"properties":{"branch":"السليمانية","sign_id":"NET_ROAD_SIGNS-000311"}},{"type":"Feature","id":"NET_ROAD_SIGNS-000312","geometry":{"type":"Point","coordinates":[39.23903,21.486719]},"properties":{"branch":"السليمانية","sign_id":"NET_ROAD_SIGNS-000312"}},{"type":"Feature","id":"NET_ROAD_SIGNS-000313","geometry":{"type":"Point","coordinates":[39.23929,21.484773]},"properties":{"branch":"السليمانية","sign_id":"NET_ROAD_SIGNS-000313"}},{"type":"Feature","id":"NET_ROAD_SIGNS-000314","geometry":{"type":"Point","coordinates":[39.2393,21.485118]},"properties":{"branch":"السليمانية","sign_id":"NET_ROAD_SIGNS-000314"}},{"type":"Feature","id":"NET_ROAD_SIGNS-000315","geometry":{"type":"Point","coordinates":[39.239037,21.485313]},"properties":{"branch":"السليمانية","sign_id":"NET_ROAD_SIGNS-000315"}},{"type":"Feature","id":"NET_ROAD_SIGNS-000316","geometry":{"type":"Point","coordinates":[39.238982,21.485422]},"properties":{"branch":"السليمانية","sign_id":"NET_ROAD_SIGNS-000316"}},{"type":"Feature","id":"NET_ROAD_SIGNS-000317","geometry":{"type":"Point","coordinates":[39.23904,21.485691]},"properties":{"branch":"السليمانية","sign_id":"NET_ROAD_SIGNS-000317"}},{"type":"Feature","id":"NET_ROAD_SIGNS-000318","geometry":{"type":"Point","coordinates":[39.239049,21.486072]},"properties":{"branch":"السليمانية","sign_id":"NET_ROAD_SIGNS-000318"}},{"type":"Feature","id":"NET_ROAD_SIGNS-000319","geometry":{"type":"Point","coordinates":[39.239051,21.486226]},"properties":{"branch":"السليمانية","sign_id":"NET_ROAD_SIGNS-000319"}},{"type":"Feature","id":"NET_ROAD_SIGNS-000320","geometry":{"type":"Point","coordinates":[39.239198,21.486302]},"properties":{"branch":"السليمانية","sign_id":"NET_ROAD_SIGNS-000320"}},{"type":"Feature","id":"NET_ROAD_SIGNS-000321","geometry":{"type":"Point","coordinates":[39.239317,21.486075]},"properties":{"branch":"السليمانية","sign_id":"NET_ROAD_SIGNS-000321"}},{"type":"Feature","id":"NET_ROAD_SIGNS-000322","geometry":{"type":"Point","coordinates":[39.239331,21.487087]},"properties":{"branch":"السليمانية","sign_id":"NET_ROAD_SIGNS-000322"}},{"type":"Feature","id":"NET_ROAD_SIGNS-000323","geometry":{"type":"Point","coordinates":[39.23908,21.487325]},"properties":{"branch":"السليمانية","sign_id":"NET_ROAD_SIGNS-000323"}},{"type":"Feature","id":"NET_ROAD_SIGNS-000324","geometry":{"type":"Point","coordinates":[39.239082,21.487551]},"properties":{"branch":"السليمانية","sign_id":"NET_ROAD_SIGNS-000324"}},{"type":"Feature","id":"NET_ROAD_SIGNS-000325","geometry":{"type":"Point","coordinates":[39.239374,21.489334]},"properties":{"branch":"السليمانية","sign_id":"NET_ROAD_SIGNS-000325"}},{"type":"Feature","id":"NET_ROAD_SIGNS-000326","geometry":{"type":"Point","coordinates":[39.239107,21.489262]},"properties":{"branch":"السليمانية","sign_id":"NET_ROAD_SIGNS-000326"}},{"type":"Feature","id":"NET_ROAD_SIGNS-000327","geometry":{"type":"Point","coordinates":[39.239261,21.489648]},"properties":{"branch":"السليمانية","sign_id":"NET_ROAD_SIGNS-000327"}},{"type":"Feature","id":"NET_ROAD_SIGNS-000328","geometry":{"type":"Point","coordinates":[39.239417,21.489649]},"properties":{"branch":"السليمانية","sign_id":"NET_ROAD_SIGNS-000328"}},{"type":"Feature","id":"NET_ROAD_SIGNS-000329","geometry":{"type":"Point","coordinates":[39.239381,21.489738]},"properties":{"branch":"السليمانية","sign_id":"NET_ROAD_SIGNS-000329"}},{"type":"Feature","id":"NET_ROAD_SIGNS-000330","geometry":{"type":"Point","coordinates":[39.239117,21.489811]},"properties":{"branch":"السليمانية","sign_id":"NET_ROAD_SIGNS-000330"}},{"type":"Feature","id":"NET_ROAD_SIGNS-000331","geometry":{"type":"Point","coordinates":[39.239966,21.490501]},"properties":{"branch":"السليمانية","sign_id":"NET_ROAD_SIGNS-000331"}},{"type":"Feature","id":"NET_ROAD_SIGNS-000332","geometry":{"type":"Point","coordinates":[39.23979,21.490727]},"properties":{"branch":"السليمانية","sign_id":"NET_ROAD_SIGNS-000332"}},{"type":"Feature","id":"NET_ROAD_SIGNS-000333","geometry":{"type":"Point","coordinates":[39.239814,21.490947]},"properties":{"branch":"السليمانية","sign_id":"NET_ROAD_SIGNS-000333"}},{"type":"Feature","id":"NET_ROAD_SIGNS-000334","geometry":{"type":"Point","coordinates":[39.240007,21.491093]},"properties":{"branch":"السليمانية","sign_id":"NET_ROAD_SIGNS-000334"}},{"type":"Feature","id":"NET_ROAD_SIGNS-000335","geometry":{"type":"Point","coordinates":[39.240052,21.491092]},"properties":{"branch":"السليمانية","sign_id":"NET_ROAD_SIGNS-000335"}},{"type":"Feature","id":"NET_ROAD_SIGNS-000336","geometry":{"type":"Point","coordinates":[39.240142,21.490914]},"properties":{"branch":"السليمانية","sign_id":"NET_ROAD_SIGNS-000336"}},{"type":"Feature","id":"NET_ROAD_SIGNS-000337","geometry":{"type":"Point","coordinates":[39.240176,21.49091]},"properties":{"branch":"السليمانية","sign_id":"NET_ROAD_SIGNS-000337"}},{"type":"Feature","id":"NET_ROAD_SIGNS-000338","geometry":{"type":"Point","coordinates":[39.240229,21.490921]},"properties":{"branch":"السليمانية","sign_id":"NET_ROAD_SIGNS-000338"}},{"type":"Feature","id":"NET_ROAD_SIGNS-000339","geometry":{"type":"Point","coordinates":[39.24006,21.491168]},"properties":{"branch":"السليمانية","sign_id":"NET_ROAD_SIGNS-000339"}},{"type":"Feature","id":"NET_ROAD_SIGNS-000340","geometry":{"type":"Point","coordinates":[39.240648,21.490671]},"properties":{"branch":"السليمانية","sign_id":"NET_ROAD_SIGNS-000340"}},{"type":"Feature","id":"NET_ROAD_SIGNS-000341","geometry":{"type":"Point","coordinates":[39.240489,21.490896]},"properties":{"branch":"السليمانية","sign_id":"NET_ROAD_SIGNS-000341"}},{"type":"Feature","id":"NET_ROAD_SIGNS-000342","geometry":{"type":"Point","coordinates":[39.24081,21.491099]},"properties":{"branch":"السليمانية","sign_id":"NET_ROAD_SIGNS-000342"}},{"type":"Feature","id":"NET_ROAD_SIGNS-000343","geometry":{"type":"Point","coordinates":[39.240841,21.491091]},"properties":{"branch":"السليمانية","sign_id":"NET_ROAD_SIGNS-000343"}},{"type":"Feature","id":"NET_ROAD_SIGNS-000344","geometry":{"type":"Point","coordinates":[39.2414,21.489331]},"properties":{"branch":"السليمانية","sign_id":"NET_ROAD_SIGNS-000344"}},{"type":"Feature","id":"NET_ROAD_SIGNS-000345","geometry":{"type":"Point","coordinates":[39.240896,21.490039]},"properties":{"branch":"السليمانية","sign_id":"NET_ROAD_SIGNS-000345"}},{"type":"Feature","id":"NET_ROAD_SIGNS-000346","geometry":{"type":"Point","coordinates":[39.240768,21.490207]},"properties":{"branch":"السليمانية","sign_id":"NET_ROAD_SIGNS-000346"}},{"type":"Feature","id":"NET_ROAD_SIGNS-000347","geometry":{"type":"Point","coordinates":[39.241188,21.490449]},"properties":{"branch":"السليمانية","sign_id":"NET_ROAD_SIGNS-000347"}},{"type":"Feature","id":"NET_ROAD_SIGNS-000348","geometry":{"type":"Point","coordinates":[39.241334,21.490618]},"properties":{"branch":"السليمانية","sign_id":"NET_ROAD_SIGNS-000348"}},{"type":"Feature","id":"NET_ROAD_SIGNS-000349","geometry":{"type":"Point","coordinates":[39.241505,21.49055]},"properties":{"branch":"السليمانية","sign_id":"NET_ROAD_SIGNS-000349"}},{"type":"Feature","id":"NET_ROAD_SIGNS-000350","geometry":{"type":"Point","coordinates":[39.241575,21.490959]},"properties":{"branch":"السليمانية","sign_id":"NET_ROAD_SIGNS-000350"}},{"type":"Feature","id":"NET_ROAD_SIGNS-000351","geometry":{"type":"Point","coordinates":[39.241626,21.490954]},"properties":{"branch":"السليمانية","sign_id":"NET_ROAD_SIGNS-000351"}},{"type":"Feature","id":"NET_ROAD_SIGNS-000352","geometry":{"type":"Point","coordinates":[39.24165,21.49106]},"properties":{"branch":"السليمانية","sign_id":"NET_ROAD_SIGNS-000352"}},{"type":"Feature","id":"NET_ROAD_SIGNS-000353","geometry":{"type":"Point","coordinates":[39.241644,21.491032]},"properties":{"branch":"السليمانية","sign_id":"NET_ROAD_SIGNS-000353"}},{"type":"Feature","id":"NET_ROAD_SIGNS-000354","geometry":{"type":"Point","coordinates":[39.240072,21.491668]},"properties":{"branch":"السليمانية","sign_id":"NET_ROAD_SIGNS-000354"}},{"type":"Feature","id":"NET_ROAD_SIGNS-000355","geometry":{"type":"Point","coordinates":[39.240107,21.491665]},"properties":{"branch":"السليمانية","sign_id":"NET_ROAD_SIGNS-000355"}},{"type":"Feature","id":"NET_ROAD_SIGNS-000356","geometry":{"type":"Point","coordinates":[39.240118,21.491741]},"properties":{"branch":"السليمانية","sign_id":"NET_ROAD_SIGNS-000356"}},{"type":"Feature","id":"NET_ROAD_SIGNS-000357","geometry":{"type":"Point","coordinates":[39.240134,21.491769]},"properties":{"branch":"السليمانية","sign_id":"NET_ROAD_SIGNS-000357"}},{"type":"Feature","id":"NET_ROAD_SIGNS-000358","geometry":{"type":"Point","coordinates":[39.240139,21.491806]},"properties":{"branch":"السليمانية","sign_id":"NET_ROAD_SIGNS-000358"}},{"type":"Feature","id":"NET_ROAD_SIGNS-000359","geometry":{"type":"Point","coordinates":[39.240062,21.491883]},"properties":{"branch":"السليمانية","sign_id":"NET_ROAD_SIGNS-000359"}},{"type":"Feature","id":"NET_ROAD_SIGNS-000360","geometry":{"type":"Point","coordinates":[39.240223,21.491813]},"properties":{"branch":"السليمانية","sign_id":"NET_ROAD_SIGNS-000360"}},{"type":"Feature","id":"NET_ROAD_SIGNS-000361","geometry":{"type":"Point","coordinates":[39.24023,21.491854]},"properties":{"branch":"السليمانية","sign_id":"NET_ROAD_SIGNS-000361"}},{"type":"Feature","id":"NET_ROAD_SIGNS-000362","geometry":{"type":"Point","coordinates":[39.240765,21.491774]},"properties":{"branch":"السليمانية","sign_id":"NET_ROAD_SIGNS-000362"}},{"type":"Feature","id":"NET_ROAD_SIGNS-000363","geometry":{"type":"Point","coordinates":[39.240694,21.491821]},"properties":{"branch":"السليمانية","sign_id":"NET_ROAD_SIGNS-000363"}},{"type":"Feature","id":"NET_ROAD_SIGNS-000364","geometry":{"type":"Point","coordinates":[39.240849,21.491675]},"properties":{"branch":"السليمانية","sign_id":"NET_ROAD_SIGNS-000364"}},{"type":"Feature","id":"NET_ROAD_SIGNS-000365","geometry":{"type":"Point","coordinates":[39.240901,21.491669]},"properties":{"branch":"السليمانية","sign_id":"NET_ROAD_SIGNS-000365"}},{"type":"Feature","id":"NET_ROAD_SIGNS-000366","geometry":{"type":"Point","coordinates":[39.240861,21.491802]},"properties":{"branch":"السليمانية","sign_id":"NET_ROAD_SIGNS-000366"}},{"type":"Feature","id":"NET_ROAD_SIGNS-000367","geometry":{"type":"Point","coordinates":[39.232376,21.492342]},"properties":{"branch":"السليمانية","sign_id":"NET_ROAD_SIGNS-000367"}},{"type":"Feature","id":"NET_ROAD_SIGNS-000368","geometry":{"type":"Point","coordinates":[39.232543,21.494249]},"properties":{"branch":"السليمانية","sign_id":"NET_ROAD_SIGNS-000368"}},{"type":"Feature","id":"NET_ROAD_SIGNS-000369","geometry":{"type":"Point","coordinates":[39.232688,21.494653]},"properties":{"branch":"السليمانية","sign_id":"NET_ROAD_SIGNS-000369"}},{"type":"Feature","id":"NET_ROAD_SIGNS-000370","geometry":{"type":"Point","coordinates":[39.231749,21.494783]},"properties":{"branch":"السليمانية","sign_id":"NET_ROAD_SIGNS-000370"}},{"type":"Feature","id":"NET_ROAD_SIGNS-000371","geometry":{"type":"Point","coordinates":[39.23198,21.494771]},"properties":{"branch":"السليمانية","sign_id":"NET_ROAD_SIGNS-000371"}},{"type":"Feature","id":"NET_ROAD_SIGNS-000372","geometry":{"type":"Point","coordinates":[39.231999,21.494915]},"properties":{"branch":"السليمانية","sign_id":"NET_ROAD_SIGNS-000372"}},{"type":"Feature","id":"NET_ROAD_SIGNS-000373","geometry":{"type":"Point","coordinates":[39.231944,21.49497]},"properties":{"branch":"السليمانية","sign_id":"NET_ROAD_SIGNS-000373"}},{"type":"Feature","id":"NET_ROAD_SIGNS-000374","geometry":{"type":"Point","coordinates":[39.231961,21.495079]},"properties":{"branch":"السليمانية","sign_id":"NET_ROAD_SIGNS-000374"}},{"type":"Feature","id":"NET_ROAD_SIGNS-000375","geometry":{"type":"Point","coordinates":[39.232905,21.495271]},"properties":{"branch":"السليمانية","sign_id":"NET_ROAD_SIGNS-000375"}},{"type":"Feature","id":"NET_ROAD_SIGNS-000376","geometry":{"type":"Point","coordinates":[39.233008,21.496951]},"properties":{"branch":"السليمانية","sign_id":"NET_ROAD_SIGNS-000376"}},{"type":"Feature","id":"NET_ROAD_SIGNS-000377","geometry":{"type":"Point","coordinates":[39.233195,21.497057]},"properties":{"branch":"السليمانية","sign_id":"NET_ROAD_SIGNS-000377"}},{"type":"Feature","id":"NET_ROAD_SIGNS-000378","geometry":{"type":"Point","coordinates":[39.233081,21.497208]},"properties":{"branch":"السليمانية","sign_id":"NET_ROAD_SIGNS-000378"}},{"type":"Feature","id":"NET_ROAD_SIGNS-000379","geometry":{"type":"Point","coordinates":[39.233638,21.497321]},"properties":{"branch":"السليمانية","sign_id":"NET_ROAD_SIGNS-000379"}},{"type":"Feature","id":"NET_ROAD_SIGNS-000380","geometry":{"type":"Point","coordinates":[39.233623,21.497209]},"properties":{"branch":"السليمانية","sign_id":"NET_ROAD_SIGNS-000380"}},{"type":"Feature","id":"NET_ROAD_SIGNS-000381","geometry":{"type":"Point","coordinates":[39.233554,21.497226]},"properties":{"branch":"السليمانية","sign_id":"NET_ROAD_SIGNS-000381"}},{"type":"Feature","id":"NET_ROAD_SIGNS-000382","geometry":{"type":"Point","coordinates":[39.232223,21.497277]},"properties":{"branch":"السليمانية","sign_id":"NET_ROAD_SIGNS-000382"}},{"type":"Feature","id":"NET_ROAD_SIGNS-000383","geometry":{"type":"Point","coordinates":[39.232135,21.497012]},"properties":{"branch":"السليمانية","sign_id":"NET_ROAD_SIGNS-000383"}},{"type":"Feature","id":"NET_ROAD_SIGNS-000384","geometry":{"type":"Point","coordinates":[39.23407,21.497722]},"properties":{"branch":"السليمانية","sign_id":"NET_ROAD_SIGNS-000384"}},{"type":"Feature","id":"NET_ROAD_SIGNS-000385","geometry":{"type":"Point","coordinates":[39.23428,21.49769]},"properties":{"branch":"السليمانية","sign_id":"NET_ROAD_SIGNS-000385"}},{"type":"Feature","id":"NET_ROAD_SIGNS-000386","geometry":{"type":"Point","coordinates":[39.234186,21.497086]},"properties":{"branch":"السليمانية","sign_id":"NET_ROAD_SIGNS-000386"}},{"type":"Feature","id":"NET_ROAD_SIGNS-000387","geometry":{"type":"Point","coordinates":[39.234175,21.49684]},"properties":{"branch":"السليمانية","sign_id":"NET_ROAD_SIGNS-000387"}},{"type":"Feature","id":"NET_ROAD_SIGNS-000388","geometry":{"type":"Point","coordinates":[39.233866,21.496523]},"properties":{"branch":"السليمانية","sign_id":"NET_ROAD_SIGNS-000388"}},{"type":"Feature","id":"NET_ROAD_SIGNS-000389","geometry":{"type":"Point","coordinates":[39.233826,21.496417]},"properties":{"branch":"السليمانية","sign_id":"NET_ROAD_SIGNS-000389"}},{"type":"Feature","id":"NET_ROAD_SIGNS-000390","geometry":{"type":"Point","coordinates":[39.234055,21.496201]},"properties":{"branch":"السليمانية","sign_id":"NET_ROAD_SIGNS-000390"}},{"type":"Feature","id":"NET_ROAD_SIGNS-000391","geometry":{"type":"Point","coordinates":[39.233854,21.496328]},"properties":{"branch":"السليمانية","sign_id":"NET_ROAD_SIGNS-000391"}},{"type":"Feature","id":"NET_ROAD_SIGNS-000392","geometry":{"type":"Point","coordinates":[39.23393,21.496215]},"properties":{"branch":"السليمانية","sign_id":"NET_ROAD_SIGNS-000392"}},{"type":"Feature","id":"NET_ROAD_SIGNS-000393","geometry":{"type":"Point","coordinates":[39.233907,21.496085]},"properties":{"branch":"السليمانية","sign_id":"NET_ROAD_SIGNS-000393"}},{"type":"Feature","id":"NET_ROAD_SIGNS-000394","geometry":{"type":"Point","coordinates":[39.233814,21.496008]},"properties":{"branch":"السليمانية","sign_id":"NET_ROAD_SIGNS-000394"}},{"type":"Feature","id":"NET_ROAD_SIGNS-000395","geometry":{"type":"Point","coordinates":[39.233773,21.495706]},"properties":{"branch":"السليمانية","sign_id":"NET_ROAD_SIGNS-000395"}},{"type":"Feature","id":"NET_ROAD_SIGNS-000396","geometry":{"type":"Point","coordinates":[39.233669,21.495356]},"properties":{"branch":"السليمانية","sign_id":"NET_ROAD_SIGNS-000396"}},{"type":"Feature","id":"NET_ROAD_SIGNS-000397","geometry":{"type":"Point","coordinates":[39.233708,21.4954]},"properties":{"branch":"السليمانية","sign_id":"NET_ROAD_SIGNS-000397"}},{"type":"Feature","id":"NET_ROAD_SIGNS-000398","geometry":{"type":"Point","coordinates":[39.233862,21.495333]},"properties":{"branch":"السليمانية","sign_id":"NET_ROAD_SIGNS-000398"}},{"type":"Feature","id":"NET_ROAD_SIGNS-000399","geometry":{"type":"Point","coordinates":[39.233657,21.495268]},"properties":{"branch":"السليمانية","sign_id":"NET_ROAD_SIGNS-000399"}},{"type":"Feature","id":"NET_ROAD_SIGNS-000400","geometry":{"type":"Point","coordinates":[39.233792,21.495208]},"properties":{"branch":"السليمانية","sign_id":"NET_ROAD_SIGNS-000400"}},{"type":"Feature","id":"NET_ROAD_SIGNS-000401","geometry":{"type":"Point","coordinates":[39.233805,21.495174]},"properties":{"branch":"السليمانية","sign_id":"NET_ROAD_SIGNS-000401"}},{"type":"Feature","id":"NET_ROAD_SIGNS-000402","geometry":{"type":"Point","coordinates":[39.233895,21.495244]},"properties":{"branch":"السليمانية","sign_id":"NET_ROAD_SIGNS-000402"}},{"type":"Feature","id":"NET_ROAD_SIGNS-000403","geometry":{"type":"Point","coordinates":[39.234647,21.495155]},"properties":{"branch":"السليمانية","sign_id":"NET_ROAD_SIGNS-000403"}},{"type":"Feature","id":"NET_ROAD_SIGNS-000404","geometry":{"type":"Point","coordinates":[39.234986,21.495108]},"properties":{"branch":"السليمانية","sign_id":"NET_ROAD_SIGNS-000404"}},{"type":"Feature","id":"NET_ROAD_SIGNS-000405","geometry":{"type":"Point","coordinates":[39.235149,21.495091]},"properties":{"branch":"السليمانية","sign_id":"NET_ROAD_SIGNS-000405"}},{"type":"Feature","id":"NET_ROAD_SIGNS-000406","geometry":{"type":"Point","coordinates":[39.235501,21.494814]},"properties":{"branch":"السليمانية","sign_id":"NET_ROAD_SIGNS-000406"}},{"type":"Feature","id":"NET_ROAD_SIGNS-000407","geometry":{"type":"Point","coordinates":[39.23542,21.494835]},"properties":{"branch":"السليمانية","sign_id":"NET_ROAD_SIGNS-000407"}},{"type":"Feature","id":"NET_ROAD_SIGNS-000408","geometry":{"type":"Point","coordinates":[39.235419,21.494981]},"properties":{"branch":"السليمانية","sign_id":"NET_ROAD_SIGNS-000408"}},{"type":"Feature","id":"NET_ROAD_SIGNS-000409","geometry":{"type":"Point","coordinates":[39.235435,21.494985]},"properties":{"branch":"السليمانية","sign_id":"NET_ROAD_SIGNS-000409"}},{"type":"Feature","id":"NET_ROAD_SIGNS-000410","geometry":{"type":"Point","coordinates":[39.235388,21.495059]},"properties":{"branch":"السليمانية","sign_id":"NET_ROAD_SIGNS-000410"}},{"type":"Feature","id":"NET_ROAD_SIGNS-000411","geometry":{"type":"Point","coordinates":[39.235463,21.495159]},"properties":{"branch":"السليمانية","sign_id":"NET_ROAD_SIGNS-000411"}},{"type":"Feature","id":"NET_ROAD_SIGNS-000412","geometry":{"type":"Point","coordinates":[39.2354,21.495245]},"properties":{"branch":"السليمانية","sign_id":"NET_ROAD_SIGNS-000412"}},{"type":"Feature","id":"NET_ROAD_SIGNS-000413","geometry":{"type":"Point","coordinates":[39.235534,21.495463]},"properties":{"branch":"السليمانية","sign_id":"NET_ROAD_SIGNS-000413"}},{"type":"Feature","id":"NET_ROAD_SIGNS-000414","geometry":{"type":"Point","coordinates":[39.237072,21.494113]},"properties":{"branch":"السليمانية","sign_id":"NET_ROAD_SIGNS-000414"}},{"type":"Feature","id":"NET_ROAD_SIGNS-000415","geometry":{"type":"Point","coordinates":[39.237007,21.494606]},"properties":{"branch":"السليمانية","sign_id":"NET_ROAD_SIGNS-000415"}},{"type":"Feature","id":"NET_ROAD_SIGNS-000416","geometry":{"type":"Point","coordinates":[39.238895,21.493771]},"properties":{"branch":"السليمانية","sign_id":"NET_ROAD_SIGNS-000416"}},{"type":"Feature","id":"NET_ROAD_SIGNS-000417","geometry":{"type":"Point","coordinates":[39.238809,21.494296]},"properties":{"branch":"السليمانية","sign_id":"NET_ROAD_SIGNS-000417"}},{"type":"Feature","id":"NET_ROAD_SIGNS-000418","geometry":{"type":"Point","coordinates":[39.232239,21.498256]},"properties":{"branch":"السليمانية","sign_id":"NET_ROAD_SIGNS-000418"}},{"type":"Feature","id":"NET_ROAD_SIGNS-000419","geometry":{"type":"Point","coordinates":[39.232131,21.498673]},"properties":{"branch":"السليمانية","sign_id":"NET_ROAD_SIGNS-000419"}},{"type":"Feature","id":"NET_ROAD_SIGNS-000420","geometry":{"type":"Point","coordinates":[39.232154,21.498824]},"properties":{"branch":"السليمانية","sign_id":"NET_ROAD_SIGNS-000420"}},{"type":"Feature","id":"NET_ROAD_SIGNS-000421","geometry":{"type":"Point","coordinates":[39.232138,21.499246]},"properties":{"branch":"السليمانية","sign_id":"NET_ROAD_SIGNS-000421"}},{"type":"Feature","id":"NET_ROAD_SIGNS-000422","geometry":{"type":"Point","coordinates":[39.232215,21.499341]},"properties":{"branch":"السليمانية","sign_id":"NET_ROAD_SIGNS-000422"}},{"type":"Feature","id":"NET_ROAD_SIGNS-000423","geometry":{"type":"Point","coordinates":[39.232242,21.499527]},"properties":{"branch":"السليمانية","sign_id":"NET_ROAD_SIGNS-000423"}},{"type":"Feature","id":"NET_ROAD_SIGNS-000424","geometry":{"type":"Point","coordinates":[39.237391,21.495137]},"properties":{"branch":"السليمانية","sign_id":"NET_ROAD_SIGNS-000424"}},{"type":"Feature","id":"NET_ROAD_SIGNS-000425","geometry":{"type":"Point","coordinates":[39.237018,21.495042]},"properties":{"branch":"السليمانية","sign_id":"NET_ROAD_SIGNS-000425"}},{"type":"Feature","id":"NET_ROAD_SIGNS-000426","geometry":{"type":"Point","coordinates":[39.236962,21.49498]},"properties":{"branch":"السليمانية","sign_id":"NET_ROAD_SIGNS-000426"}},{"type":"Feature","id":"NET_ROAD_SIGNS-000427","geometry":{"type":"Point","coordinates":[39.237537,21.494765]},"properties":{"branch":"السليمانية","sign_id":"NET_ROAD_SIGNS-000427"}},{"type":"Feature","id":"NET_ROAD_SIGNS-000428","geometry":{"type":"Point","coordinates":[39.237457,21.494779]},"properties":{"branch":"السليمانية","sign_id":"NET_ROAD_SIGNS-000428"}},{"type":"Feature","id":"NET_ROAD_SIGNS-000429","geometry":{"type":"Point","coordinates":[39.237323,21.494846]},"properties":{"branch":"السليمانية","sign_id":"NET_ROAD_SIGNS-000429"}},{"type":"Feature","id":"NET_ROAD_SIGNS-000430","geometry":{"type":"Point","coordinates":[39.237372,21.494987]},"properties":{"branch":"السليمانية","sign_id":"NET_ROAD_SIGNS-000430"}},{"type":"Feature","id":"NET_ROAD_SIGNS-000431","geometry":{"type":"Point","coordinates":[39.232576,21.499907]},"properties":{"branch":"السليمانية","sign_id":"NET_ROAD_SIGNS-000431"}},{"type":"Feature","id":"NET_ROAD_SIGNS-000432","geometry":{"type":"Point","coordinates":[39.233567,21.49999]},"properties":{"branch":"السليمانية","sign_id":"NET_ROAD_SIGNS-000432"}},{"type":"Feature","id":"NET_ROAD_SIGNS-000433","geometry":{"type":"Point","coordinates":[39.233726,21.499663]},"properties":{"branch":"السليمانية","sign_id":"NET_ROAD_SIGNS-000433"}},{"type":"Feature","id":"NET_ROAD_SIGNS-000434","geometry":{"type":"Point","coordinates":[39.233539,21.499698]},"properties":{"branch":"السليمانية","sign_id":"NET_ROAD_SIGNS-000434"}},{"type":"Feature","id":"NET_ROAD_SIGNS-000435","geometry":{"type":"Point","coordinates":[39.233277,21.499647]},"properties":{"branch":"السليمانية","sign_id":"NET_ROAD_SIGNS-000435"}},{"type":"Feature","id":"NET_ROAD_SIGNS-000436","geometry":{"type":"Point","coordinates":[39.233716,21.499524]},"properties":{"branch":"السليمانية","sign_id":"NET_ROAD_SIGNS-000436"}},{"type":"Feature","id":"NET_ROAD_SIGNS-000437","geometry":{"type":"Point","coordinates":[39.233264,21.499433]},"properties":{"branch":"السليمانية","sign_id":"NET_ROAD_SIGNS-000437"}},{"type":"Feature","id":"NET_ROAD_SIGNS-000438","geometry":{"type":"Point","coordinates":[39.233351,21.499136]},"properties":{"branch":"السليمانية","sign_id":"NET_ROAD_SIGNS-000438"}},{"type":"Feature","id":"NET_ROAD_SIGNS-000439","geometry":{"type":"Point","coordinates":[39.233163,21.499015]},"properties":{"branch":"السليمانية","sign_id":"NET_ROAD_SIGNS-000439"}},{"type":"Feature","id":"NET_ROAD_SIGNS-000440","geometry":{"type":"Point","coordinates":[39.233463,21.49896]},"properties":{"branch":"السليمانية","sign_id":"NET_ROAD_SIGNS-000440"}},{"type":"Feature","id":"NET_ROAD_SIGNS-000441","geometry":{"type":"Point","coordinates":[39.233766,21.49884]},"properties":{"branch":"السليمانية","sign_id":"NET_ROAD_SIGNS-000441"}},{"type":"Feature","id":"NET_ROAD_SIGNS-000442","geometry":{"type":"Point","coordinates":[39.234213,21.498885]},"properties":{"branch":"السليمانية","sign_id":"NET_ROAD_SIGNS-000442"}},{"type":"Feature","id":"NET_ROAD_SIGNS-000443","geometry":{"type":"Point","coordinates":[39.23392,21.499082]},"properties":{"branch":"السليمانية","sign_id":"NET_ROAD_SIGNS-000443"}},{"type":"Feature","id":"NET_ROAD_SIGNS-000444","geometry":{"type":"Point","coordinates":[39.234107,21.498648]},"properties":{"branch":"السليمانية","sign_id":"NET_ROAD_SIGNS-000444"}},{"type":"Feature","id":"NET_ROAD_SIGNS-000445","geometry":{"type":"Point","coordinates":[39.23415,21.498539]},"properties":{"branch":"السليمانية","sign_id":"NET_ROAD_SIGNS-000445"}},{"type":"Feature","id":"NET_ROAD_SIGNS-000446","geometry":{"type":"Point","coordinates":[39.234143,21.498558]},"properties":{"branch":"السليمانية","sign_id":"NET_ROAD_SIGNS-000446"}},{"type":"Feature","id":"NET_ROAD_SIGNS-000447","geometry":{"type":"Point","coordinates":[39.234311,21.498723]},"properties":{"branch":"السليمانية","sign_id":"NET_ROAD_SIGNS-000447"}},{"type":"Feature","id":"NET_ROAD_SIGNS-000448","geometry":{"type":"Point","coordinates":[39.234481,21.498835]},"properties":{"branch":"السليمانية","sign_id":"NET_ROAD_SIGNS-000448"}},{"type":"Feature","id":"NET_ROAD_SIGNS-000449","geometry":{"type":"Point","coordinates":[39.23443,21.498707]},"properties":{"branch":"السليمانية","sign_id":"NET_ROAD_SIGNS-000449"}},{"type":"Feature","id":"NET_ROAD_SIGNS-000450","geometry":{"type":"Point","coordinates":[39.234744,21.49852]},"properties":{"branch":"السليمانية","sign_id":"NET_ROAD_SIGNS-000450"}},{"type":"Feature","id":"NET_ROAD_SIGNS-000451","geometry":{"type":"Point","coordinates":[39.234918,21.498629]},"properties":{"branch":"السليمانية","sign_id":"NET_ROAD_SIGNS-000451"}},{"type":"Feature","id":"NET_ROAD_SIGNS-000452","geometry":{"type":"Point","coordinates":[39.235259,21.49874]},"properties":{"branch":"السليمانية","sign_id":"NET_ROAD_SIGNS-000452"}},{"type":"Feature","id":"NET_ROAD_SIGNS-000453","geometry":{"type":"Point","coordinates":[39.236913,21.498196]},"properties":{"branch":"السليمانية","sign_id":"NET_ROAD_SIGNS-000453"}},{"type":"Feature","id":"NET_ROAD_SIGNS-000454","geometry":{"type":"Point","coordinates":[39.236819,21.498141]},"properties":{"branch":"السليمانية","sign_id":"NET_ROAD_SIGNS-000454"}},{"type":"Feature","id":"NET_ROAD_SIGNS-000455","geometry":{"type":"Point","coordinates":[39.236803,21.498024]},"properties":{"branch":"السليمانية","sign_id":"NET_ROAD_SIGNS-000455"}},{"type":"Feature","id":"NET_ROAD_SIGNS-000456","geometry":{"type":"Point","coordinates":[39.236792,21.497951]},"properties":{"branch":"السليمانية","sign_id":"NET_ROAD_SIGNS-000456"}},{"type":"Feature","id":"NET_ROAD_SIGNS-000457","geometry":{"type":"Point","coordinates":[39.237754,21.498642]},"properties":{"branch":"السليمانية","sign_id":"NET_ROAD_SIGNS-000457"}},{"type":"Feature","id":"NET_ROAD_SIGNS-000458","geometry":{"type":"Point","coordinates":[39.238228,21.497322]},"properties":{"branch":"السليمانية","sign_id":"NET_ROAD_SIGNS-000458"}},{"type":"Feature","id":"NET_ROAD_SIGNS-000459","geometry":{"type":"Point","coordinates":[39.237957,21.4972]},"properties":{"branch":"السليمانية","sign_id":"NET_ROAD_SIGNS-000459"}},{"type":"Feature","id":"NET_ROAD_SIGNS-000460","geometry":{"type":"Point","coordinates":[39.237845,21.497209]},"properties":{"branch":"السليمانية","sign_id":"NET_ROAD_SIGNS-000460"}},{"type":"Feature","id":"NET_ROAD_SIGNS-000461","geometry":{"type":"Point","coordinates":[39.237447,21.497074]},"properties":{"branch":"السليمانية","sign_id":"NET_ROAD_SIGNS-000461"}},{"type":"Feature","id":"NET_ROAD_SIGNS-000462","geometry":{"type":"Point","coordinates":[39.23746,21.497157]},"properties":{"branch":"السليمانية","sign_id":"NET_ROAD_SIGNS-000462"}},{"type":"Feature","id":"NET_ROAD_SIGNS-000463","geometry":{"type":"Point","coordinates":[39.237421,21.497294]},"properties":{"branch":"السليمانية","sign_id":"NET_ROAD_SIGNS-000463"}},{"type":"Feature","id":"NET_ROAD_SIGNS-000464","geometry":{"type":"Point","coordinates":[39.237624,21.497357]},"properties":{"branch":"السليمانية","sign_id":"NET_ROAD_SIGNS-000464"}},{"type":"Feature","id":"NET_ROAD_SIGNS-000465","geometry":{"type":"Point","coordinates":[39.237485,21.497414]},"properties":{"branch":"السليمانية","sign_id":"NET_ROAD_SIGNS-000465"}},{"type":"Feature","id":"NET_ROAD_SIGNS-000466","geometry":{"type":"Point","coordinates":[39.237815,21.498425]},"properties":{"branch":"السليمانية","sign_id":"NET_ROAD_SIGNS-000466"}},{"type":"Feature","id":"NET_ROAD_SIGNS-000467","geometry":{"type":"Point","coordinates":[39.237529,21.498049]},"properties":{"branch":"السليمانية","sign_id":"NET_ROAD_SIGNS-000467"}},{"type":"Feature","id":"NET_ROAD_SIGNS-000468","geometry":{"type":"Point","coordinates":[39.237733,21.498109]},"properties":{"branch":"السليمانية","sign_id":"NET_ROAD_SIGNS-000468"}},{"type":"Feature","id":"NET_ROAD_SIGNS-000469","geometry":{"type":"Point","coordinates":[39.236882,21.497856]},"properties":{"branch":"السليمانية","sign_id":"NET_ROAD_SIGNS-000469"}},{"type":"Feature","id":"NET_ROAD_SIGNS-000470","geometry":{"type":"Point","coordinates":[39.236916,21.497936]},"properties":{"branch":"السليمانية","sign_id":"NET_ROAD_SIGNS-000470"}},{"type":"Feature","id":"NET_ROAD_SIGNS-000471","geometry":{"type":"Point","coordinates":[39.236926,21.498008]},"properties":{"branch":"السليمانية","sign_id":"NET_ROAD_SIGNS-000471"}},{"type":"Feature","id":"NET_ROAD_SIGNS-000472","geometry":{"type":"Point","coordinates":[39.240717,21.492027]},"properties":{"branch":"السليمانية","sign_id":"NET_ROAD_SIGNS-000472"}},{"type":"Feature","id":"NET_ROAD_SIGNS-000473","geometry":{"type":"Point","coordinates":[39.241497,21.49212]},"properties":{"branch":"السليمانية","sign_id":"NET_ROAD_SIGNS-000473"}},{"type":"Feature","id":"NET_ROAD_SIGNS-000474","geometry":{"type":"Point","coordinates":[39.241505,21.492179]},"properties":{"branch":"السليمانية","sign_id":"NET_ROAD_SIGNS-000474"}},{"type":"Feature","id":"NET_ROAD_SIGNS-000475","geometry":{"type":"Point","coordinates":[39.241705,21.491627]},"properties":{"branch":"السليمانية","sign_id":"NET_ROAD_SIGNS-000475"}},{"type":"Feature","id":"NET_ROAD_SIGNS-000476","geometry":{"type":"Point","coordinates":[39.241702,21.491605]},"properties":{"branch":"السليمانية","sign_id":"NET_ROAD_SIGNS-000476"}},{"type":"Feature","id":"NET_ROAD_SIGNS-000477","geometry":{"type":"Point","coordinates":[39.241821,21.491594]},"properties":{"branch":"السليمانية","sign_id":"NET_ROAD_SIGNS-000477"}},{"type":"Feature","id":"NET_ROAD_SIGNS-000478","geometry":{"type":"Point","coordinates":[39.241826,21.491649]},"properties":{"branch":"السليمانية","sign_id":"NET_ROAD_SIGNS-000478"}},{"type":"Feature","id":"NET_ROAD_SIGNS-000479","geometry":{"type":"Point","coordinates":[39.241839,21.491707]},"properties":{"branch":"السليمانية","sign_id":"NET_ROAD_SIGNS-000479"}},{"type":"Feature","id":"NET_ROAD_SIGNS-000480","geometry":{"type":"Point","coordinates":[39.241693,21.491517]},"properties":{"branch":"السليمانية","sign_id":"NET_ROAD_SIGNS-000480"}},{"type":"Feature","id":"NET_ROAD_SIGNS-000481","geometry":{"type":"Point","coordinates":[39.241676,21.49152]},"properties":{"branch":"السليمانية","sign_id":"NET_ROAD_SIGNS-000481"}},{"type":"Feature","id":"NET_ROAD_SIGNS-000482","geometry":{"type":"Point","coordinates":[39.235849,21.498701]},"properties":{"branch":"السليمانية","sign_id":"NET_ROAD_SIGNS-000482"}},{"type":"Feature","id":"NET_ROAD_SIGNS-000483","geometry":{"type":"Point","coordinates":[39.241923,21.491918]},"properties":{"branch":"السليمانية","sign_id":"NET_ROAD_SIGNS-000483"}},{"type":"Feature","id":"NET_ROAD_SIGNS-000484","geometry":{"type":"Point","coordinates":[39.241923,21.491918]},"properties":{"branch":"السليمانية","sign_id":"NET_ROAD_SIGNS-000484"}},{"type":"Feature","id":"NET_ROAD_SIGNS-000485","geometry":{"type":"Point","coordinates":[39.233791,21.48859]},"properties":{"branch":"السليمانية","sign_id":"NET_ROAD_SIGNS-000485"}},{"type":"Feature","id":"NET_ROAD_SIGNS-000486","geometry":{"type":"Point","coordinates":[39.233596,21.488839]},"properties":{"branch":"السليمانية","sign_id":"NET_ROAD_SIGNS-000486"}},{"type":"Feature","id":"NET_ROAD_SIGNS-000487","geometry":{"type":"Point","coordinates":[39.250226,21.492777]},"properties":{"branch":"السليمانية","sign_id":"NET_ROAD_SIGNS-000487"}},{"type":"Feature","id":"NET_ROAD_SIGNS-000488","geometry":{"type":"Point","coordinates":[39.250265,21.492759]},"properties":{"branch":"السليمانية","sign_id":"NET_ROAD_SIGNS-000488"}},{"type":"Feature","id":"NET_ROAD_SIGNS-000489","geometry":{"type":"Point","coordinates":[39.250218,21.492726]},"properties":{"branch":"السليمانية","sign_id":"NET_ROAD_SIGNS-000489"}},{"type":"Feature","id":"NET_ROAD_SIGNS-000490","geometry":{"type":"Point","coordinates":[39.250113,21.492558]},"properties":{"branch":"السليمانية","sign_id":"NET_ROAD_SIGNS-000490"}},{"type":"Feature","id":"NET_ROAD_SIGNS-000491","geometry":{"type":"Point","coordinates":[39.250103,21.492493]},"properties":{"branch":"السليمانية","sign_id":"NET_ROAD_SIGNS-000491"}},{"type":"Feature","id":"NET_ROAD_SIGNS-000492","geometry":{"type":"Point","coordinates":[39.250213,21.492457]},"properties":{"branch":"السليمانية","sign_id":"NET_ROAD_SIGNS-000492"}},{"type":"Feature","id":"NET_ROAD_SIGNS-000493","geometry":{"type":"Point","coordinates":[39.252576,21.492174]},"properties":{"branch":"السليمانية","sign_id":"NET_ROAD_SIGNS-000493"}},{"type":"Feature","id":"NET_ROAD_SIGNS-000494","geometry":{"type":"Point","coordinates":[39.25275,21.492143]},"properties":{"branch":"السليمانية","sign_id":"NET_ROAD_SIGNS-000494"}},{"type":"Feature","id":"NET_ROAD_SIGNS-000495","geometry":{"type":"Point","coordinates":[39.252713,21.492149]},"properties":{"branch":"السليمانية","sign_id":"NET_ROAD_SIGNS-000495"}},{"type":"Feature","id":"NET_ROAD_SIGNS-000496","geometry":{"type":"Point","coordinates":[39.25252,21.49213]},"properties":{"branch":"السليمانية","sign_id":"NET_ROAD_SIGNS-000496"}},{"type":"Feature","id":"NET_ROAD_SIGNS-000497","geometry":{"type":"Point","coordinates":[39.252518,21.492097]},"properties":{"branch":"السليمانية","sign_id":"NET_ROAD_SIGNS-000497"}},{"type":"Feature","id":"NET_ROAD_SIGNS-000498","geometry":{"type":"Point","coordinates":[39.242252,21.490608]},"properties":{"branch":"السليمانية","sign_id":"NET_ROAD_SIGNS-000498"}},{"type":"Feature","id":"NET_ROAD_SIGNS-000499","geometry":{"type":"Point","coordinates":[39.242259,21.490442]},"properties":{"branch":"السليمانية","sign_id":"NET_ROAD_SIGNS-000499"}},{"type":"Feature","id":"NET_ROAD_SIGNS-000500","geometry":{"type":"Point","coordinates":[39.242432,21.490269]},"properties":{"branch":"السليمانية","sign_id":"NET_ROAD_SIGNS-000500"}},{"type":"Feature","id":"NET_ROAD_SIGNS-000501","geometry":{"type":"Point","coordinates":[39.242742,21.490273]},"properties":{"branch":"السليمانية","sign_id":"NET_ROAD_SIGNS-000501"}},{"type":"Feature","id":"NET_ROAD_SIGNS-000502","geometry":{"type":"Point","coordinates":[39.243111,21.49064]},"properties":{"branch":"السليمانية","sign_id":"NET_ROAD_SIGNS-000502"}},{"type":"Feature","id":"NET_ROAD_SIGNS-000503","geometry":{"type":"Point","coordinates":[39.242993,21.490811]},"properties":{"branch":"السليمانية","sign_id":"NET_ROAD_SIGNS-000503"}},{"type":"Feature","id":"NET_ROAD_SIGNS-000504","geometry":{"type":"Point","coordinates":[39.243008,21.49095]},"properties":{"branch":"السليمانية","sign_id":"NET_ROAD_SIGNS-000504"}},{"type":"Feature","id":"NET_ROAD_SIGNS-000505","geometry":{"type":"Point","coordinates":[39.242952,21.490983]},"properties":{"branch":"السليمانية","sign_id":"NET_ROAD_SIGNS-000505"}},{"type":"Feature","id":"NET_ROAD_SIGNS-000506","geometry":{"type":"Point","coordinates":[39.242997,21.491054]},"properties":{"branch":"السليمانية","sign_id":"NET_ROAD_SIGNS-000506"}},{"type":"Feature","id":"NET_ROAD_SIGNS-000507","geometry":{"type":"Point","coordinates":[39.243305,21.490887]},"properties":{"branch":"السليمانية","sign_id":"NET_ROAD_SIGNS-000507"}},{"type":"Feature","id":"NET_ROAD_SIGNS-000508","geometry":{"type":"Point","coordinates":[39.243322,21.490865]},"properties":{"branch":"السليمانية","sign_id":"NET_ROAD_SIGNS-000508"}},{"type":"Feature","id":"NET_ROAD_SIGNS-000509","geometry":{"type":"Point","coordinates":[39.243368,21.490835]},"properties":{"branch":"السليمانية","sign_id":"NET_ROAD_SIGNS-000509"}},{"type":"Feature","id":"NET_ROAD_SIGNS-000510","geometry":{"type":"Point","coordinates":[39.243271,21.490793]},"properties":{"branch":"السليمانية","sign_id":"NET_ROAD_SIGNS-000510"}},{"type":"Feature","id":"NET_ROAD_SIGNS-000511","geometry":{"type":"Point","coordinates":[39.242438,21.489756]},"properties":{"branch":"السليمانية","sign_id":"NET_ROAD_SIGNS-000511"}},{"type":"Feature","id":"NET_ROAD_SIGNS-000512","geometry":{"type":"Point","coordinates":[39.242593,21.489609]},"properties":{"branch":"السليمانية","sign_id":"NET_ROAD_SIGNS-000512"}},{"type":"Feature","id":"NET_ROAD_SIGNS-000513","geometry":{"type":"Point","coordinates":[39.242652,21.489985]},"properties":{"branch":"السليمانية","sign_id":"NET_ROAD_SIGNS-000513"}},{"type":"Feature","id":"NET_ROAD_SIGNS-000514","geometry":{"type":"Point","coordinates":[39.247952,21.491499]},"properties":{"branch":"السليمانية","sign_id":"NET_ROAD_SIGNS-000514"}},{"type":"Feature","id":"NET_ROAD_SIGNS-000515","geometry":{"type":"Point","coordinates":[39.248057,21.490784]},"properties":{"branch":"السليمانية","sign_id":"NET_ROAD_SIGNS-000515"}},{"type":"Feature","id":"NET_ROAD_SIGNS-000516","geometry":{"type":"Point","coordinates":[39.248258,21.490763]},"properties":{"branch":"السليمانية","sign_id":"NET_ROAD_SIGNS-000516"}},{"type":"Feature","id":"NET_ROAD_SIGNS-000517","geometry":{"type":"Point","coordinates":[39.248456,21.490753]},"properties":{"branch":"السليمانية","sign_id":"NET_ROAD_SIGNS-000517"}},{"type":"Feature","id":"NET_ROAD_SIGNS-000518","geometry":{"type":"Point","coordinates":[39.24853,21.490654]},"properties":{"branch":"السليمانية","sign_id":"NET_ROAD_SIGNS-000518"}},{"type":"Feature","id":"NET_ROAD_SIGNS-000519","geometry":{"type":"Point","coordinates":[39.248832,21.490871]},"properties":{"branch":"السليمانية","sign_id":"NET_ROAD_SIGNS-000519"}},{"type":"Feature","id":"NET_ROAD_SIGNS-000520","geometry":{"type":"Point","coordinates":[39.249332,21.492491]},"properties":{"branch":"السليمانية","sign_id":"NET_ROAD_SIGNS-000520"}},{"type":"Feature","id":"NET_ROAD_SIGNS-000521","geometry":{"type":"Point","coordinates":[39.249319,21.492447]},"properties":{"branch":"السليمانية","sign_id":"NET_ROAD_SIGNS-000521"}},{"type":"Feature","id":"NET_ROAD_SIGNS-000522","geometry":{"type":"Point","coordinates":[39.249354,21.492347]},"properties":{"branch":"السليمانية","sign_id":"NET_ROAD_SIGNS-000522"}},{"type":"Feature","id":"NET_ROAD_SIGNS-000523","geometry":{"type":"Point","coordinates":[39.250063,21.492397]},"properties":{"branch":"السليمانية","sign_id":"NET_ROAD_SIGNS-000523"}},{"type":"Feature","id":"NET_ROAD_SIGNS-000524","geometry":{"type":"Point","coordinates":[39.250088,21.49236]},"properties":{"branch":"السليمانية","sign_id":"NET_ROAD_SIGNS-000524"}},{"type":"Feature","id":"NET_ROAD_SIGNS-000525","geometry":{"type":"Point","coordinates":[39.250315,21.49237]},"properties":{"branch":"السليمانية","sign_id":"NET_ROAD_SIGNS-000525"}},{"type":"Feature","id":"NET_ROAD_SIGNS-000526","geometry":{"type":"Point","coordinates":[39.251148,21.492269]},"properties":{"branch":"السليمانية","sign_id":"NET_ROAD_SIGNS-000526"}},{"type":"Feature","id":"NET_ROAD_SIGNS-000527","geometry":{"type":"Point","coordinates":[39.250209,21.491711]},"properties":{"branch":"السليمانية","sign_id":"NET_ROAD_SIGNS-000527"}},{"type":"Feature","id":"NET_ROAD_SIGNS-000528","geometry":{"type":"Point","coordinates":[39.250675,21.491652]},"properties":{"branch":"السليمانية","sign_id":"NET_ROAD_SIGNS-000528"}},{"type":"Feature","id":"NET_ROAD_SIGNS-000529","geometry":{"type":"Point","coordinates":[39.250996,21.491611]},"properties":{"branch":"السليمانية","sign_id":"NET_ROAD_SIGNS-000529"}},{"type":"Feature","id":"NET_ROAD_SIGNS-000530","geometry":{"type":"Point","coordinates":[39.252652,21.492059]},"properties":{"branch":"السليمانية","sign_id":"NET_ROAD_SIGNS-000530"}},{"type":"Feature","id":"NET_ROAD_SIGNS-000531","geometry":{"type":"Point","coordinates":[39.252648,21.492037]},"properties":{"branch":"السليمانية","sign_id":"NET_ROAD_SIGNS-000531"}},{"type":"Feature","id":"NET_ROAD_SIGNS-000532","geometry":{"type":"Point","coordinates":[39.251982,21.491983]},"properties":{"branch":"السليمانية","sign_id":"NET_ROAD_SIGNS-000532"}},{"type":"Feature","id":"NET_ROAD_SIGNS-000533","geometry":{"type":"Point","coordinates":[39.252558,21.492017]},"properties":{"branch":"السليمانية","sign_id":"NET_ROAD_SIGNS-000533"}},{"type":"Feature","id":"NET_ROAD_SIGNS-000534","geometry":{"type":"Point","coordinates":[39.252529,21.491929]},"properties":{"branch":"السليمانية","sign_id":"NET_ROAD_SIGNS-000534"}},{"type":"Feature","id":"NET_ROAD_SIGNS-000535","geometry":{"type":"Point","coordinates":[39.252877,21.492001]},"properties":{"branch":"السليمانية","sign_id":"NET_ROAD_SIGNS-000535"}},{"type":"Feature","id":"NET_ROAD_SIGNS-000536","geometry":{"type":"Point","coordinates":[39.252877,21.492003]},"properties":{"branch":"السليمانية","sign_id":"NET_ROAD_SIGNS-000536"}},{"type":"Feature","id":"NET_ROAD_SIGNS-000537","geometry":{"type":"Point","coordinates":[39.252463,21.49186]},"properties":{"branch":"السليمانية","sign_id":"NET_ROAD_SIGNS-000537"}},{"type":"Feature","id":"NET_ROAD_SIGNS-000538","geometry":{"type":"Point","coordinates":[39.252672,21.491593]},"properties":{"branch":"السليمانية","sign_id":"NET_ROAD_SIGNS-000538"}},{"type":"Feature","id":"NET_ROAD_SIGNS-000539","geometry":{"type":"Point","coordinates":[39.252617,21.491601]},"properties":{"branch":"السليمانية","sign_id":"NET_ROAD_SIGNS-000539"}},{"type":"Feature","id":"NET_ROAD_SIGNS-000540","geometry":{"type":"Point","coordinates":[39.252592,21.491522]},"properties":{"branch":"السليمانية","sign_id":"NET_ROAD_SIGNS-000540"}},{"type":"Feature","id":"NET_ROAD_SIGNS-000541","geometry":{"type":"Point","coordinates":[39.252547,21.491356]},"properties":{"branch":"السليمانية","sign_id":"NET_ROAD_SIGNS-000541"}},{"type":"Feature","id":"NET_ROAD_SIGNS-000542","geometry":{"type":"Point","coordinates":[39.252433,21.491205]},"properties":{"branch":"السليمانية","sign_id":"NET_ROAD_SIGNS-000542"}},{"type":"Feature","id":"NET_ROAD_SIGNS-000543","geometry":{"type":"Point","coordinates":[39.25238,21.491136]},"properties":{"branch":"السليمانية","sign_id":"NET_ROAD_SIGNS-000543"}},{"type":"Feature","id":"NET_ROAD_SIGNS-000544","geometry":{"type":"Point","coordinates":[39.251463,21.491559]},"properties":{"branch":"السليمانية","sign_id":"NET_ROAD_SIGNS-000544"}},{"type":"Feature","id":"NET_ROAD_SIGNS-000545","geometry":{"type":"Point","coordinates":[39.243831,21.489462]},"properties":{"branch":"السليمانية","sign_id":"NET_ROAD_SIGNS-000545"}},{"type":"Feature","id":"NET_ROAD_SIGNS-000546","geometry":{"type":"Point","coordinates":[39.244686,21.489727]},"properties":{"branch":"السليمانية","sign_id":"NET_ROAD_SIGNS-000546"}},{"type":"Feature","id":"NET_ROAD_SIGNS-000547","geometry":{"type":"Point","coordinates":[39.244527,21.4896]},"properties":{"branch":"السليمانية","sign_id":"NET_ROAD_SIGNS-000547"}},{"type":"Feature","id":"NET_ROAD_SIGNS-000548","geometry":{"type":"Point","coordinates":[39.244849,21.489673]},"properties":{"branch":"السليمانية","sign_id":"NET_ROAD_SIGNS-000548"}},{"type":"Feature","id":"NET_ROAD_SIGNS-000549","geometry":{"type":"Point","coordinates":[39.244632,21.489545]},"properties":{"branch":"السليمانية","sign_id":"NET_ROAD_SIGNS-000549"}},{"type":"Feature","id":"NET_ROAD_SIGNS-000550","geometry":{"type":"Point","coordinates":[39.244827,21.489629]},"properties":{"branch":"السليمانية","sign_id":"NET_ROAD_SIGNS-000550"}},{"type":"Feature","id":"NET_ROAD_SIGNS-000551","geometry":{"type":"Point","coordinates":[39.2449,21.489587]},"properties":{"branch":"السليمانية","sign_id":"NET_ROAD_SIGNS-000551"}},{"type":"Feature","id":"NET_ROAD_SIGNS-000552","geometry":{"type":"Point","coordinates":[39.24458,21.489293]},"properties":{"branch":"السليمانية","sign_id":"NET_ROAD_SIGNS-000552"}},{"type":"Feature","id":"NET_ROAD_SIGNS-000553","geometry":{"type":"Point","coordinates":[39.244682,21.489201]},"properties":{"branch":"السليمانية","sign_id":"NET_ROAD_SIGNS-000553"}},{"type":"Feature","id":"NET_ROAD_SIGNS-000554","geometry":{"type":"Point","coordinates":[39.242272,21.488609]},"properties":{"branch":"السليمانية","sign_id":"NET_ROAD_SIGNS-000554"}},{"type":"Feature","id":"NET_ROAD_SIGNS-000555","geometry":{"type":"Point","coordinates":[39.242395,21.48866]},"properties":{"branch":"السليمانية","sign_id":"NET_ROAD_SIGNS-000555"}},{"type":"Feature","id":"NET_ROAD_SIGNS-000556","geometry":{"type":"Point","coordinates":[39.242643,21.488695]},"properties":{"branch":"السليمانية","sign_id":"NET_ROAD_SIGNS-000556"}},{"type":"Feature","id":"NET_ROAD_SIGNS-000557","geometry":{"type":"Point","coordinates":[39.242696,21.488426]},"properties":{"branch":"السليمانية","sign_id":"NET_ROAD_SIGNS-000557"}},{"type":"Feature","id":"NET_ROAD_SIGNS-000558","geometry":{"type":"Point","coordinates":[39.242378,21.488119]},"properties":{"branch":"السليمانية","sign_id":"NET_ROAD_SIGNS-000558"}},{"type":"Feature","id":"NET_ROAD_SIGNS-000559","geometry":{"type":"Point","coordinates":[39.242806,21.48787]},"properties":{"branch":"السليمانية","sign_id":"NET_ROAD_SIGNS-000559"}},{"type":"Feature","id":"NET_ROAD_SIGNS-000560","geometry":{"type":"Point","coordinates":[39.242431,21.487777]},"properties":{"branch":"السليمانية","sign_id":"NET_ROAD_SIGNS-000560"}},{"type":"Feature","id":"NET_ROAD_SIGNS-000561","geometry":{"type":"Point","coordinates":[39.242861,21.487601]},"properties":{"branch":"السليمانية","sign_id":"NET_ROAD_SIGNS-000561"}},{"type":"Feature","id":"NET_ROAD_SIGNS-000562","geometry":{"type":"Point","coordinates":[39.242484,21.487501]},"properties":{"branch":"السليمانية","sign_id":"NET_ROAD_SIGNS-000562"}},{"type":"Feature","id":"NET_ROAD_SIGNS-000563","geometry":{"type":"Point","coordinates":[39.245397,21.489763]},"properties":{"branch":"السليمانية","sign_id":"NET_ROAD_SIGNS-000563"}},{"type":"Feature","id":"NET_ROAD_SIGNS-000564","geometry":{"type":"Point","coordinates":[39.2455,21.489863]},"properties":{"branch":"السليمانية","sign_id":"NET_ROAD_SIGNS-000564"}},{"type":"Feature","id":"NET_ROAD_SIGNS-000565","geometry":{"type":"Point","coordinates":[39.24474,21.488976]},"properties":{"branch":"السليمانية","sign_id":"NET_ROAD_SIGNS-000565"}},{"type":"Feature","id":"NET_ROAD_SIGNS-000566","geometry":{"type":"Point","coordinates":[39.245665,21.489711]},"properties":{"branch":"السليمانية","sign_id":"NET_ROAD_SIGNS-000566"}},{"type":"Feature","id":"NET_ROAD_SIGNS-000567","geometry":{"type":"Point","coordinates":[39.244729,21.488517]},"properties":{"branch":"السليمانية","sign_id":"NET_ROAD_SIGNS-000567"}},{"type":"Feature","id":"NET_ROAD_SIGNS-000568","geometry":{"type":"Point","coordinates":[39.244696,21.488331]},"properties":{"branch":"السليمانية","sign_id":"NET_ROAD_SIGNS-000568"}},{"type":"Feature","id":"NET_ROAD_SIGNS-000569","geometry":{"type":"Point","coordinates":[39.24487,21.488239]},"properties":{"branch":"السليمانية","sign_id":"NET_ROAD_SIGNS-000569"}},{"type":"Feature","id":"NET_ROAD_SIGNS-000570","geometry":{"type":"Point","coordinates":[39.244819,21.488029]},"properties":{"branch":"السليمانية","sign_id":"NET_ROAD_SIGNS-000570"}},{"type":"Feature","id":"NET_ROAD_SIGNS-000571","geometry":{"type":"Point","coordinates":[39.246138,21.489831]},"properties":{"branch":"السليمانية","sign_id":"NET_ROAD_SIGNS-000571"}},{"type":"Feature","id":"NET_ROAD_SIGNS-000572","geometry":{"type":"Point","coordinates":[39.246444,21.48993]},"properties":{"branch":"السليمانية","sign_id":"NET_ROAD_SIGNS-000572"}},{"type":"Feature","id":"NET_ROAD_SIGNS-000573","geometry":{"type":"Point","coordinates":[39.246594,21.490042]},"properties":{"branch":"السليمانية","sign_id":"NET_ROAD_SIGNS-000573"}},{"type":"Feature","id":"NET_ROAD_SIGNS-000574","geometry":{"type":"Point","coordinates":[39.246777,21.48996]},"properties":{"branch":"السليمانية","sign_id":"NET_ROAD_SIGNS-000574"}},{"type":"Feature","id":"NET_ROAD_SIGNS-000575","geometry":{"type":"Point","coordinates":[39.246815,21.489993]},"properties":{"branch":"السليمانية","sign_id":"NET_ROAD_SIGNS-000575"}},{"type":"Feature","id":"NET_ROAD_SIGNS-000576","geometry":{"type":"Point","coordinates":[39.246903,21.490007]},"properties":{"branch":"السليمانية","sign_id":"NET_ROAD_SIGNS-000576"}},{"type":"Feature","id":"NET_ROAD_SIGNS-000577","geometry":{"type":"Point","coordinates":[39.24703,21.490007]},"properties":{"branch":"السليمانية","sign_id":"NET_ROAD_SIGNS-000577"}},{"type":"Feature","id":"NET_ROAD_SIGNS-000578","geometry":{"type":"Point","coordinates":[39.247089,21.490047]},"properties":{"branch":"السليمانية","sign_id":"NET_ROAD_SIGNS-000578"}},{"type":"Feature","id":"NET_ROAD_SIGNS-000579","geometry":{"type":"Point","coordinates":[39.247187,21.490139]},"properties":{"branch":"السليمانية","sign_id":"NET_ROAD_SIGNS-000579"}},{"type":"Feature","id":"NET_ROAD_SIGNS-000580","geometry":{"type":"Point","coordinates":[39.247533,21.490197]},"properties":{"branch":"السليمانية","sign_id":"NET_ROAD_SIGNS-000580"}},{"type":"Feature","id":"NET_ROAD_SIGNS-000581","geometry":{"type":"Point","coordinates":[39.248033,21.490242]},"properties":{"branch":"السليمانية","sign_id":"NET_ROAD_SIGNS-000581"}},{"type":"Feature","id":"NET_ROAD_SIGNS-000582","geometry":{"type":"Point","coordinates":[39.248254,21.490219]},"properties":{"branch":"السليمانية","sign_id":"NET_ROAD_SIGNS-000582"}},{"type":"Feature","id":"NET_ROAD_SIGNS-000583","geometry":{"type":"Point","coordinates":[39.248123,21.49021]},"properties":{"branch":"السليمانية","sign_id":"NET_ROAD_SIGNS-000583"}},{"type":"Feature","id":"NET_ROAD_SIGNS-000584","geometry":{"type":"Point","coordinates":[39.248042,21.490138]},"properties":{"branch":"السليمانية","sign_id":"NET_ROAD_SIGNS-000584"}},{"type":"Feature","id":"NET_ROAD_SIGNS-000585","geometry":{"type":"Point","coordinates":[39.252719,21.490475]},"properties":{"branch":"السليمانية","sign_id":"NET_ROAD_SIGNS-000585"}},{"type":"Feature","id":"NET_ROAD_SIGNS-000586","geometry":{"type":"Point","coordinates":[39.252688,21.490299]},"properties":{"branch":"السليمانية","sign_id":"NET_ROAD_SIGNS-000586"}},{"type":"Feature","id":"NET_ROAD_SIGNS-000587","geometry":{"type":"Point","coordinates":[39.252915,21.490036]},"properties":{"branch":"السليمانية","sign_id":"NET_ROAD_SIGNS-000587"}},{"type":"Feature","id":"NET_ROAD_SIGNS-000588","geometry":{"type":"Point","coordinates":[39.252666,21.490144]},"properties":{"branch":"السليمانية","sign_id":"NET_ROAD_SIGNS-000588"}},{"type":"Feature","id":"NET_ROAD_SIGNS-000589","geometry":{"type":"Point","coordinates":[39.252493,21.489951]},"properties":{"branch":"السليمانية","sign_id":"NET_ROAD_SIGNS-000589"}},{"type":"Feature","id":"NET_ROAD_SIGNS-000590","geometry":{"type":"Point","coordinates":[39.252873,21.489699]},"properties":{"branch":"السليمانية","sign_id":"NET_ROAD_SIGNS-000590"}},{"type":"Feature","id":"NET_ROAD_SIGNS-000591","geometry":{"type":"Point","coordinates":[39.252718,21.489643]},"properties":{"branch":"السليمانية","sign_id":"NET_ROAD_SIGNS-000591"}},{"type":"Feature","id":"NET_ROAD_SIGNS-000592","geometry":{"type":"Point","coordinates":[39.252539,21.489772]},"properties":{"branch":"السليمانية","sign_id":"NET_ROAD_SIGNS-000592"}},{"type":"Feature","id":"NET_ROAD_SIGNS-000593","geometry":{"type":"Point","coordinates":[39.250403,21.491151]},"properties":{"branch":"السليمانية","sign_id":"NET_ROAD_SIGNS-000593"}},{"type":"Feature","id":"NET_ROAD_SIGNS-000594","geometry":{"type":"Point","coordinates":[39.250119,21.490999]},"properties":{"branch":"السليمانية","sign_id":"NET_ROAD_SIGNS-000594"}},{"type":"Feature","id":"NET_ROAD_SIGNS-000595","geometry":{"type":"Point","coordinates":[39.250108,21.49096]},"properties":{"branch":"السليمانية","sign_id":"NET_ROAD_SIGNS-000595"}},{"type":"Feature","id":"NET_ROAD_SIGNS-000596","geometry":{"type":"Point","coordinates":[39.25026,21.490681]},"properties":{"branch":"السليمانية","sign_id":"NET_ROAD_SIGNS-000596"}},{"type":"Feature","id":"NET_ROAD_SIGNS-000597","geometry":{"type":"Point","coordinates":[39.250261,21.490758]},"properties":{"branch":"السليمانية","sign_id":"NET_ROAD_SIGNS-000597"}},{"type":"Feature","id":"NET_ROAD_SIGNS-000598","geometry":{"type":"Point","coordinates":[39.250283,21.490843]},"properties":{"branch":"السليمانية","sign_id":"NET_ROAD_SIGNS-000598"}},{"type":"Feature","id":"NET_ROAD_SIGNS-000599","geometry":{"type":"Point","coordinates":[39.25043,21.490672]},"properties":{"branch":"السليمانية","sign_id":"NET_ROAD_SIGNS-000599"}},{"type":"Feature","id":"NET_ROAD_SIGNS-000600","geometry":{"type":"Point","coordinates":[39.250363,21.49084]},"properties":{"branch":"السليمانية","sign_id":"NET_ROAD_SIGNS-000600"}},{"type":"Feature","id":"NET_ROAD_SIGNS-000601","geometry":{"type":"Point","coordinates":[39.250367,21.49087]},"properties":{"branch":"السليمانية","sign_id":"NET_ROAD_SIGNS-000601"}},{"type":"Feature","id":"NET_ROAD_SIGNS-000602","geometry":{"type":"Point","coordinates":[39.250388,21.490966]},"properties":{"branch":"السليمانية","sign_id":"NET_ROAD_SIGNS-000602"}},{"type":"Feature","id":"NET_ROAD_SIGNS-000603","geometry":{"type":"Point","coordinates":[39.25042,21.490962]},"properties":{"branch":"السليمانية","sign_id":"NET_ROAD_SIGNS-000603"}},{"type":"Feature","id":"NET_ROAD_SIGNS-000604","geometry":{"type":"Point","coordinates":[39.250503,21.490952]},"properties":{"branch":"السليمانية","sign_id":"NET_ROAD_SIGNS-000604"}},{"type":"Feature","id":"NET_ROAD_SIGNS-000605","geometry":{"type":"Point","coordinates":[39.250566,21.490944]},"properties":{"branch":"السليمانية","sign_id":"NET_ROAD_SIGNS-000605"}},{"type":"Feature","id":"NET_ROAD_SIGNS-000606","geometry":{"type":"Point","coordinates":[39.250762,21.490921]},"properties":{"branch":"السليمانية","sign_id":"NET_ROAD_SIGNS-000606"}},{"type":"Feature","id":"NET_ROAD_SIGNS-000607","geometry":{"type":"Point","coordinates":[39.250652,21.490858]},"properties":{"branch":"السليمانية","sign_id":"NET_ROAD_SIGNS-000607"}},{"type":"Feature","id":"NET_ROAD_SIGNS-000608","geometry":{"type":"Point","coordinates":[39.250695,21.490853]},"properties":{"branch":"السليمانية","sign_id":"NET_ROAD_SIGNS-000608"}},{"type":"Feature","id":"NET_ROAD_SIGNS-000609","geometry":{"type":"Point","coordinates":[39.250769,21.490728]},"properties":{"branch":"السليمانية","sign_id":"NET_ROAD_SIGNS-000609"}},{"type":"Feature","id":"NET_ROAD_SIGNS-000610","geometry":{"type":"Point","coordinates":[39.25109,21.490889]},"properties":{"branch":"السليمانية","sign_id":"NET_ROAD_SIGNS-000610"}},{"type":"Feature","id":"NET_ROAD_SIGNS-000611","geometry":{"type":"Point","coordinates":[39.249394,21.490629]},"properties":{"branch":"السليمانية","sign_id":"NET_ROAD_SIGNS-000611"}},{"type":"Feature","id":"NET_ROAD_SIGNS-000612","geometry":{"type":"Point","coordinates":[39.249473,21.490622]},"properties":{"branch":"السليمانية","sign_id":"NET_ROAD_SIGNS-000612"}},{"type":"Feature","id":"NET_ROAD_SIGNS-000613","geometry":{"type":"Point","coordinates":[39.248809,21.490424]},"properties":{"branch":"السليمانية","sign_id":"NET_ROAD_SIGNS-000613"}},{"type":"Feature","id":"NET_ROAD_SIGNS-000614","geometry":{"type":"Point","coordinates":[39.249398,21.490487]},"properties":{"branch":"السليمانية","sign_id":"NET_ROAD_SIGNS-000614"}},{"type":"Feature","id":"NET_ROAD_SIGNS-000615","geometry":{"type":"Point","coordinates":[39.249462,21.490544]},"properties":{"branch":"السليمانية","sign_id":"NET_ROAD_SIGNS-000615"}},{"type":"Feature","id":"NET_ROAD_SIGNS-000616","geometry":{"type":"Point","coordinates":[39.249695,21.490544]},"properties":{"branch":"السليمانية","sign_id":"NET_ROAD_SIGNS-000616"}},{"type":"Feature","id":"NET_ROAD_SIGNS-000617","geometry":{"type":"Point","coordinates":[39.248237,21.489854]},"properties":{"branch":"السليمانية","sign_id":"NET_ROAD_SIGNS-000617"}},{"type":"Feature","id":"NET_ROAD_SIGNS-000618","geometry":{"type":"Point","coordinates":[39.248336,21.489783]},"properties":{"branch":"السليمانية","sign_id":"NET_ROAD_SIGNS-000618"}},{"type":"Feature","id":"NET_ROAD_SIGNS-000619","geometry":{"type":"Point","coordinates":[39.248959,21.489612]},"properties":{"branch":"السليمانية","sign_id":"NET_ROAD_SIGNS-000619"}},{"type":"Feature","id":"NET_ROAD_SIGNS-000620","geometry":{"type":"Point","coordinates":[39.248838,21.489558]},"properties":{"branch":"السليمانية","sign_id":"NET_ROAD_SIGNS-000620"}},{"type":"Feature","id":"NET_ROAD_SIGNS-000621","geometry":{"type":"Point","coordinates":[39.250794,21.490297]},"properties":{"branch":"السليمانية","sign_id":"NET_ROAD_SIGNS-000621"}},{"type":"Feature","id":"NET_ROAD_SIGNS-000622","geometry":{"type":"Point","coordinates":[39.250837,21.490071]},"properties":{"branch":"السليمانية","sign_id":"NET_ROAD_SIGNS-000622"}},{"type":"Feature","id":"NET_ROAD_SIGNS-000623","geometry":{"type":"Point","coordinates":[39.25145,21.490001]},"properties":{"branch":"السليمانية","sign_id":"NET_ROAD_SIGNS-000623"}},{"type":"Feature","id":"NET_ROAD_SIGNS-000624","geometry":{"type":"Point","coordinates":[39.250965,21.489742]},"properties":{"branch":"السليمانية","sign_id":"NET_ROAD_SIGNS-000624"}},{"type":"Feature","id":"NET_ROAD_SIGNS-000625","geometry":{"type":"Point","coordinates":[39.250934,21.489737]},"properties":{"branch":"السليمانية","sign_id":"NET_ROAD_SIGNS-000625"}},{"type":"Feature","id":"NET_ROAD_SIGNS-000626","geometry":{"type":"Point","coordinates":[39.250848,21.489596]},"properties":{"branch":"السليمانية","sign_id":"NET_ROAD_SIGNS-000626"}},{"type":"Feature","id":"NET_ROAD_SIGNS-000627","geometry":{"type":"Point","coordinates":[39.243229,21.484904]},"properties":{"branch":"السليمانية","sign_id":"NET_ROAD_SIGNS-000627"}},{"type":"Feature","id":"NET_ROAD_SIGNS-000628","geometry":{"type":"Point","coordinates":[39.242954,21.48504]},"properties":{"branch":"السليمانية","sign_id":"NET_ROAD_SIGNS-000628"}},{"type":"Feature","id":"NET_ROAD_SIGNS-000629","geometry":{"type":"Point","coordinates":[39.24338,21.485185]},"properties":{"branch":"السليمانية","sign_id":"NET_ROAD_SIGNS-000629"}},{"type":"Feature","id":"NET_ROAD_SIGNS-000630","geometry":{"type":"Point","coordinates":[39.243333,21.485115]},"properties":{"branch":"السليمانية","sign_id":"NET_ROAD_SIGNS-000630"}},{"type":"Feature","id":"NET_ROAD_SIGNS-000631","geometry":{"type":"Point","coordinates":[39.243154,21.485218]},"properties":{"branch":"السليمانية","sign_id":"NET_ROAD_SIGNS-000631"}},{"type":"Feature","id":"NET_ROAD_SIGNS-000632","geometry":{"type":"Point","coordinates":[39.242909,21.485286]},"properties":{"branch":"السليمانية","sign_id":"NET_ROAD_SIGNS-000632"}},{"type":"Feature","id":"NET_ROAD_SIGNS-000633","geometry":{"type":"Point","coordinates":[39.24302,21.485377]},"properties":{"branch":"السليمانية","sign_id":"NET_ROAD_SIGNS-000633"}},{"type":"Feature","id":"NET_ROAD_SIGNS-000634","geometry":{"type":"Point","coordinates":[39.243277,21.485395]},"properties":{"branch":"السليمانية","sign_id":"NET_ROAD_SIGNS-000634"}},{"type":"Feature","id":"NET_ROAD_SIGNS-000635","geometry":{"type":"Point","coordinates":[39.243298,21.48552]},"properties":{"branch":"السليمانية","sign_id":"NET_ROAD_SIGNS-000635"}},{"type":"Feature","id":"NET_ROAD_SIGNS-000636","geometry":{"type":"Point","coordinates":[39.242855,21.485563]},"properties":{"branch":"السليمانية","sign_id":"NET_ROAD_SIGNS-000636"}},{"type":"Feature","id":"NET_ROAD_SIGNS-000637","geometry":{"type":"Point","coordinates":[39.243234,21.485668]},"properties":{"branch":"السليمانية","sign_id":"NET_ROAD_SIGNS-000637"}},{"type":"Feature","id":"NET_ROAD_SIGNS-000638","geometry":{"type":"Point","coordinates":[39.24327,21.485761]},"properties":{"branch":"السليمانية","sign_id":"NET_ROAD_SIGNS-000638"}},{"type":"Feature","id":"NET_ROAD_SIGNS-000639","geometry":{"type":"Point","coordinates":[39.243173,21.485943]},"properties":{"branch":"السليمانية","sign_id":"NET_ROAD_SIGNS-000639"}},{"type":"Feature","id":"NET_ROAD_SIGNS-000640","geometry":{"type":"Point","coordinates":[39.242748,21.486114]},"properties":{"branch":"السليمانية","sign_id":"NET_ROAD_SIGNS-000640"}},{"type":"Feature","id":"NET_ROAD_SIGNS-000641","geometry":{"type":"Point","coordinates":[39.242869,21.486175]},"properties":{"branch":"السليمانية","sign_id":"NET_ROAD_SIGNS-000641"}},{"type":"Feature","id":"NET_ROAD_SIGNS-000642","geometry":{"type":"Point","coordinates":[39.243122,21.486216]},"properties":{"branch":"السليمانية","sign_id":"NET_ROAD_SIGNS-000642"}},{"type":"Feature","id":"NET_ROAD_SIGNS-000643","geometry":{"type":"Point","coordinates":[39.243067,21.48649]},"properties":{"branch":"السليمانية","sign_id":"NET_ROAD_SIGNS-000643"}},{"type":"Feature","id":"NET_ROAD_SIGNS-000644","geometry":{"type":"Point","coordinates":[39.242696,21.486389]},"properties":{"branch":"السليمانية","sign_id":"NET_ROAD_SIGNS-000644"}},{"type":"Feature","id":"NET_ROAD_SIGNS-000645","geometry":{"type":"Point","coordinates":[39.242644,21.486665]},"properties":{"branch":"السليمانية","sign_id":"NET_ROAD_SIGNS-000645"}},{"type":"Feature","id":"NET_ROAD_SIGNS-000646","geometry":{"type":"Point","coordinates":[39.243016,21.486765]},"properties":{"branch":"السليمانية","sign_id":"NET_ROAD_SIGNS-000646"}},{"type":"Feature","id":"NET_ROAD_SIGNS-000647","geometry":{"type":"Point","coordinates":[39.250895,21.489323]},"properties":{"branch":"السليمانية","sign_id":"NET_ROAD_SIGNS-000647"}},{"type":"Feature","id":"NET_ROAD_SIGNS-000648","geometry":{"type":"Point","coordinates":[39.250992,21.489326]},"properties":{"branch":"السليمانية","sign_id":"NET_ROAD_SIGNS-000648"}},{"type":"Feature","id":"NET_ROAD_SIGNS-000649","geometry":{"type":"Point","coordinates":[39.25099,21.489176]},"properties":{"branch":"السليمانية","sign_id":"NET_ROAD_SIGNS-000649"}},{"type":"Feature","id":"NET_ROAD_SIGNS-000650","geometry":{"type":"Point","coordinates":[39.25095,21.489084]},"properties":{"branch":"السليمانية","sign_id":"NET_ROAD_SIGNS-000650"}},{"type":"Feature","id":"NET_ROAD_SIGNS-000651","geometry":{"type":"Point","coordinates":[39.251065,21.489018]},"properties":{"branch":"السليمانية","sign_id":"NET_ROAD_SIGNS-000651"}},{"type":"Feature","id":"NET_ROAD_SIGNS-000652","geometry":{"type":"Point","coordinates":[39.2511,21.489023]},"properties":{"branch":"السليمانية","sign_id":"NET_ROAD_SIGNS-000652"}},{"type":"Feature","id":"NET_ROAD_SIGNS-000653","geometry":{"type":"Point","coordinates":[39.251102,21.489011]},"properties":{"branch":"السليمانية","sign_id":"NET_ROAD_SIGNS-000653"}},{"type":"Feature","id":"NET_ROAD_SIGNS-000654","geometry":{"type":"Point","coordinates":[39.245549,21.485033]},"properties":{"branch":"السليمانية","sign_id":"NET_ROAD_SIGNS-000654"}},{"type":"Feature","id":"NET_ROAD_SIGNS-000655","geometry":{"type":"Point","coordinates":[39.245701,21.485144]},"properties":{"branch":"السليمانية","sign_id":"NET_ROAD_SIGNS-000655"}},{"type":"Feature","id":"NET_ROAD_SIGNS-000656","geometry":{"type":"Point","coordinates":[39.246066,21.485117]},"properties":{"branch":"السليمانية","sign_id":"NET_ROAD_SIGNS-000656"}},{"type":"Feature","id":"NET_ROAD_SIGNS-000657","geometry":{"type":"Point","coordinates":[39.246192,21.48523]},"properties":{"branch":"السليمانية","sign_id":"NET_ROAD_SIGNS-000657"}},{"type":"Feature","id":"NET_ROAD_SIGNS-000658","geometry":{"type":"Point","coordinates":[39.246665,21.485209]},"properties":{"branch":"السليمانية","sign_id":"NET_ROAD_SIGNS-000658"}},{"type":"Feature","id":"NET_ROAD_SIGNS-000659","geometry":{"type":"Point","coordinates":[39.247378,21.485501]},"properties":{"branch":"السليمانية","sign_id":"NET_ROAD_SIGNS-000659"}},{"type":"Feature","id":"NET_ROAD_SIGNS-000660","geometry":{"type":"Point","coordinates":[39.247373,21.48551]},"properties":{"branch":"السليمانية","sign_id":"NET_ROAD_SIGNS-000660"}},{"type":"Feature","id":"NET_ROAD_SIGNS-000661","geometry":{"type":"Point","coordinates":[39.247353,21.485705]},"properties":{"branch":"السليمانية","sign_id":"NET_ROAD_SIGNS-000661"}},{"type":"Feature","id":"NET_ROAD_SIGNS-000662","geometry":{"type":"Point","coordinates":[39.247284,21.486053]},"properties":{"branch":"السليمانية","sign_id":"NET_ROAD_SIGNS-000662"}},{"type":"Feature","id":"NET_ROAD_SIGNS-000663","geometry":{"type":"Point","coordinates":[39.247281,21.486597]},"properties":{"branch":"السليمانية","sign_id":"NET_ROAD_SIGNS-000663"}},{"type":"Feature","id":"NET_ROAD_SIGNS-000664","geometry":{"type":"Point","coordinates":[39.247422,21.486624]},"properties":{"branch":"السليمانية","sign_id":"NET_ROAD_SIGNS-000664"}},{"type":"Feature","id":"NET_ROAD_SIGNS-000665","geometry":{"type":"Point","coordinates":[39.24751,21.486634]},"properties":{"branch":"السليمانية","sign_id":"NET_ROAD_SIGNS-000665"}},{"type":"Feature","id":"NET_ROAD_SIGNS-000666","geometry":{"type":"Point","coordinates":[39.248431,21.485596]},"properties":{"branch":"السليمانية","sign_id":"NET_ROAD_SIGNS-000666"}},{"type":"Feature","id":"NET_ROAD_SIGNS-000667","geometry":{"type":"Point","coordinates":[39.248525,21.486138]},"properties":{"branch":"السليمانية","sign_id":"NET_ROAD_SIGNS-000667"}},{"type":"Feature","id":"NET_ROAD_SIGNS-000668","geometry":{"type":"Point","coordinates":[39.248302,21.486241]},"properties":{"branch":"السليمانية","sign_id":"NET_ROAD_SIGNS-000668"}},{"type":"Feature","id":"NET_ROAD_SIGNS-000669","geometry":{"type":"Point","coordinates":[39.248275,21.48637]},"properties":{"branch":"السليمانية","sign_id":"NET_ROAD_SIGNS-000669"}},{"type":"Feature","id":"NET_ROAD_SIGNS-000670","geometry":{"type":"Point","coordinates":[39.248105,21.486588]},"properties":{"branch":"السليمانية","sign_id":"NET_ROAD_SIGNS-000670"}},{"type":"Feature","id":"NET_ROAD_SIGNS-000671","geometry":{"type":"Point","coordinates":[39.248266,21.48677]},"properties":{"branch":"السليمانية","sign_id":"NET_ROAD_SIGNS-000671"}},{"type":"Feature","id":"NET_ROAD_SIGNS-000672","geometry":{"type":"Point","coordinates":[39.248012,21.486786]},"properties":{"branch":"السليمانية","sign_id":"NET_ROAD_SIGNS-000672"}},{"type":"Feature","id":"NET_ROAD_SIGNS-000673","geometry":{"type":"Point","coordinates":[39.249442,21.486919]},"properties":{"branch":"السليمانية","sign_id":"NET_ROAD_SIGNS-000673"}},{"type":"Feature","id":"NET_ROAD_SIGNS-000674","geometry":{"type":"Point","coordinates":[39.244471,21.485873]},"properties":{"branch":"السليمانية","sign_id":"NET_ROAD_SIGNS-000674"}},{"type":"Feature","id":"NET_ROAD_SIGNS-000675","geometry":{"type":"Point","coordinates":[39.244717,21.485844]},"properties":{"branch":"السليمانية","sign_id":"NET_ROAD_SIGNS-000675"}},{"type":"Feature","id":"NET_ROAD_SIGNS-000676","geometry":{"type":"Point","coordinates":[39.24453,21.486016]},"properties":{"branch":"السليمانية","sign_id":"NET_ROAD_SIGNS-000676"}},{"type":"Feature","id":"NET_ROAD_SIGNS-000677","geometry":{"type":"Point","coordinates":[39.244948,21.485879]},"properties":{"branch":"السليمانية","sign_id":"NET_ROAD_SIGNS-000677"}},{"type":"Feature","id":"NET_ROAD_SIGNS-000678","geometry":{"type":"Point","coordinates":[39.245052,21.485763]},"properties":{"branch":"السليمانية","sign_id":"NET_ROAD_SIGNS-000678"}},{"type":"Feature","id":"NET_ROAD_SIGNS-000679","geometry":{"type":"Point","coordinates":[39.242592,21.486942]},"properties":{"branch":"السليمانية","sign_id":"NET_ROAD_SIGNS-000679"}},{"type":"Feature","id":"NET_ROAD_SIGNS-000680","geometry":{"type":"Point","coordinates":[39.24257,21.48705]},"properties":{"branch":"السليمانية","sign_id":"NET_ROAD_SIGNS-000680"}},{"type":"Feature","id":"NET_ROAD_SIGNS-000681","geometry":{"type":"Point","coordinates":[39.242967,21.487046]},"properties":{"branch":"السليمانية","sign_id":"NET_ROAD_SIGNS-000681"}},{"type":"Feature","id":"NET_ROAD_SIGNS-000682","geometry":{"type":"Point","coordinates":[39.243211,21.487122]},"properties":{"branch":"السليمانية","sign_id":"NET_ROAD_SIGNS-000682"}},{"type":"Feature","id":"NET_ROAD_SIGNS-000683","geometry":{"type":"Point","coordinates":[39.243267,21.487232]},"properties":{"branch":"السليمانية","sign_id":"NET_ROAD_SIGNS-000683"}},{"type":"Feature","id":"NET_ROAD_SIGNS-000684","geometry":{"type":"Point","coordinates":[39.243053,21.487276]},"properties":{"branch":"السليمانية","sign_id":"NET_ROAD_SIGNS-000684"}},{"type":"Feature","id":"NET_ROAD_SIGNS-000685","geometry":{"type":"Point","coordinates":[39.242953,21.48738]},"properties":{"branch":"السليمانية","sign_id":"NET_ROAD_SIGNS-000685"}},{"type":"Feature","id":"NET_ROAD_SIGNS-000686","geometry":{"type":"Point","coordinates":[39.243263,21.48732]},"properties":{"branch":"السليمانية","sign_id":"NET_ROAD_SIGNS-000686"}},{"type":"Feature","id":"NET_ROAD_SIGNS-000687","geometry":{"type":"Point","coordinates":[39.243993,21.487522]},"properties":{"branch":"السليمانية","sign_id":"NET_ROAD_SIGNS-000687"}},{"type":"Feature","id":"NET_ROAD_SIGNS-000688","geometry":{"type":"Point","coordinates":[39.243958,21.487424]},"properties":{"branch":"السليمانية","sign_id":"NET_ROAD_SIGNS-000688"}},{"type":"Feature","id":"NET_ROAD_SIGNS-000689","geometry":{"type":"Point","coordinates":[39.244568,21.487396]},"properties":{"branch":"السليمانية","sign_id":"NET_ROAD_SIGNS-000689"}},{"type":"Feature","id":"NET_ROAD_SIGNS-000690","geometry":{"type":"Point","coordinates":[39.24537,21.487787]},"properties":{"branch":"السليمانية","sign_id":"NET_ROAD_SIGNS-000690"}},{"type":"Feature","id":"NET_ROAD_SIGNS-000691","geometry":{"type":"Point","coordinates":[39.245429,21.487798]},"properties":{"branch":"السليمانية","sign_id":"NET_ROAD_SIGNS-000691"}},{"type":"Feature","id":"NET_ROAD_SIGNS-000692","geometry":{"type":"Point","coordinates":[39.245991,21.48789]},"properties":{"branch":"السليمانية","sign_id":"NET_ROAD_SIGNS-000692"}},{"type":"Feature","id":"NET_ROAD_SIGNS-000693","geometry":{"type":"Point","coordinates":[39.246187,21.487922]},"properties":{"branch":"السليمانية","sign_id":"NET_ROAD_SIGNS-000693"}},{"type":"Feature","id":"NET_ROAD_SIGNS-000694","geometry":{"type":"Point","coordinates":[39.24685,21.487964]},"properties":{"branch":"السليمانية","sign_id":"NET_ROAD_SIGNS-000694"}},{"type":"Feature","id":"NET_ROAD_SIGNS-000695","geometry":{"type":"Point","coordinates":[39.247332,21.488112]},"properties":{"branch":"السليمانية","sign_id":"NET_ROAD_SIGNS-000695"}},{"type":"Feature","id":"NET_ROAD_SIGNS-000696","geometry":{"type":"Point","coordinates":[39.247425,21.488128]},"properties":{"branch":"السليمانية","sign_id":"NET_ROAD_SIGNS-000696"}},{"type":"Feature","id":"NET_ROAD_SIGNS-000697","geometry":{"type":"Point","coordinates":[39.247475,21.488195]},"properties":{"branch":"السليمانية","sign_id":"NET_ROAD_SIGNS-000697"}},{"type":"Feature","id":"NET_ROAD_SIGNS-000698","geometry":{"type":"Point","coordinates":[39.248256,21.4882]},"properties":{"branch":"السليمانية","sign_id":"NET_ROAD_SIGNS-000698"}},{"type":"Feature","id":"NET_ROAD_SIGNS-000699","geometry":{"type":"Point","coordinates":[39.24815,21.488248]},"properties":{"branch":"السليمانية","sign_id":"NET_ROAD_SIGNS-000699"}},{"type":"Feature","id":"NET_ROAD_SIGNS-000700","geometry":{"type":"Point","coordinates":[39.24835,21.48828]},"properties":{"branch":"السليمانية","sign_id":"NET_ROAD_SIGNS-000700"}},{"type":"Feature","id":"NET_ROAD_SIGNS-000701","geometry":{"type":"Point","coordinates":[39.248246,21.488435]},"properties":{"branch":"السليمانية","sign_id":"NET_ROAD_SIGNS-000701"}},{"type":"Feature","id":"NET_ROAD_SIGNS-000702","geometry":{"type":"Point","coordinates":[39.248653,21.488265]},"properties":{"branch":"السليمانية","sign_id":"NET_ROAD_SIGNS-000702"}},{"type":"Feature","id":"NET_ROAD_SIGNS-000703","geometry":{"type":"Point","coordinates":[39.248843,21.488362]},"properties":{"branch":"السليمانية","sign_id":"NET_ROAD_SIGNS-000703"}},{"type":"Feature","id":"NET_ROAD_SIGNS-000704","geometry":{"type":"Point","coordinates":[39.248881,21.488431]},"properties":{"branch":"السليمانية","sign_id":"NET_ROAD_SIGNS-000704"}},{"type":"Feature","id":"NET_ROAD_SIGNS-000705","geometry":{"type":"Point","coordinates":[39.248988,21.488234]},"properties":{"branch":"السليمانية","sign_id":"NET_ROAD_SIGNS-000705"}},{"type":"Feature","id":"NET_ROAD_SIGNS-000706","geometry":{"type":"Point","coordinates":[39.249209,21.488423]},"properties":{"branch":"السليمانية","sign_id":"NET_ROAD_SIGNS-000706"}},{"type":"Feature","id":"NET_ROAD_SIGNS-000707","geometry":{"type":"Point","coordinates":[39.249258,21.488511]},"properties":{"branch":"السليمانية","sign_id":"NET_ROAD_SIGNS-000707"}},{"type":"Feature","id":"NET_ROAD_SIGNS-000708","geometry":{"type":"Point","coordinates":[39.249228,21.48859]},"properties":{"branch":"السليمانية","sign_id":"NET_ROAD_SIGNS-000708"}},{"type":"Feature","id":"NET_ROAD_SIGNS-000709","geometry":{"type":"Point","coordinates":[39.249501,21.488471]},"properties":{"branch":"السليمانية","sign_id":"NET_ROAD_SIGNS-000709"}},{"type":"Feature","id":"NET_ROAD_SIGNS-000710","geometry":{"type":"Point","coordinates":[39.24973,21.488442]},"properties":{"branch":"السليمانية","sign_id":"NET_ROAD_SIGNS-000710"}},{"type":"Feature","id":"NET_ROAD_SIGNS-000711","geometry":{"type":"Point","coordinates":[39.25031,21.488659]},"properties":{"branch":"السليمانية","sign_id":"NET_ROAD_SIGNS-000711"}},{"type":"Feature","id":"NET_ROAD_SIGNS-000712","geometry":{"type":"Point","coordinates":[39.250355,21.488612]},"properties":{"branch":"السليمانية","sign_id":"NET_ROAD_SIGNS-000712"}},{"type":"Feature","id":"NET_ROAD_SIGNS-000713","geometry":{"type":"Point","coordinates":[39.250553,21.488645]},"properties":{"branch":"السليمانية","sign_id":"NET_ROAD_SIGNS-000713"}},{"type":"Feature","id":"NET_ROAD_SIGNS-000714","geometry":{"type":"Point","coordinates":[39.250945,21.48871]},"properties":{"branch":"السليمانية","sign_id":"NET_ROAD_SIGNS-000714"}},{"type":"Feature","id":"NET_ROAD_SIGNS-000715","geometry":{"type":"Point","coordinates":[39.251281,21.488704]},"properties":{"branch":"السليمانية","sign_id":"NET_ROAD_SIGNS-000715"}},{"type":"Feature","id":"NET_ROAD_SIGNS-000716","geometry":{"type":"Point","coordinates":[39.251153,21.488743]},"properties":{"branch":"السليمانية","sign_id":"NET_ROAD_SIGNS-000716"}},{"type":"Feature","id":"NET_ROAD_SIGNS-000717","geometry":{"type":"Point","coordinates":[39.245549,21.485897]},"properties":{"branch":"السليمانية","sign_id":"NET_ROAD_SIGNS-000717"}},{"type":"Feature","id":"NET_ROAD_SIGNS-000718","geometry":{"type":"Point","coordinates":[39.245411,21.485949]},"properties":{"branch":"السليمانية","sign_id":"NET_ROAD_SIGNS-000718"}},{"type":"Feature","id":"NET_ROAD_SIGNS-000719","geometry":{"type":"Point","coordinates":[39.245485,21.48604]},"properties":{"branch":"السليمانية","sign_id":"NET_ROAD_SIGNS-000719"}},{"type":"Feature","id":"NET_ROAD_SIGNS-000720","geometry":{"type":"Point","coordinates":[39.245617,21.485988]},"properties":{"branch":"السليمانية","sign_id":"NET_ROAD_SIGNS-000720"}},{"type":"Feature","id":"NET_ROAD_SIGNS-000721","geometry":{"type":"Point","coordinates":[39.245731,21.486012]},"properties":{"branch":"السليمانية","sign_id":"NET_ROAD_SIGNS-000721"}},{"type":"Feature","id":"NET_ROAD_SIGNS-000722","geometry":{"type":"Point","coordinates":[39.245914,21.486038]},"properties":{"branch":"السليمانية","sign_id":"NET_ROAD_SIGNS-000722"}},{"type":"Feature","id":"NET_ROAD_SIGNS-000723","geometry":{"type":"Point","coordinates":[39.245924,21.485949]},"properties":{"branch":"السليمانية","sign_id":"NET_ROAD_SIGNS-000723"}},{"type":"Feature","id":"NET_ROAD_SIGNS-000724","geometry":{"type":"Point","coordinates":[39.24602,21.486058]},"properties":{"branch":"السليمانية","sign_id":"NET_ROAD_SIGNS-000724"}},{"type":"Feature","id":"NET_ROAD_SIGNS-000725","geometry":{"type":"Point","coordinates":[39.246136,21.486077]},"properties":{"branch":"السليمانية","sign_id":"NET_ROAD_SIGNS-000725"}},{"type":"Feature","id":"NET_ROAD_SIGNS-000726","geometry":{"type":"Point","coordinates":[39.246027,21.487961]},"properties":{"branch":"السليمانية","sign_id":"NET_ROAD_SIGNS-000726"}},{"type":"Feature","id":"NET_ROAD_SIGNS-000727","geometry":{"type":"Point","coordinates":[39.246221,21.487528]},"properties":{"branch":"السليمانية","sign_id":"NET_ROAD_SIGNS-000727"}},{"type":"Feature","id":"NET_ROAD_SIGNS-000728","geometry":{"type":"Point","coordinates":[39.246628,21.486506]},"properties":{"branch":"السليمانية","sign_id":"NET_ROAD_SIGNS-000728"}},{"type":"Feature","id":"NET_ROAD_SIGNS-000729","geometry":{"type":"Point","coordinates":[39.246398,21.486424]},"properties":{"branch":"السليمانية","sign_id":"NET_ROAD_SIGNS-000729"}},{"type":"Feature","id":"NET_ROAD_SIGNS-000730","geometry":{"type":"Point","coordinates":[39.246113,21.486499]},"properties":{"branch":"السليمانية","sign_id":"NET_ROAD_SIGNS-000730"}},{"type":"Feature","id":"NET_ROAD_SIGNS-000731","geometry":{"type":"Point","coordinates":[39.246043,21.487211]},"properties":{"branch":"السليمانية","sign_id":"NET_ROAD_SIGNS-000731"}},{"type":"Feature","id":"NET_ROAD_SIGNS-000732","geometry":{"type":"Point","coordinates":[39.245923,21.487146]},"properties":{"branch":"السليمانية","sign_id":"NET_ROAD_SIGNS-000732"}},{"type":"Feature","id":"NET_ROAD_SIGNS-000733","geometry":{"type":"Point","coordinates":[39.245593,21.487212]},"properties":{"branch":"السليمانية","sign_id":"NET_ROAD_SIGNS-000733"}},{"type":"Feature","id":"NET_ROAD_SIGNS-000734","geometry":{"type":"Point","coordinates":[39.252939,21.486481]},"properties":{"branch":"السليمانية","sign_id":"NET_ROAD_SIGNS-000734"}},{"type":"Feature","id":"NET_ROAD_SIGNS-000735","geometry":{"type":"Point","coordinates":[39.252655,21.486574]},"properties":{"branch":"السليمانية","sign_id":"NET_ROAD_SIGNS-000735"}},{"type":"Feature","id":"NET_ROAD_SIGNS-000736","geometry":{"type":"Point","coordinates":[39.252641,21.486661]},"properties":{"branch":"السليمانية","sign_id":"NET_ROAD_SIGNS-000736"}},{"type":"Feature","id":"NET_ROAD_SIGNS-000737","geometry":{"type":"Point","coordinates":[39.252497,21.486746]},"properties":{"branch":"السليمانية","sign_id":"NET_ROAD_SIGNS-000737"}},{"type":"Feature","id":"NET_ROAD_SIGNS-000738","geometry":{"type":"Point","coordinates":[39.252383,21.48681]},"properties":{"branch":"السليمانية","sign_id":"NET_ROAD_SIGNS-000738"}},{"type":"Feature","id":"NET_ROAD_SIGNS-000739","geometry":{"type":"Point","coordinates":[39.251059,21.488932]},"properties":{"branch":"السليمانية","sign_id":"NET_ROAD_SIGNS-000739"}},{"type":"Feature","id":"NET_ROAD_SIGNS-000740","geometry":{"type":"Point","coordinates":[39.251627,21.488821]},"properties":{"branch":"السليمانية","sign_id":"NET_ROAD_SIGNS-000740"}},{"type":"Feature","id":"NET_ROAD_SIGNS-000741","geometry":{"type":"Point","coordinates":[39.25163,21.488822]},"properties":{"branch":"السليمانية","sign_id":"NET_ROAD_SIGNS-000741"}},{"type":"Feature","id":"NET_ROAD_SIGNS-000742","geometry":{"type":"Point","coordinates":[39.251655,21.488828]},"properties":{"branch":"السليمانية","sign_id":"NET_ROAD_SIGNS-000742"}},{"type":"Feature","id":"NET_ROAD_SIGNS-000743","geometry":{"type":"Point","coordinates":[39.251644,21.488888]},"properties":{"branch":"السليمانية","sign_id":"NET_ROAD_SIGNS-000743"}},{"type":"Feature","id":"NET_ROAD_SIGNS-000744","geometry":{"type":"Point","coordinates":[39.251939,21.488861]},"properties":{"branch":"السليمانية","sign_id":"NET_ROAD_SIGNS-000744"}},{"type":"Feature","id":"NET_ROAD_SIGNS-000745","geometry":{"type":"Point","coordinates":[39.252795,21.48917]},"properties":{"branch":"السليمانية","sign_id":"NET_ROAD_SIGNS-000745"}},{"type":"Feature","id":"NET_ROAD_SIGNS-000746","geometry":{"type":"Point","coordinates":[39.253074,21.488899]},"properties":{"branch":"السليمانية","sign_id":"NET_ROAD_SIGNS-000746"}},{"type":"Feature","id":"NET_ROAD_SIGNS-000747","geometry":{"type":"Point","coordinates":[39.252229,21.488968]},"properties":{"branch":"السليمانية","sign_id":"NET_ROAD_SIGNS-000747"}},{"type":"Feature","id":"NET_ROAD_SIGNS-000748","geometry":{"type":"Point","coordinates":[39.251809,21.48758]},"properties":{"branch":"السليمانية","sign_id":"NET_ROAD_SIGNS-000748"}},{"type":"Feature","id":"NET_ROAD_SIGNS-000749","geometry":{"type":"Point","coordinates":[39.252132,21.487556]},"properties":{"branch":"السليمانية","sign_id":"NET_ROAD_SIGNS-000749"}},{"type":"Feature","id":"NET_ROAD_SIGNS-000750","geometry":{"type":"Point","coordinates":[39.25165,21.48782]},"properties":{"branch":"السليمانية","sign_id":"NET_ROAD_SIGNS-000750"}},{"type":"Feature","id":"NET_ROAD_SIGNS-000751","geometry":{"type":"Point","coordinates":[39.251637,21.487916]},"properties":{"branch":"السليمانية","sign_id":"NET_ROAD_SIGNS-000751"}},{"type":"Feature","id":"NET_ROAD_SIGNS-000752","geometry":{"type":"Point","coordinates":[39.251774,21.488056]},"properties":{"branch":"السليمانية","sign_id":"NET_ROAD_SIGNS-000752"}},{"type":"Feature","id":"NET_ROAD_SIGNS-000753","geometry":{"type":"Point","coordinates":[39.251845,21.48798]},"properties":{"branch":"السليمانية","sign_id":"NET_ROAD_SIGNS-000753"}},{"type":"Feature","id":"NET_ROAD_SIGNS-000754","geometry":{"type":"Point","coordinates":[39.252856,21.486958]},"properties":{"branch":"السليمانية","sign_id":"NET_ROAD_SIGNS-000754"}},{"type":"Feature","id":"NET_ROAD_SIGNS-000755","geometry":{"type":"Point","coordinates":[39.25254,21.487282]},"properties":{"branch":"السليمانية","sign_id":"NET_ROAD_SIGNS-000755"}},{"type":"Feature","id":"NET_ROAD_SIGNS-000756","geometry":{"type":"Point","coordinates":[39.252799,21.487324]},"properties":{"branch":"السليمانية","sign_id":"NET_ROAD_SIGNS-000756"}},{"type":"Feature","id":"NET_ROAD_SIGNS-000757","geometry":{"type":"Point","coordinates":[39.25247,21.48744]},"properties":{"branch":"السليمانية","sign_id":"NET_ROAD_SIGNS-000757"}},{"type":"Feature","id":"NET_ROAD_SIGNS-000758","geometry":{"type":"Point","coordinates":[39.252625,21.487484]},"properties":{"branch":"السليمانية","sign_id":"NET_ROAD_SIGNS-000758"}},{"type":"Feature","id":"NET_ROAD_SIGNS-000759","geometry":{"type":"Point","coordinates":[39.252755,21.487591]},"properties":{"branch":"السليمانية","sign_id":"NET_ROAD_SIGNS-000759"}},{"type":"Feature","id":"NET_ROAD_SIGNS-000760","geometry":{"type":"Point","coordinates":[39.252592,21.487681]},"properties":{"branch":"السليمانية","sign_id":"NET_ROAD_SIGNS-000760"}},{"type":"Feature","id":"NET_ROAD_SIGNS-000761","geometry":{"type":"Point","coordinates":[39.252449,21.487804]},"properties":{"branch":"السليمانية","sign_id":"NET_ROAD_SIGNS-000761"}},{"type":"Feature","id":"NET_ROAD_SIGNS-000762","geometry":{"type":"Point","coordinates":[39.252698,21.487974]},"properties":{"branch":"السليمانية","sign_id":"NET_ROAD_SIGNS-000762"}},{"type":"Feature","id":"NET_ROAD_SIGNS-000763","geometry":{"type":"Point","coordinates":[39.252432,21.487956]},"properties":{"branch":"السليمانية","sign_id":"NET_ROAD_SIGNS-000763"}},{"type":"Feature","id":"NET_ROAD_SIGNS-000764","geometry":{"type":"Point","coordinates":[39.252429,21.488038]},"properties":{"branch":"السليمانية","sign_id":"NET_ROAD_SIGNS-000764"}},{"type":"Feature","id":"NET_ROAD_SIGNS-000765","geometry":{"type":"Point","coordinates":[39.252687,21.48826]},"properties":{"branch":"السليمانية","sign_id":"NET_ROAD_SIGNS-000765"}},{"type":"Feature","id":"NET_ROAD_SIGNS-000766","geometry":{"type":"Point","coordinates":[39.252565,21.488225]},"properties":{"branch":"السليمانية","sign_id":"NET_ROAD_SIGNS-000766"}},{"type":"Feature","id":"NET_ROAD_SIGNS-000767","geometry":{"type":"Point","coordinates":[39.252246,21.488331]},"properties":{"branch":"السليمانية","sign_id":"NET_ROAD_SIGNS-000767"}},{"type":"Feature","id":"NET_ROAD_SIGNS-000768","geometry":{"type":"Point","coordinates":[39.252731,21.48836]},"properties":{"branch":"السليمانية","sign_id":"NET_ROAD_SIGNS-000768"}},{"type":"Feature","id":"NET_ROAD_SIGNS-000769","geometry":{"type":"Point","coordinates":[39.252527,21.488304]},"properties":{"branch":"السليمانية","sign_id":"NET_ROAD_SIGNS-000769"}},{"type":"Feature","id":"NET_ROAD_SIGNS-000770","geometry":{"type":"Point","coordinates":[39.252497,21.488443]},"properties":{"branch":"السليمانية","sign_id":"NET_ROAD_SIGNS-000770"}},{"type":"Feature","id":"NET_ROAD_SIGNS-000771","geometry":{"type":"Point","coordinates":[39.252372,21.488398]},"properties":{"branch":"السليمانية","sign_id":"NET_ROAD_SIGNS-000771"}},{"type":"Feature","id":"NET_ROAD_SIGNS-000772","geometry":{"type":"Point","coordinates":[39.252322,21.488391]},"properties":{"branch":"السليمانية","sign_id":"NET_ROAD_SIGNS-000772"}},{"type":"Feature","id":"NET_ROAD_SIGNS-000773","geometry":{"type":"Point","coordinates":[39.252187,21.488648]},"properties":{"branch":"السليمانية","sign_id":"NET_ROAD_SIGNS-000773"}},{"type":"Feature","id":"NET_ROAD_SIGNS-000774","geometry":{"type":"Point","coordinates":[39.252147,21.488615]},"properties":{"branch":"السليمانية","sign_id":"NET_ROAD_SIGNS-000774"}},{"type":"Feature","id":"NET_ROAD_SIGNS-000775","geometry":{"type":"Point","coordinates":[39.252149,21.488615]},"properties":{"branch":"السليمانية","sign_id":"NET_ROAD_SIGNS-000775"}},{"type":"Feature","id":"NET_ROAD_SIGNS-000776","geometry":{"type":"Point","coordinates":[39.25367,21.488905]},"properties":{"branch":"السليمانية","sign_id":"NET_ROAD_SIGNS-000776"}},{"type":"Feature","id":"NET_ROAD_SIGNS-000777","geometry":{"type":"Point","coordinates":[39.254352,21.488437]},"properties":{"branch":"السليمانية","sign_id":"NET_ROAD_SIGNS-000777"}},{"type":"Feature","id":"NET_ROAD_SIGNS-000778","geometry":{"type":"Point","coordinates":[39.254675,21.488324]},"properties":{"branch":"السليمانية","sign_id":"NET_ROAD_SIGNS-000778"}},{"type":"Feature","id":"NET_ROAD_SIGNS-000779","geometry":{"type":"Point","coordinates":[39.256528,21.48837]},"properties":{"branch":"السليمانية","sign_id":"NET_ROAD_SIGNS-000779"}},{"type":"Feature","id":"NET_ROAD_SIGNS-000780","geometry":{"type":"Point","coordinates":[39.25647,21.48844]},"properties":{"branch":"السليمانية","sign_id":"NET_ROAD_SIGNS-000780"}},{"type":"Feature","id":"NET_ROAD_SIGNS-000781","geometry":{"type":"Point","coordinates":[39.256698,21.488491]},"properties":{"branch":"السليمانية","sign_id":"NET_ROAD_SIGNS-000781"}},{"type":"Feature","id":"NET_ROAD_SIGNS-000782","geometry":{"type":"Point","coordinates":[39.25664,21.488562]},"properties":{"branch":"السليمانية","sign_id":"NET_ROAD_SIGNS-000782"}},{"type":"Feature","id":"NET_ROAD_SIGNS-000783","geometry":{"type":"Point","coordinates":[39.25712,21.488699]},"properties":{"branch":"السليمانية","sign_id":"NET_ROAD_SIGNS-000783"}},{"type":"Feature","id":"NET_ROAD_SIGNS-000784","geometry":{"type":"Point","coordinates":[39.256903,21.488843]},"properties":{"branch":"السليمانية","sign_id":"NET_ROAD_SIGNS-000784"}},{"type":"Feature","id":"NET_ROAD_SIGNS-000785","geometry":{"type":"Point","coordinates":[39.259611,21.489588]},"properties":{"branch":"السليمانية","sign_id":"NET_ROAD_SIGNS-000785"}},{"type":"Feature","id":"NET_ROAD_SIGNS-000786","geometry":{"type":"Point","coordinates":[39.259513,21.4896]},"properties":{"branch":"السليمانية","sign_id":"NET_ROAD_SIGNS-000786"}},{"type":"Feature","id":"NET_ROAD_SIGNS-000787","geometry":{"type":"Point","coordinates":[39.259556,21.48988]},"properties":{"branch":"السليمانية","sign_id":"NET_ROAD_SIGNS-000787"}},{"type":"Feature","id":"NET_ROAD_SIGNS-000788","geometry":{"type":"Point","coordinates":[39.258111,21.490672]},"properties":{"branch":"السليمانية","sign_id":"NET_ROAD_SIGNS-000788"}},{"type":"Feature","id":"NET_ROAD_SIGNS-000789","geometry":{"type":"Point","coordinates":[39.253688,21.4906]},"properties":{"branch":"السليمانية","sign_id":"NET_ROAD_SIGNS-000789"}},{"type":"Feature","id":"NET_ROAD_SIGNS-000790","geometry":{"type":"Point","coordinates":[39.253712,21.490193]},"properties":{"branch":"السليمانية","sign_id":"NET_ROAD_SIGNS-000790"}},{"type":"Feature","id":"NET_ROAD_SIGNS-000791","geometry":{"type":"Point","coordinates":[39.253698,21.49009]},"properties":{"branch":"السليمانية","sign_id":"NET_ROAD_SIGNS-000791"}},{"type":"Feature","id":"NET_ROAD_SIGNS-000792","geometry":{"type":"Point","coordinates":[39.253618,21.489583]},"properties":{"branch":"السليمانية","sign_id":"NET_ROAD_SIGNS-000792"}},{"type":"Feature","id":"NET_ROAD_SIGNS-000793","geometry":{"type":"Point","coordinates":[39.232574,21.494559]},"properties":{"branch":"السليمانية","sign_id":"NET_ROAD_SIGNS-000793"}},{"type":"Feature","id":"NET_ROAD_SIGNS-000794","geometry":{"type":"Point","coordinates":[39.232788,21.494533]},"properties":{"branch":"السليمانية","sign_id":"NET_ROAD_SIGNS-000794"}},{"type":"Feature","id":"NET_ROAD_SIGNS-000795","geometry":{"type":"Point","coordinates":[39.23289,21.494629]},"properties":{"branch":"السليمانية","sign_id":"NET_ROAD_SIGNS-000795"}},{"type":"Feature","id":"NET_ROAD_SIGNS-000796","geometry":{"type":"Point","coordinates":[39.232542,21.494886]},"properties":{"branch":"السليمانية","sign_id":"NET_ROAD_SIGNS-000796"}},{"type":"Feature","id":"NET_ROAD_SIGNS-000797","geometry":{"type":"Point","coordinates":[39.232912,21.494787]},"properties":{"branch":"السليمانية","sign_id":"NET_ROAD_SIGNS-000797"}},{"type":"Feature","id":"NET_ROAD_SIGNS-000798","geometry":{"type":"Point","coordinates":[39.232567,21.495044]},"properties":{"branch":"السليمانية","sign_id":"NET_ROAD_SIGNS-000798"}},{"type":"Feature","id":"NET_ROAD_SIGNS-000799","geometry":{"type":"Point","coordinates":[39.232612,21.495067]},"properties":{"branch":"السليمانية","sign_id":"NET_ROAD_SIGNS-000799"}},{"type":"Feature","id":"NET_ROAD_SIGNS-000800","geometry":{"type":"Point","coordinates":[39.232777,21.495047]},"properties":{"branch":"السليمانية","sign_id":"NET_ROAD_SIGNS-000800"}},{"type":"Feature","id":"NET_ROAD_SIGNS-000801","geometry":{"type":"Point","coordinates":[39.232893,21.495103]},"properties":{"branch":"السليمانية","sign_id":"NET_ROAD_SIGNS-000801"}},{"type":"Feature","id":"NET_ROAD_SIGNS-000802","geometry":{"type":"Point","coordinates":[39.232649,21.495133]},"properties":{"branch":"السليمانية","sign_id":"NET_ROAD_SIGNS-000802"}},{"type":"Feature","id":"NET_ROAD_SIGNS-000803","geometry":{"type":"Point","coordinates":[39.23301,21.496944]},"properties":{"branch":"السليمانية","sign_id":"NET_ROAD_SIGNS-000803"}},{"type":"Feature","id":"NET_ROAD_SIGNS-000804","geometry":{"type":"Point","coordinates":[39.232912,21.496956]},"properties":{"branch":"السليمانية","sign_id":"NET_ROAD_SIGNS-000804"}},{"type":"Feature","id":"NET_ROAD_SIGNS-000805","geometry":{"type":"Point","coordinates":[39.232889,21.497097]},"properties":{"branch":"السليمانية","sign_id":"NET_ROAD_SIGNS-000805"}},{"type":"Feature","id":"NET_ROAD_SIGNS-000806","geometry":{"type":"Point","coordinates":[39.233188,21.496965]},"properties":{"branch":"السليمانية","sign_id":"NET_ROAD_SIGNS-000806"}},{"type":"Feature","id":"NET_ROAD_SIGNS-000807","geometry":{"type":"Point","coordinates":[39.233203,21.497062]},"properties":{"branch":"السليمانية","sign_id":"NET_ROAD_SIGNS-000807"}},{"type":"Feature","id":"NET_ROAD_SIGNS-000808","geometry":{"type":"Point","coordinates":[39.233178,21.497201]},"properties":{"branch":"السليمانية","sign_id":"NET_ROAD_SIGNS-000808"}},{"type":"Feature","id":"NET_ROAD_SIGNS-000809","geometry":{"type":"Point","coordinates":[39.233078,21.497215]},"properties":{"branch":"السليمانية","sign_id":"NET_ROAD_SIGNS-000809"}},{"type":"Feature","id":"NET_ROAD_SIGNS-000810","geometry":{"type":"Point","coordinates":[39.232901,21.497193]},"properties":{"branch":"السليمانية","sign_id":"NET_ROAD_SIGNS-000810"}},{"type":"Feature","id":"NET_ROAD_SIGNS-000811","geometry":{"type":"Point","coordinates":[39.23335,21.499142]},"properties":{"branch":"السليمانية","sign_id":"NET_ROAD_SIGNS-000811"}},{"type":"Feature","id":"NET_ROAD_SIGNS-000812","geometry":{"type":"Point","coordinates":[39.233475,21.499127]},"properties":{"branch":"السليمانية","sign_id":"NET_ROAD_SIGNS-000812"}},{"type":"Feature","id":"NET_ROAD_SIGNS-000813","geometry":{"type":"Point","coordinates":[39.233164,21.499118]},"properties":{"branch":"السليمانية","sign_id":"NET_ROAD_SIGNS-000813"}},{"type":"Feature","id":"NET_ROAD_SIGNS-000814","geometry":{"type":"Point","coordinates":[39.23315,21.499011]},"properties":{"branch":"السليمانية","sign_id":"NET_ROAD_SIGNS-000814"}},{"type":"Feature","id":"NET_ROAD_SIGNS-000815","geometry":{"type":"Point","coordinates":[39.233186,21.498861]},"properties":{"branch":"السليمانية","sign_id":"NET_ROAD_SIGNS-000815"}},{"type":"Feature","id":"NET_ROAD_SIGNS-000816","geometry":{"type":"Point","coordinates":[39.233276,21.498851]},"properties":{"branch":"السليمانية","sign_id":"NET_ROAD_SIGNS-000816"}},{"type":"Feature","id":"NET_ROAD_SIGNS-000817","geometry":{"type":"Point","coordinates":[39.233486,21.498865]},"properties":{"branch":"السليمانية","sign_id":"NET_ROAD_SIGNS-000817"}},{"type":"Feature","id":"NET_ROAD_SIGNS-000818","geometry":{"type":"Point","coordinates":[39.233499,21.498956]},"properties":{"branch":"السليمانية","sign_id":"NET_ROAD_SIGNS-000818"}},{"type":"Feature","id":"NET_ROAD_SIGNS-000819","geometry":{"type":"Point","coordinates":[39.260273,21.500816]},"properties":{"branch":"السليمانية","sign_id":"NET_ROAD_SIGNS-000819"}},{"type":"Feature","id":"NET_ROAD_SIGNS-000820","geometry":{"type":"Point","coordinates":[39.253395,21.499881]},"properties":{"branch":"السليمانية","sign_id":"NET_ROAD_SIGNS-000820"}},{"type":"Feature","id":"NET_ROAD_SIGNS-000821","geometry":{"type":"Point","coordinates":[39.252906,21.500292]},"properties":{"branch":"السليمانية","sign_id":"NET_ROAD_SIGNS-000821"}},{"type":"Feature","id":"NET_ROAD_SIGNS-000822","geometry":{"type":"Point","coordinates":[39.255664,21.493746]},"properties":{"branch":"السليمانية","sign_id":"NET_ROAD_SIGNS-000822"}},{"type":"Feature","id":"NET_ROAD_SIGNS-000823","geometry":{"type":"Point","coordinates":[39.253795,21.498285]},"properties":{"branch":"السليمانية","sign_id":"NET_ROAD_SIGNS-000823"}},{"type":"Feature","id":"NET_ROAD_SIGNS-000824","geometry":{"type":"Point","coordinates":[39.25336,21.498299]},"properties":{"branch":"السليمانية","sign_id":"NET_ROAD_SIGNS-000824"}},{"type":"Feature","id":"NET_ROAD_SIGNS-000825","geometry":{"type":"Point","coordinates":[39.24905,21.500077]},"properties":{"branch":"السليمانية","sign_id":"NET_ROAD_SIGNS-000825"}},{"type":"Feature","id":"NET_ROAD_SIGNS-000826","geometry":{"type":"Point","coordinates":[39.249631,21.497848]},"properties":{"branch":"السليمانية","sign_id":"NET_ROAD_SIGNS-000826"}},{"type":"Feature","id":"NET_ROAD_SIGNS-000827","geometry":{"type":"Point","coordinates":[39.247439,21.500212]},"properties":{"branch":"السليمانية","sign_id":"NET_ROAD_SIGNS-000827"}},{"type":"Feature","id":"NET_ROAD_SIGNS-000828","geometry":{"type":"Point","coordinates":[39.246138,21.499591]},"properties":{"branch":"السليمانية","sign_id":"NET_ROAD_SIGNS-000828"}},{"type":"Feature","id":"NET_ROAD_SIGNS-000829","geometry":{"type":"Point","coordinates":[39.246848,21.497385]},"properties":{"branch":"السليمانية","sign_id":"NET_ROAD_SIGNS-000829"}},{"type":"Feature","id":"NET_ROAD_SIGNS-000830","geometry":{"type":"Point","coordinates":[39.244896,21.499292]},"properties":{"branch":"السليمانية","sign_id":"NET_ROAD_SIGNS-000830"}},{"type":"Feature","id":"NET_ROAD_SIGNS-000831","geometry":{"type":"Point","coordinates":[39.243654,21.498618]},"properties":{"branch":"السليمانية","sign_id":"NET_ROAD_SIGNS-000831"}},{"type":"Feature","id":"NET_ROAD_SIGNS-000832","geometry":{"type":"Point","coordinates":[39.244103,21.494662]},"properties":{"branch":"السليمانية","sign_id":"NET_ROAD_SIGNS-000832"}},{"type":"Feature","id":"NET_ROAD_SIGNS-000833","geometry":{"type":"Point","coordinates":[39.243447,21.494963]},"properties":{"branch":"السليمانية","sign_id":"NET_ROAD_SIGNS-000833"}},{"type":"Feature","id":"NET_ROAD_SIGNS-000834","geometry":{"type":"Point","coordinates":[39.239358,21.495475]},"properties":{"branch":"السليمانية","sign_id":"NET_ROAD_SIGNS-000834"}},{"type":"Feature","id":"NET_ROAD_SIGNS-000835","geometry":{"type":"Point","coordinates":[39.240817,21.498206]},"properties":{"branch":"السليمانية","sign_id":"NET_ROAD_SIGNS-000835"}},{"type":"Feature","id":"NET_ROAD_SIGNS-000836","geometry":{"type":"Point","coordinates":[39.239733,21.498249]},"properties":{"branch":"السليمانية","sign_id":"NET_ROAD_SIGNS-000836"}},{"type":"Feature","id":"NET_ROAD_SIGNS-000837","geometry":{"type":"Point","coordinates":[39.239419,21.498923]},"properties":{"branch":"السليمانية","sign_id":"NET_ROAD_SIGNS-000837"}},{"type":"Feature","id":"NET_ROAD_SIGNS-000838","geometry":{"type":"Point","coordinates":[39.239082,21.498255]},"properties":{"branch":"السليمانية","sign_id":"NET_ROAD_SIGNS-000838"}},{"type":"Feature","id":"NET_ROAD_SIGNS-000839","geometry":{"type":"Point","coordinates":[39.239809,21.493999]},"properties":{"branch":"السليمانية","sign_id":"NET_ROAD_SIGNS-000839"}},{"type":"Feature","id":"NET_ROAD_SIGNS-000840","geometry":{"type":"Point","coordinates":[39.239829,21.493703]},"properties":{"branch":"السليمانية","sign_id":"NET_ROAD_SIGNS-000840"}},{"type":"Feature","id":"NET_ROAD_SIGNS-000841","geometry":{"type":"Point","coordinates":[39.239314,21.493235]},"properties":{"branch":"السليمانية","sign_id":"NET_ROAD_SIGNS-000841"}},{"type":"Feature","id":"NET_ROAD_SIGNS-000842","geometry":{"type":"Point","coordinates":[39.239591,21.492016]},"properties":{"branch":"السليمانية","sign_id":"NET_ROAD_SIGNS-000842"}},{"type":"Feature","id":"NET_ROAD_SIGNS-000843","geometry":{"type":"Point","coordinates":[39.239278,21.491053]},"properties":{"branch":"السليمانية","sign_id":"NET_ROAD_SIGNS-000843"}},{"type":"Feature","id":"NET_ROAD_SIGNS-000844","geometry":{"type":"Point","coordinates":[39.239155,21.485527]},"properties":{"branch":"السليمانية","sign_id":"NET_ROAD_SIGNS-000844"}},{"type":"Feature","id":"NET_ROAD_SIGNS-000845","geometry":{"type":"Point","coordinates":[39.239187,21.486139]},"properties":{"branch":"السليمانية","sign_id":"NET_ROAD_SIGNS-000845"}},{"type":"Feature","id":"NET_ROAD_SIGNS-000846","geometry":{"type":"Point","coordinates":[39.239199,21.486919]},"properties":{"branch":"السليمانية","sign_id":"NET_ROAD_SIGNS-000846"}},{"type":"Feature","id":"NET_ROAD_SIGNS-000847","geometry":{"type":"Point","coordinates":[39.239232,21.488919]},"properties":{"branch":"السليمانية","sign_id":"NET_ROAD_SIGNS-000847"}},{"type":"Feature","id":"NET_ROAD_SIGNS-000848","geometry":{"type":"Point","coordinates":[39.233045,21.492316]},"properties":{"branch":"السليمانية","sign_id":"NET_ROAD_SIGNS-000848"}},{"type":"Feature","id":"NET_ROAD_SIGNS-000849","geometry":{"type":"Point","coordinates":[39.232426,21.4927]},"properties":{"branch":"السليمانية","sign_id":"NET_ROAD_SIGNS-000849"}},{"type":"Feature","id":"NET_ROAD_SIGNS-000850","geometry":{"type":"Point","coordinates":[39.233592,21.492376]},"properties":{"branch":"السليمانية","sign_id":"NET_ROAD_SIGNS-000850"}},{"type":"Feature","id":"NET_ROAD_SIGNS-000851","geometry":{"type":"Point","coordinates":[39.232686,21.494606]},"properties":{"branch":"السليمانية","sign_id":"NET_ROAD_SIGNS-000851"}},{"type":"Feature","id":"NET_ROAD_SIGNS-000852","geometry":{"type":"Point","coordinates":[39.232864,21.494601]},"properties":{"branch":"السليمانية","sign_id":"NET_ROAD_SIGNS-000852"}},{"type":"Feature","id":"NET_ROAD_SIGNS-000853","geometry":{"type":"Point","coordinates":[39.232883,21.494839]},"properties":{"branch":"السليمانية","sign_id":"NET_ROAD_SIGNS-000853"}},{"type":"Feature","id":"NET_ROAD_SIGNS-000854","geometry":{"type":"Point","coordinates":[39.232903,21.496217]},"properties":{"branch":"السليمانية","sign_id":"NET_ROAD_SIGNS-000854"}},{"type":"Feature","id":"NET_ROAD_SIGNS-000855","geometry":{"type":"Point","coordinates":[39.232868,21.496997]},"properties":{"branch":"السليمانية","sign_id":"NET_ROAD_SIGNS-000855"}},{"type":"Feature","id":"NET_ROAD_SIGNS-000856","geometry":{"type":"Point","coordinates":[39.232903,21.497208]},"properties":{"branch":"السليمانية","sign_id":"NET_ROAD_SIGNS-000856"}},{"type":"Feature","id":"NET_ROAD_SIGNS-000857","geometry":{"type":"Point","coordinates":[39.234032,21.496729]},"properties":{"branch":"السليمانية","sign_id":"NET_ROAD_SIGNS-000857"}},{"type":"Feature","id":"NET_ROAD_SIGNS-000858","geometry":{"type":"Point","coordinates":[39.23377,21.494702]},"properties":{"branch":"السليمانية","sign_id":"NET_ROAD_SIGNS-000858"}},{"type":"Feature","id":"NET_ROAD_SIGNS-000859","geometry":{"type":"Point","coordinates":[39.234189,21.495402]},"properties":{"branch":"السليمانية","sign_id":"NET_ROAD_SIGNS-000859"}},{"type":"Feature","id":"NET_ROAD_SIGNS-000860","geometry":{"type":"Point","coordinates":[39.235412,21.495207]},"properties":{"branch":"السليمانية","sign_id":"NET_ROAD_SIGNS-000860"}},{"type":"Feature","id":"NET_ROAD_SIGNS-000861","geometry":{"type":"Point","coordinates":[39.237122,21.494484]},"properties":{"branch":"السليمانية","sign_id":"NET_ROAD_SIGNS-000861"}},{"type":"Feature","id":"NET_ROAD_SIGNS-000862","geometry":{"type":"Point","coordinates":[39.238875,21.494061]},"properties":{"branch":"السليمانية","sign_id":"NET_ROAD_SIGNS-000862"}},{"type":"Feature","id":"NET_ROAD_SIGNS-000863","geometry":{"type":"Point","coordinates":[39.232109,21.499275]},"properties":{"branch":"السليمانية","sign_id":"NET_ROAD_SIGNS-000863"}},{"type":"Feature","id":"NET_ROAD_SIGNS-000864","geometry":{"type":"Point","coordinates":[39.233497,21.499136]},"properties":{"branch":"السليمانية","sign_id":"NET_ROAD_SIGNS-000864"}},{"type":"Feature","id":"NET_ROAD_SIGNS-000865","geometry":{"type":"Point","coordinates":[39.233821,21.498915]},"properties":{"branch":"السليمانية","sign_id":"NET_ROAD_SIGNS-000865"}},{"type":"Feature","id":"NET_ROAD_SIGNS-000866","geometry":{"type":"Point","coordinates":[39.23428,21.498507]},"properties":{"branch":"السليمانية","sign_id":"NET_ROAD_SIGNS-000866"}},{"type":"Feature","id":"NET_ROAD_SIGNS-000867","geometry":{"type":"Point","coordinates":[39.237496,21.498499]},"properties":{"branch":"السليمانية","sign_id":"NET_ROAD_SIGNS-000867"}},{"type":"Feature","id":"NET_ROAD_SIGNS-000868","geometry":{"type":"Point","coordinates":[39.241368,21.491946]},"properties":{"branch":"السليمانية","sign_id":"NET_ROAD_SIGNS-000868"}},{"type":"Feature","id":"NET_ROAD_SIGNS-000869","geometry":{"type":"Point","coordinates":[39.241861,21.49168]},"properties":{"branch":"السليمانية","sign_id":"NET_ROAD_SIGNS-000869"}},{"type":"Feature","id":"NET_ROAD_SIGNS-000870","geometry":{"type":"Point","coordinates":[39.242583,21.491862]},"properties":{"branch":"السليمانية","sign_id":"NET_ROAD_SIGNS-000870"}},{"type":"Feature","id":"NET_ROAD_SIGNS-000871","geometry":{"type":"Point","coordinates":[39.24799,21.491655]},"properties":{"branch":"السليمانية","sign_id":"NET_ROAD_SIGNS-000871"}},{"type":"Feature","id":"NET_ROAD_SIGNS-000872","geometry":{"type":"Point","coordinates":[39.247879,21.491576]},"properties":{"branch":"السليمانية","sign_id":"NET_ROAD_SIGNS-000872"}},{"type":"Feature","id":"NET_ROAD_SIGNS-000873","geometry":{"type":"Point","coordinates":[39.245775,21.489616]},"properties":{"branch":"السليمانية","sign_id":"NET_ROAD_SIGNS-000873"}},{"type":"Feature","id":"NET_ROAD_SIGNS-000874","geometry":{"type":"Point","coordinates":[39.252616,21.489199]},"properties":{"branch":"السليمانية","sign_id":"NET_ROAD_SIGNS-000874"}},{"type":"Feature","id":"NET_ROAD_SIGNS-000875","geometry":{"type":"Point","coordinates":[39.251395,21.490003]},"properties":{"branch":"السليمانية","sign_id":"NET_ROAD_SIGNS-000875"}},{"type":"Feature","id":"NET_ROAD_SIGNS-000876","geometry":{"type":"Point","coordinates":[39.24314,21.4851]},"properties":{"branch":"السليمانية","sign_id":"NET_ROAD_SIGNS-000876"}},{"type":"Feature","id":"NET_ROAD_SIGNS-000877","geometry":{"type":"Point","coordinates":[39.242969,21.485994]},"properties":{"branch":"السليمانية","sign_id":"NET_ROAD_SIGNS-000877"}},{"type":"Feature","id":"NET_ROAD_SIGNS-000878","geometry":{"type":"Point","coordinates":[39.244368,21.48533]},"properties":{"branch":"السليمانية","sign_id":"NET_ROAD_SIGNS-000878"}},{"type":"Feature","id":"NET_ROAD_SIGNS-000879","geometry":{"type":"Point","coordinates":[39.242938,21.487141]},"properties":{"branch":"السليمانية","sign_id":"NET_ROAD_SIGNS-000879"}},{"type":"Feature","id":"NET_ROAD_SIGNS-000880","geometry":{"type":"Point","coordinates":[39.243199,21.487308]},"properties":{"branch":"السليمانية","sign_id":"NET_ROAD_SIGNS-000880"}},{"type":"Feature","id":"NET_ROAD_SIGNS-000881","geometry":{"type":"Point","coordinates":[39.245139,21.487691]},"properties":{"branch":"السليمانية","sign_id":"NET_ROAD_SIGNS-000881"}},{"type":"Feature","id":"NET_ROAD_SIGNS-000882","geometry":{"type":"Point","coordinates":[39.246725,21.488095]},"properties":{"branch":"السليمانية","sign_id":"NET_ROAD_SIGNS-000882"}},{"type":"Feature","id":"NET_ROAD_SIGNS-000883","geometry":{"type":"Point","coordinates":[39.249622,21.488358]},"properties":{"branch":"السليمانية","sign_id":"NET_ROAD_SIGNS-000883"}},{"type":"Feature","id":"NET_ROAD_SIGNS-000884","geometry":{"type":"Point","coordinates":[39.250512,21.488514]},"properties":{"branch":"السليمانية","sign_id":"NET_ROAD_SIGNS-000884"}},{"type":"Feature","id":"NET_ROAD_SIGNS-000885","geometry":{"type":"Point","coordinates":[39.251145,21.488845]},"properties":{"branch":"السليمانية","sign_id":"NET_ROAD_SIGNS-000885"}},{"type":"Feature","id":"NET_ROAD_SIGNS-000886","geometry":{"type":"Point","coordinates":[39.245394,21.486033]},"properties":{"branch":"السليمانية","sign_id":"NET_ROAD_SIGNS-000886"}},{"type":"Feature","id":"NET_ROAD_SIGNS-000887","geometry":{"type":"Point","coordinates":[39.246145,21.486047]},"properties":{"branch":"السليمانية","sign_id":"NET_ROAD_SIGNS-000887"}},{"type":"Feature","id":"NET_ROAD_SIGNS-000888","geometry":{"type":"Point","coordinates":[39.251658,21.488902]},"properties":{"branch":"السليمانية","sign_id":"NET_ROAD_SIGNS-000888"}},{"type":"Feature","id":"NET_ROAD_SIGNS-000889","geometry":{"type":"Point","coordinates":[39.251979,21.488868]},"properties":{"branch":"السليمانية","sign_id":"NET_ROAD_SIGNS-000889"}},{"type":"Feature","id":"NET_ROAD_SIGNS-000890","geometry":{"type":"Point","coordinates":[39.251624,21.488027]},"properties":{"branch":"السليمانية","sign_id":"NET_ROAD_SIGNS-000890"}},{"type":"Feature","id":"NET_ROAD_SIGNS-000891","geometry":{"type":"Point","coordinates":[39.252552,21.488302]},"properties":{"branch":"السليمانية","sign_id":"NET_ROAD_SIGNS-000891"}},{"type":"Feature","id":"NET_ROAD_SIGNS-000892","geometry":{"type":"Point","coordinates":[39.254146,21.49063]},"properties":{"branch":"السليمانية","sign_id":"NET_ROAD_SIGNS-000892"}},{"type":"Feature","id":"NET_ROAD_SIGNS-000893","geometry":{"type":"Point","coordinates":[39.239124,21.492995]},"properties":{"branch":"1","sign_id":"NET_ROAD_SIGNS-000893"}},{"type":"Feature","id":"NET_ROAD_SIGNS-000894","geometry":{"type":"Point","coordinates":[39.239234,21.488948]},"properties":{"branch":"1","sign_id":"NET_ROAD_SIGNS-000894"}},{"type":"Feature","id":"NET_ROAD_SIGNS-000895","geometry":{"type":"Point","coordinates":[39.237407,21.494425]},"properties":{"branch":"1","sign_id":"NET_ROAD_SIGNS-000895"}},{"type":"Feature","id":"NET_ROAD_SIGNS-000896","geometry":{"type":"Point","coordinates":[39.244459,21.486825]},"properties":{"description":"ارشادية استدلالية","branch":"سليملنية","sign_id":"NET_ROAD_SIGNS-000896"}},{"type":"Feature","id":"NET_ROAD_SIGNS-000897","geometry":{"type":"Point","coordinates":[39.244361,21.487382]},"properties":{"description":"ارشادية استدلالية","branch":"سليملنية","sign_id":"NET_ROAD_SIGNS-000897"}},{"type":"Feature","id":"NET_ROAD_SIGNS-000898","geometry":{"type":"Point","coordinates":[39.24294,21.487396]},"properties":{"description":"ارشادية استدلالية","branch":"سليملنية","sign_id":"NET_ROAD_SIGNS-000898"}},{"type":"Feature","id":"NET_ROAD_SIGNS-000899","geometry":{"type":"Point","coordinates":[39.243072,21.487291]},"properties":{"description":"ارشادية استدلالية","branch":"سليملنية","sign_id":"NET_ROAD_SIGNS-000899"}},{"type":"Feature","id":"NET_ROAD_SIGNS-000900","geometry":{"type":"Point","coordinates":[39.252113,21.488708]},"properties":{"description":"ارشادية استدلالية","branch":"سليملنية","sign_id":"NET_ROAD_SIGNS-000900"}},{"type":"Feature","id":"NET_ROAD_SIGNS-000901","geometry":{"type":"Point","coordinates":[39.250508,21.488581]},"properties":{"description":"ارشادية استدلالية","branch":"سليملنية","sign_id":"NET_ROAD_SIGNS-000901"}},{"type":"Feature","id":"NET_ROAD_SIGNS-000902","geometry":{"type":"Point","coordinates":[39.250431,21.488487]},"properties":{"description":"ارشادية استدلالية","branch":"سليملنية","sign_id":"NET_ROAD_SIGNS-000902"}},{"type":"Feature","id":"NET_ROAD_SIGNS-000903","geometry":{"type":"Point","coordinates":[39.248959,21.488315]},"properties":{"description":"ارشادية استدلالية","branch":"سليملنية","sign_id":"NET_ROAD_SIGNS-000903"}},{"type":"Feature","id":"NET_ROAD_SIGNS-000904","geometry":{"type":"Point","coordinates":[39.245393,21.487793]},"properties":{"description":"ارشادية استدلالية","branch":"سليملنية","sign_id":"NET_ROAD_SIGNS-000904"}},{"type":"Feature","id":"NET_ROAD_SIGNS-000905","geometry":{"type":"Point","coordinates":[39.248165,21.490231]},"properties":{"description":"ارشادية استدلالية","branch":"سليملنية","sign_id":"NET_ROAD_SIGNS-000905"}},{"type":"Feature","id":"NET_ROAD_SIGNS-000906","geometry":{"type":"Point","coordinates":[39.248933,21.490428]},"properties":{"description":"ارشادية استدلالية","branch":"سليملنية","sign_id":"NET_ROAD_SIGNS-000906"}},{"type":"Feature","id":"NET_ROAD_SIGNS-000907","geometry":{"type":"Point","coordinates":[39.250404,21.490668]},"properties":{"description":"ارشادية استدلالية","branch":"سليملنية","sign_id":"NET_ROAD_SIGNS-000907"}},{"type":"Feature","id":"NET_ROAD_SIGNS-000908","geometry":{"type":"Point","coordinates":[39.250668,21.490551]},"properties":{"description":"ارشادية استدلالية","branch":"سليملنية","sign_id":"NET_ROAD_SIGNS-000908"}},{"type":"Feature","id":"NET_ROAD_SIGNS-000909","geometry":{"type":"Point","coordinates":[39.251081,21.488814]},"properties":{"description":"ارشادية استدلالية","branch":"سليملنية","sign_id":"NET_ROAD_SIGNS-000909"}},{"type":"Feature","id":"NET_ROAD_SIGNS-000910","geometry":{"type":"Point","coordinates":[39.253118,21.488919]},"properties":{"description":"ارشادية استدلالية","branch":"سليملنية","sign_id":"NET_ROAD_SIGNS-000910"}},{"type":"Feature","id":"NET_ROAD_SIGNS-000911","geometry":{"type":"Point","coordinates":[39.25313,21.488662]},"properties":{"description":"ارشادية استدلالية","branch":"سليملنية","sign_id":"NET_ROAD_SIGNS-000911"}},{"type":"Feature","id":"NET_ROAD_SIGNS-000912","geometry":{"type":"Point","coordinates":[39.253424,21.488574]},"properties":{"description":"ارشادية استدلالية","branch":"سليملنية","sign_id":"NET_ROAD_SIGNS-000912"}},{"type":"Feature","id":"NET_ROAD_SIGNS-000913","geometry":{"type":"Point","coordinates":[39.258588,21.488916]},"properties":{"description":"ارشادية استدلالية","branch":"سليملنية","sign_id":"NET_ROAD_SIGNS-000913"}},{"type":"Feature","id":"NET_ROAD_SIGNS-000914","geometry":{"type":"Point","coordinates":[39.25725,21.489846]},"properties":{"description":"ارشادية استدلالية","branch":"سليملنية","sign_id":"NET_ROAD_SIGNS-000914"}},{"type":"Feature","id":"NET_ROAD_SIGNS-000915","geometry":{"type":"Point","coordinates":[39.255627,21.488247]},"properties":{"description":"ارشادية استدلالية","branch":"سليملنية","sign_id":"NET_ROAD_SIGNS-000915"}},{"type":"Feature","id":"NET_ROAD_SIGNS-000916","geometry":{"type":"Point","coordinates":[39.254452,21.488417]},"properties":{"description":"ارشادية استدلالية","branch":"سليملنية","sign_id":"NET_ROAD_SIGNS-000916"}},{"type":"Feature","id":"NET_ROAD_SIGNS-000917","geometry":{"type":"Point","coordinates":[39.25355,21.489163]},"properties":{"description":"ارشادية استدلالية","branch":"سليملنية","sign_id":"NET_ROAD_SIGNS-000917"}},{"type":"Feature","id":"NET_ROAD_SIGNS-000918","geometry":{"type":"Point","coordinates":[39.253581,21.489522]},"properties":{"description":"ارشادية استدلالية","branch":"سليملنية","sign_id":"NET_ROAD_SIGNS-000918"}},{"type":"Feature","id":"NET_ROAD_SIGNS-000919","geometry":{"type":"Point","coordinates":[39.253745,21.490737]},"properties":{"description":"ارشادية استدلالية","branch":"سليملنية","sign_id":"NET_ROAD_SIGNS-000919"}},{"type":"Feature","id":"NET_ROAD_SIGNS-000920","geometry":{"type":"Point","coordinates":[39.253974,21.490656]},"properties":{"description":"ارشادية استدلالية","branch":"سليملنية","sign_id":"NET_ROAD_SIGNS-000920"}},{"type":"Feature","id":"NET_ROAD_SIGNS-000921","geometry":{"type":"Point","coordinates":[39.256179,21.49227]},"properties":{"description":"ارشادية استدلالية","branch":"سليملنية","sign_id":"NET_ROAD_SIGNS-000921"}},{"type":"Feature","id":"NET_ROAD_SIGNS-000922","geometry":{"type":"Point","coordinates":[39.257828,21.492153]},"properties":{"description":"ارشادية استدلالية","branch":"سليملنية","sign_id":"NET_ROAD_SIGNS-000922"}},{"type":"Feature","id":"NET_ROAD_SIGNS-000923","geometry":{"type":"Point","coordinates":[39.257788,21.490714]},"properties":{"description":"ارشادية استدلالية","branch":"سليملنية","sign_id":"NET_ROAD_SIGNS-000923"}},{"type":"Feature","id":"NET_ROAD_SIGNS-000924","geometry":{"type":"Point","coordinates":[39.259735,21.490138]},"properties":{"description":"ارشادية استدلالية","branch":"سليملنية","sign_id":"NET_ROAD_SIGNS-000924"}},{"type":"Feature","id":"NET_ROAD_SIGNS-000925","geometry":{"type":"Point","coordinates":[39.259541,21.489198]},"properties":{"description":"ارشادية استدلالية","branch":"سليملنية","sign_id":"NET_ROAD_SIGNS-000925"}},{"type":"Feature","id":"NET_ROAD_SIGNS-000926","geometry":{"type":"Point","coordinates":[39.258744,21.48875]},"properties":{"description":"ارشادية استدلالية","branch":"سليملنية","sign_id":"NET_ROAD_SIGNS-000926"}},{"type":"Feature","id":"NET_ROAD_SIGNS-000927","geometry":{"type":"Point","coordinates":[39.257015,21.488876]},"properties":{"description":"ارشادية استدلالية","branch":"سليملنية","sign_id":"NET_ROAD_SIGNS-000927"}},{"type":"Feature","id":"NET_ROAD_SIGNS-000928","geometry":{"type":"Point","coordinates":[39.257016,21.488875]},"properties":{"description":"ارشادية استدلالية","branch":"سليملنية","sign_id":"NET_ROAD_SIGNS-000928"}},{"type":"Feature","id":"NET_ROAD_SIGNS-000929","geometry":{"type":"Point","coordinates":[39.257087,21.48875]},"properties":{"description":"ارشادية استدلالية","branch":"سليملنية","sign_id":"NET_ROAD_SIGNS-000929"}},{"type":"Feature","id":"NET_ROAD_SIGNS-000930","geometry":{"type":"Point","coordinates":[39.256315,21.488182]},"properties":{"description":"ارشادية استدلالية","branch":"سليملنية","sign_id":"NET_ROAD_SIGNS-000930"}},{"type":"Feature","id":"NET_ROAD_SIGNS-000931","geometry":{"type":"Point","coordinates":[39.256202,21.488196]},"properties":{"description":"ارشادية استدلالية","branch":"سليملنية","sign_id":"NET_ROAD_SIGNS-000931"}},{"type":"Feature","id":"NET_ROAD_SIGNS-000932","geometry":{"type":"Point","coordinates":[39.244297,21.491781]},"properties":{"description":"ارشادية استدلالية","branch":"سليملنية","sign_id":"NET_ROAD_SIGNS-000932"}},{"type":"Feature","id":"NET_ROAD_SIGNS-000933","geometry":{"type":"Point","coordinates":[39.245532,21.491665]},"properties":{"description":"ارشادية استدلالية","branch":"سليملنية","sign_id":"NET_ROAD_SIGNS-000933"}},{"type":"Feature","id":"NET_ROAD_SIGNS-000934","geometry":{"type":"Point","coordinates":[39.253598,21.493386]},"properties":{"description":"ارشادية استدلالية","branch":"سليملنية","sign_id":"NET_ROAD_SIGNS-000934"}},{"type":"Feature","id":"NET_ROAD_SIGNS-000935","geometry":{"type":"Point","coordinates":[39.253465,21.493254]},"properties":{"description":"ارشادية استدلالية","branch":"سليملنية","sign_id":"NET_ROAD_SIGNS-000935"}},{"type":"Feature","id":"NET_ROAD_SIGNS-000936","geometry":{"type":"Point","coordinates":[39.252741,21.493256]},"properties":{"description":"ارشادية استدلالية","branch":"سليملنية","sign_id":"NET_ROAD_SIGNS-000936"}},{"type":"Feature","id":"NET_ROAD_SIGNS-000937","geometry":{"type":"Point","coordinates":[39.250968,21.493073]},"properties":{"description":"ارشادية استدلالية","branch":"سليملنية","sign_id":"NET_ROAD_SIGNS-000937"}},{"type":"Feature","id":"NET_ROAD_SIGNS-000938","geometry":{"type":"Point","coordinates":[39.250181,21.492378]},"properties":{"description":"ارشادية استدلالية","branch":"سليملنية","sign_id":"NET_ROAD_SIGNS-000938"}},{"type":"Feature","id":"NET_ROAD_SIGNS-000939","geometry":{"type":"Point","coordinates":[39.250164,21.492387]},"properties":{"description":"ارشادية استدلالية","branch":"سليملنية","sign_id":"NET_ROAD_SIGNS-000939"}},{"type":"Feature","id":"NET_ROAD_SIGNS-000940","geometry":{"type":"Point","coordinates":[39.250067,21.492754]},"properties":{"description":"ارشادية استدلالية","branch":"سليملنية","sign_id":"NET_ROAD_SIGNS-000940"}},{"type":"Feature","id":"NET_ROAD_SIGNS-000941","geometry":{"type":"Point","coordinates":[39.24829,21.49202]},"properties":{"description":"ارشادية استدلالية","branch":"سليملنية","sign_id":"NET_ROAD_SIGNS-000941"}},{"type":"Feature","id":"NET_ROAD_SIGNS-000942","geometry":{"type":"Point","coordinates":[39.248022,21.49107]},"properties":{"description":"ارشادية استدلالية","branch":"سليملنية","sign_id":"NET_ROAD_SIGNS-000942"}},{"type":"Feature","id":"NET_ROAD_SIGNS-000943","geometry":{"type":"Point","coordinates":[39.247895,21.490333]},"properties":{"description":"ارشادية استدلالية","branch":"سليملنية","sign_id":"NET_ROAD_SIGNS-000943"}},{"type":"Feature","id":"NET_ROAD_SIGNS-000944","geometry":{"type":"Point","coordinates":[39.247744,21.490137]},"properties":{"description":"ارشادية استدلالية","branch":"سليملنية","sign_id":"NET_ROAD_SIGNS-000944"}},{"type":"Feature","id":"NET_ROAD_SIGNS-000945","geometry":{"type":"Point","coordinates":[39.247698,21.490257]},"properties":{"description":"ارشادية استدلالية","branch":"سليملنية","sign_id":"NET_ROAD_SIGNS-000945"}},{"type":"Feature","id":"NET_ROAD_SIGNS-000946","geometry":{"type":"Point","coordinates":[39.247852,21.491784]},"properties":{"description":"ارشادية استدلالية","branch":"سليملنية","sign_id":"NET_ROAD_SIGNS-000946"}},{"type":"Feature","id":"NET_ROAD_SIGNS-000947","geometry":{"type":"Point","coordinates":[39.247997,21.49168]},"properties":{"description":"ارشادية استدلالية","branch":"سليملنية","sign_id":"NET_ROAD_SIGNS-000947"}},{"type":"Feature","id":"NET_ROAD_SIGNS-000948","geometry":{"type":"Point","coordinates":[39.243552,21.491192]},"properties":{"description":"ارشادية استدلالية","branch":"سليملنية","sign_id":"NET_ROAD_SIGNS-000948"}},{"type":"Feature","id":"NET_ROAD_SIGNS-000949","geometry":{"type":"Point","coordinates":[39.25354,21.499586]},"properties":{"description":"ارشادية استدلالية","branch":"سليملنية","sign_id":"NET_ROAD_SIGNS-000949"}},{"type":"Feature","id":"NET_ROAD_SIGNS-000950","geometry":{"type":"Point","coordinates":[39.254844,21.493642]},"properties":{"description":"ارشادية استدلالية","branch":"سليملنية","sign_id":"NET_ROAD_SIGNS-000950"}},{"type":"Feature","id":"NET_ROAD_SIGNS-000951","geometry":{"type":"Point","coordinates":[39.254185,21.492816]},"properties":{"description":"ارشادية استدلالية","branch":"سليملنية","sign_id":"NET_ROAD_SIGNS-000951"}},{"type":"Feature","id":"NET_ROAD_SIGNS-000952","geometry":{"type":"Point","coordinates":[39.253708,21.491824]},"properties":{"description":"ارشادية استدلالية","branch":"سليملنية","sign_id":"NET_ROAD_SIGNS-000952"}},{"type":"Feature","id":"NET_ROAD_SIGNS-000953","geometry":{"type":"Point","coordinates":[39.252734,21.488383]},"properties":{"description":"ارشادية استدلالية","branch":"سليملنية","sign_id":"NET_ROAD_SIGNS-000953"}},{"type":"Feature","id":"NET_ROAD_SIGNS-000954","geometry":{"type":"Point","coordinates":[39.25269,21.48821]},"properties":{"description":"ارشادية استدلالية","branch":"سليملنية","sign_id":"NET_ROAD_SIGNS-000954"}},{"type":"Feature","id":"NET_ROAD_SIGNS-000955","geometry":{"type":"Point","coordinates":[39.252709,21.487906]},"properties":{"description":"ارشادية استدلالية","branch":"سليملنية","sign_id":"NET_ROAD_SIGNS-000955"}},{"type":"Feature","id":"NET_ROAD_SIGNS-000956","geometry":{"type":"Point","coordinates":[39.25272,21.486999]},"properties":{"description":"ارشادية استدلالية","branch":"سليملنية","sign_id":"NET_ROAD_SIGNS-000956"}},{"type":"Feature","id":"NET_ROAD_SIGNS-000957","geometry":{"type":"Point","coordinates":[39.252608,21.487614]},"properties":{"description":"ارشادية استدلالية","branch":"سليملنية","sign_id":"NET_ROAD_SIGNS-000957"}},{"type":"Feature","id":"NET_ROAD_SIGNS-000958","geometry":{"type":"Point","coordinates":[39.252121,21.488763]},"properties":{"description":"ارشادية استدلالية","branch":"سليملنية","sign_id":"NET_ROAD_SIGNS-000958"}},{"type":"Feature","id":"NET_ROAD_SIGNS-000959","geometry":{"type":"Point","coordinates":[39.252722,21.489191]},"properties":{"description":"ارشادية استدلالية","branch":"سليملنية","sign_id":"NET_ROAD_SIGNS-000959"}},{"type":"Feature","id":"NET_ROAD_SIGNS-000960","geometry":{"type":"Point","coordinates":[39.252691,21.489328]},"properties":{"description":"ارشادية استدلالية","branch":"سليملنية","sign_id":"NET_ROAD_SIGNS-000960"}},{"type":"Feature","id":"NET_ROAD_SIGNS-000961","geometry":{"type":"Point","coordinates":[39.252466,21.489282]},"properties":{"description":"ارشادية استدلالية","branch":"سليملنية","sign_id":"NET_ROAD_SIGNS-000961"}},{"type":"Feature","id":"NET_ROAD_SIGNS-000962","geometry":{"type":"Point","coordinates":[39.253485,21.491968]},"properties":{"description":"ارشادية استدلالية","branch":"سليملنية","sign_id":"NET_ROAD_SIGNS-000962"}},{"type":"Feature","id":"NET_ROAD_SIGNS-000963","geometry":{"type":"Point","coordinates":[39.254203,21.493999]},"properties":{"description":"ارشادية استدلالية","branch":"سليملنية","sign_id":"NET_ROAD_SIGNS-000963"}},{"type":"Feature","id":"NET_ROAD_SIGNS-000964","geometry":{"type":"Point","coordinates":[39.253982,21.49603]},"properties":{"description":"ارشادية استدلالية","branch":"سليملنية","sign_id":"NET_ROAD_SIGNS-000964"}},{"type":"Feature","id":"NET_ROAD_SIGNS-000965","geometry":{"type":"Point","coordinates":[39.25354,21.498326]},"properties":{"description":"ارشادية استدلالية","branch":"سليملنية","sign_id":"NET_ROAD_SIGNS-000965"}},{"type":"Feature","id":"NET_ROAD_SIGNS-000966","geometry":{"type":"Point","coordinates":[39.253656,21.498429]},"properties":{"description":"ارشادية استدلالية","branch":"سليملنية","sign_id":"NET_ROAD_SIGNS-000966"}},{"type":"Feature","id":"NET_ROAD_SIGNS-000967","geometry":{"type":"Point","coordinates":[39.253531,21.498592]},"properties":{"description":"ارشادية استدلالية","branch":"سليملنية","sign_id":"NET_ROAD_SIGNS-000967"}},{"type":"Feature","id":"NET_ROAD_SIGNS-000968","geometry":{"type":"Point","coordinates":[39.249393,21.497889]},"properties":{"description":"ارشادية استدلالية","branch":"سليملنية","sign_id":"NET_ROAD_SIGNS-000968"}},{"type":"Feature","id":"NET_ROAD_SIGNS-000969","geometry":{"type":"Point","coordinates":[39.249536,21.497975]},"properties":{"description":"ارشادية استدلالية","branch":"سليملنية","sign_id":"NET_ROAD_SIGNS-000969"}},{"type":"Feature","id":"NET_ROAD_SIGNS-000970","geometry":{"type":"Point","coordinates":[39.244503,21.496822]},"properties":{"description":"ارشادية استدلالية","branch":"سليملنية","sign_id":"NET_ROAD_SIGNS-000970"}},{"type":"Feature","id":"NET_ROAD_SIGNS-000971","geometry":{"type":"Point","coordinates":[39.244046,21.496091]},"properties":{"description":"ارشادية استدلالية","branch":"سليملنية","sign_id":"NET_ROAD_SIGNS-000971"}},{"type":"Feature","id":"NET_ROAD_SIGNS-000972","geometry":{"type":"Point","coordinates":[39.244099,21.494944]},"properties":{"description":"ارشادية استدلالية","branch":"سليملنية","sign_id":"NET_ROAD_SIGNS-000972"}},{"type":"Feature","id":"NET_ROAD_SIGNS-000973","geometry":{"type":"Point","coordinates":[39.243946,21.494895]},"properties":{"description":"ارشادية استدلالية","branch":"سليملنية","sign_id":"NET_ROAD_SIGNS-000973"}},{"type":"Feature","id":"NET_ROAD_SIGNS-000974","geometry":{"type":"Point","coordinates":[39.244129,21.494691]},"properties":{"description":"ارشادية استدلالية","branch":"سليملنية","sign_id":"NET_ROAD_SIGNS-000974"}},{"type":"Feature","id":"NET_ROAD_SIGNS-000975","geometry":{"type":"Point","coordinates":[39.23981,21.495248]},"properties":{"description":"ارشادية استدلالية","branch":"سليملنية","sign_id":"NET_ROAD_SIGNS-000975"}},{"type":"Feature","id":"NET_ROAD_SIGNS-000976","geometry":{"type":"Point","coordinates":[39.239611,21.495424]},"properties":{"description":"ارشادية استدلالية","branch":"سليملنية","sign_id":"NET_ROAD_SIGNS-000976"}},{"type":"Feature","id":"NET_ROAD_SIGNS-000977","geometry":{"type":"Point","coordinates":[39.232236,21.498268]},"properties":{"description":"ارشادية استدلالية","branch":"سليملنية","sign_id":"NET_ROAD_SIGNS-000977"}},{"type":"Feature","id":"NET_ROAD_SIGNS-000978","geometry":{"type":"Point","coordinates":[39.232224,21.497284]},"properties":{"description":"ارشادية استدلالية","branch":"سليملنية","sign_id":"NET_ROAD_SIGNS-000978"}},{"type":"Feature","id":"NET_ROAD_SIGNS-000979","geometry":{"type":"Point","coordinates":[39.232036,21.497536]},"properties":{"description":"ارشادية استدلالية","branch":"سليملنية","sign_id":"NET_ROAD_SIGNS-000979"}},{"type":"Feature","id":"NET_ROAD_SIGNS-000980","geometry":{"type":"Point","coordinates":[39.23386,21.496336]},"properties":{"description":"ارشادية استدلالية","branch":"سليملنية","sign_id":"NET_ROAD_SIGNS-000980"}},{"type":"Feature","id":"NET_ROAD_SIGNS-000981","geometry":{"type":"Point","coordinates":[39.233874,21.496524]},"properties":{"description":"ارشادية استدلالية","branch":"سليملنية","sign_id":"NET_ROAD_SIGNS-000981"}},{"type":"Feature","id":"NET_ROAD_SIGNS-000982","geometry":{"type":"Point","coordinates":[39.233834,21.49672]},"properties":{"description":"ارشادية استدلالية","branch":"سليملنية","sign_id":"NET_ROAD_SIGNS-000982"}},{"type":"Feature","id":"NET_ROAD_SIGNS-000983","geometry":{"type":"Point","coordinates":[39.233198,21.49692]},"properties":{"description":"ارشادية استدلالية","branch":"سليملنية","sign_id":"NET_ROAD_SIGNS-000983"}},{"type":"Feature","id":"NET_ROAD_SIGNS-000984","geometry":{"type":"Point","coordinates":[39.233131,21.49689]},"properties":{"description":"ارشادية استدلالية","branch":"سليملنية","sign_id":"NET_ROAD_SIGNS-000984"}},{"type":"Feature","id":"NET_ROAD_SIGNS-000985","geometry":{"type":"Point","coordinates":[39.232927,21.49501]},"properties":{"description":"ارشادية استدلالية","branch":"سليملنية","sign_id":"NET_ROAD_SIGNS-000985"}},{"type":"Feature","id":"NET_ROAD_SIGNS-000986","geometry":{"type":"Point","coordinates":[39.233218,21.49493]},"properties":{"description":"ارشادية استدلالية","branch":"سليملنية","sign_id":"NET_ROAD_SIGNS-000986"}},{"type":"Feature","id":"NET_ROAD_SIGNS-000987","geometry":{"type":"Point","coordinates":[39.235342,21.494703]},"properties":{"description":"ارشادية استدلالية","branch":"سليملنية","sign_id":"NET_ROAD_SIGNS-000987"}},{"type":"Feature","id":"NET_ROAD_SIGNS-000988","geometry":{"type":"Point","coordinates":[39.235389,21.49469]},"properties":{"description":"ارشادية استدلالية","branch":"سليملنية","sign_id":"NET_ROAD_SIGNS-000988"}},{"type":"Feature","id":"NET_ROAD_SIGNS-000989","geometry":{"type":"Point","coordinates":[39.235421,21.494984]},"properties":{"description":"ارشادية استدلالية","branch":"سليملنية","sign_id":"NET_ROAD_SIGNS-000989"}},{"type":"Feature","id":"NET_ROAD_SIGNS-000990","geometry":{"type":"Point","coordinates":[39.233676,21.495355]},"properties":{"description":"ارشادية استدلالية","branch":"سليملنية","sign_id":"NET_ROAD_SIGNS-000990"}},{"type":"Feature","id":"NET_ROAD_SIGNS-000991","geometry":{"type":"Point","coordinates":[39.233796,21.495172]},"properties":{"description":"ارشادية استدلالية","branch":"سليملنية","sign_id":"NET_ROAD_SIGNS-000991"}},{"type":"Feature","id":"NET_ROAD_SIGNS-000992","geometry":{"type":"Point","coordinates":[39.233765,21.495049]},"properties":{"description":"ارشادية استدلالية","branch":"سليملنية","sign_id":"NET_ROAD_SIGNS-000992"}},{"type":"Feature","id":"NET_ROAD_SIGNS-000993","geometry":{"type":"Point","coordinates":[39.233773,21.494891]},"properties":{"description":"ارشادية استدلالية","branch":"سليملنية","sign_id":"NET_ROAD_SIGNS-000993"}},{"type":"Feature","id":"NET_ROAD_SIGNS-000994","geometry":{"type":"Point","coordinates":[39.234009,21.494827]},"properties":{"description":"ارشادية استدلالية","branch":"سليملنية","sign_id":"NET_ROAD_SIGNS-000994"}},{"type":"Feature","id":"NET_ROAD_SIGNS-000995","geometry":{"type":"Point","coordinates":[39.237009,21.494537]},"properties":{"description":"ارشادية استدلالية","branch":"سليملنية","sign_id":"NET_ROAD_SIGNS-000995"}},{"type":"Feature","id":"NET_ROAD_SIGNS-000996","geometry":{"type":"Point","coordinates":[39.237026,21.495037]},"properties":{"description":"ارشادية استدلالية","branch":"سليملنية","sign_id":"NET_ROAD_SIGNS-000996"}},{"type":"Feature","id":"NET_ROAD_SIGNS-000997","geometry":{"type":"Point","coordinates":[39.23732,21.49485]},"properties":{"description":"ارشادية استدلالية","branch":"سليملنية","sign_id":"NET_ROAD_SIGNS-000997"}},{"type":"Feature","id":"NET_ROAD_SIGNS-000998","geometry":{"type":"Point","coordinates":[39.237267,21.494575]},"properties":{"description":"ارشادية استدلالية","branch":"سليملنية","sign_id":"NET_ROAD_SIGNS-000998"}},{"type":"Feature","id":"NET_ROAD_SIGNS-000999","geometry":{"type":"Point","coordinates":[39.237299,21.494466]},"properties":{"description":"ارشادية استدلالية","branch":"سليملنية","sign_id":"NET_ROAD_SIGNS-000999"}},{"type":"Feature","id":"NET_ROAD_SIGNS-001000","geometry":{"type":"Point","coordinates":[39.237409,21.494415]},"properties":{"description":"ارشادية استدلالية","branch":"سليملنية","sign_id":"NET_ROAD_SIGNS-001000"}},{"type":"Feature","id":"NET_ROAD_SIGNS-001001","geometry":{"type":"Point","coordinates":[39.238554,21.494294]},"properties":{"description":"ارشادية استدلالية","branch":"سليملنية","sign_id":"NET_ROAD_SIGNS-001001"}},{"type":"Feature","id":"NET_ROAD_SIGNS-001002","geometry":{"type":"Point","coordinates":[39.23882,21.494068]},"properties":{"description":"ارشادية استدلالية","branch":"سليملنية","sign_id":"NET_ROAD_SIGNS-001002"}},{"type":"Feature","id":"NET_ROAD_SIGNS-001003","geometry":{"type":"Point","coordinates":[39.238608,21.493937]},"properties":{"description":"ارشادية استدلالية","branch":"سليملنية","sign_id":"NET_ROAD_SIGNS-001003"}},{"type":"Feature","id":"NET_ROAD_SIGNS-001004","geometry":{"type":"Point","coordinates":[39.238335,21.493988]},"properties":{"description":"ارشادية استدلالية","branch":"سليملنية","sign_id":"NET_ROAD_SIGNS-001004"}},{"type":"Feature","id":"NET_ROAD_SIGNS-001005","geometry":{"type":"Point","coordinates":[39.236904,21.494318]},"properties":{"description":"ارشادية استدلالية","branch":"سليملنية","sign_id":"NET_ROAD_SIGNS-001005"}},{"type":"Feature","id":"NET_ROAD_SIGNS-001006","geometry":{"type":"Point","coordinates":[39.236898,21.49413]},"properties":{"description":"ارشادية استدلالية","branch":"سليملنية","sign_id":"NET_ROAD_SIGNS-001006"}},{"type":"Feature","id":"NET_ROAD_SIGNS-001007","geometry":{"type":"Point","coordinates":[39.235284,21.494329]},"properties":{"description":"ارشادية استدلالية","branch":"سليملنية","sign_id":"NET_ROAD_SIGNS-001007"}},{"type":"Feature","id":"NET_ROAD_SIGNS-001008","geometry":{"type":"Point","coordinates":[39.234994,21.494382]},"properties":{"description":"ارشادية استدلالية","branch":"سليملنية","sign_id":"NET_ROAD_SIGNS-001008"}},{"type":"Feature","id":"NET_ROAD_SIGNS-001009","geometry":{"type":"Point","coordinates":[39.233613,21.494551]},"properties":{"description":"ارشادية استدلالية","branch":"سليملنية","sign_id":"NET_ROAD_SIGNS-001009"}},{"type":"Feature","id":"NET_ROAD_SIGNS-001010","geometry":{"type":"Point","coordinates":[39.233412,21.494596]},"properties":{"description":"ارشادية استدلالية","branch":"سليملنية","sign_id":"NET_ROAD_SIGNS-001010"}},{"type":"Feature","id":"NET_ROAD_SIGNS-001011","geometry":{"type":"Point","coordinates":[39.233401,21.489501]},"properties":{"description":"ارشادية استدلالية","branch":"سليملنية","sign_id":"NET_ROAD_SIGNS-001011"}},{"type":"Feature","id":"NET_ROAD_SIGNS-001012","geometry":{"type":"Point","coordinates":[39.232247,21.491357]},"properties":{"description":"ارشادية استدلالية","branch":"سليملنية","sign_id":"NET_ROAD_SIGNS-001012"}},{"type":"Feature","id":"NET_ROAD_SIGNS-001013","geometry":{"type":"Point","coordinates":[39.232376,21.492347]},"properties":{"description":"ارشادية استدلالية","branch":"سليملنية","sign_id":"NET_ROAD_SIGNS-001013"}},{"type":"Feature","id":"NET_ROAD_SIGNS-001014","geometry":{"type":"Point","coordinates":[39.232389,21.492375]},"properties":{"description":"ارشادية استدلالية","branch":"سليملنية","sign_id":"NET_ROAD_SIGNS-001014"}},{"type":"Feature","id":"NET_ROAD_SIGNS-001015","geometry":{"type":"Point","coordinates":[39.232907,21.494803]},"properties":{"description":"ارشادية استدلالية","branch":"سليملنية","sign_id":"NET_ROAD_SIGNS-001015"}},{"type":"Feature","id":"NET_ROAD_SIGNS-001016","geometry":{"type":"Point","coordinates":[39.232694,21.494677]},"properties":{"description":"ارشادية استدلالية","branch":"سليملنية","sign_id":"NET_ROAD_SIGNS-001016"}},{"type":"Feature","id":"NET_ROAD_SIGNS-001017","geometry":{"type":"Point","coordinates":[39.232485,21.494713]},"properties":{"description":"ارشادية استدلالية","branch":"سليملنية","sign_id":"NET_ROAD_SIGNS-001017"}},{"type":"Feature","id":"NET_ROAD_SIGNS-001018","geometry":{"type":"Point","coordinates":[39.232567,21.494873]},"properties":{"description":"ارشادية استدلالية","branch":"سليملنية","sign_id":"NET_ROAD_SIGNS-001018"}},{"type":"Feature","id":"NET_ROAD_SIGNS-001019","geometry":{"type":"Point","coordinates":[39.232613,21.495097]},"properties":{"description":"ارشادية استدلالية","branch":"سليملنية","sign_id":"NET_ROAD_SIGNS-001019"}},{"type":"Feature","id":"NET_ROAD_SIGNS-001020","geometry":{"type":"Point","coordinates":[39.23285,21.497012]},"properties":{"description":"ارشادية استدلالية","branch":"سليملنية","sign_id":"NET_ROAD_SIGNS-001020"}},{"type":"Feature","id":"NET_ROAD_SIGNS-001021","geometry":{"type":"Point","coordinates":[39.233084,21.497236]},"properties":{"description":"ارشادية استدلالية","branch":"سليملنية","sign_id":"NET_ROAD_SIGNS-001021"}},{"type":"Feature","id":"NET_ROAD_SIGNS-001022","geometry":{"type":"Point","coordinates":[39.233002,21.49753]},"properties":{"description":"ارشادية استدلالية","branch":"سليملنية","sign_id":"NET_ROAD_SIGNS-001022"}},{"type":"Feature","id":"NET_ROAD_SIGNS-001023","geometry":{"type":"Point","coordinates":[39.233272,21.498832]},"properties":{"description":"ارشادية استدلالية","branch":"سليملنية","sign_id":"NET_ROAD_SIGNS-001023"}},{"type":"Feature","id":"NET_ROAD_SIGNS-001024","geometry":{"type":"Point","coordinates":[39.239493,21.495123]},"properties":{"description":"ارشادية استدلالية","branch":"سليملنية","sign_id":"NET_ROAD_SIGNS-001024"}},{"type":"Feature","id":"NET_ROAD_SIGNS-001025","geometry":{"type":"Point","coordinates":[39.239819,21.493715]},"properties":{"description":"ارشادية استدلالية","branch":"سليملنية","sign_id":"NET_ROAD_SIGNS-001025"}},{"type":"Feature","id":"NET_ROAD_SIGNS-001026","geometry":{"type":"Point","coordinates":[39.239509,21.493519]},"properties":{"description":"ارشادية استدلالية","branch":"سليملنية","sign_id":"NET_ROAD_SIGNS-001026"}},{"type":"Feature","id":"NET_ROAD_SIGNS-001027","geometry":{"type":"Point","coordinates":[39.239453,21.493219]},"properties":{"description":"ارشادية استدلالية","branch":"سليملنية","sign_id":"NET_ROAD_SIGNS-001027"}},{"type":"Feature","id":"NET_ROAD_SIGNS-001028","geometry":{"type":"Point","coordinates":[39.243129,21.491601]},"properties":{"description":"ارشادية استدلالية","branch":"سليملنية","sign_id":"NET_ROAD_SIGNS-001028"}},{"type":"Feature","id":"NET_ROAD_SIGNS-001029","geometry":{"type":"Point","coordinates":[39.242644,21.491644]},"properties":{"description":"ارشادية استدلالية","branch":"سليملنية","sign_id":"NET_ROAD_SIGNS-001029"}},{"type":"Feature","id":"NET_ROAD_SIGNS-001030","geometry":{"type":"Point","coordinates":[39.241644,21.490943]},"properties":{"description":"ارشادية استدلالية","branch":"سليملنية","sign_id":"NET_ROAD_SIGNS-001030"}},{"type":"Feature","id":"NET_ROAD_SIGNS-001031","geometry":{"type":"Point","coordinates":[39.241857,21.491718]},"properties":{"description":"ارشادية استدلالية","branch":"سليملنية","sign_id":"NET_ROAD_SIGNS-001031"}},{"type":"Feature","id":"NET_ROAD_SIGNS-001032","geometry":{"type":"Point","coordinates":[39.240859,21.491808]},"properties":{"description":"ارشادية استدلالية","branch":"سليملنية","sign_id":"NET_ROAD_SIGNS-001032"}},{"type":"Feature","id":"NET_ROAD_SIGNS-001033","geometry":{"type":"Point","coordinates":[39.239484,21.492129]},"properties":{"description":"ارشادية استدلالية","branch":"سليملنية","sign_id":"NET_ROAD_SIGNS-001033"}},{"type":"Feature","id":"NET_ROAD_SIGNS-001034","geometry":{"type":"Point","coordinates":[39.239509,21.492015]},"properties":{"description":"ارشادية استدلالية","branch":"سليملنية","sign_id":"NET_ROAD_SIGNS-001034"}},{"type":"Feature","id":"NET_ROAD_SIGNS-001035","geometry":{"type":"Point","coordinates":[39.239473,21.492003]},"properties":{"description":"ارشادية استدلالية","branch":"سليملنية","sign_id":"NET_ROAD_SIGNS-001035"}},{"type":"Feature","id":"NET_ROAD_SIGNS-001036","geometry":{"type":"Point","coordinates":[39.239454,21.492007]},"properties":{"description":"ارشادية استدلالية","branch":"سليملنية","sign_id":"NET_ROAD_SIGNS-001036"}},{"type":"Feature","id":"NET_ROAD_SIGNS-001037","geometry":{"type":"Point","coordinates":[39.239426,21.491626]},"properties":{"description":"ارشادية استدلالية","branch":"سليملنية","sign_id":"NET_ROAD_SIGNS-001037"}},{"type":"Feature","id":"NET_ROAD_SIGNS-001038","geometry":{"type":"Point","coordinates":[39.239272,21.490799]},"properties":{"description":"ارشادية استدلالية","branch":"سليملنية","sign_id":"NET_ROAD_SIGNS-001038"}},{"type":"Feature","id":"NET_ROAD_SIGNS-001039","geometry":{"type":"Point","coordinates":[39.239279,21.49111]},"properties":{"description":"ارشادية استدلالية","branch":"سليملنية","sign_id":"NET_ROAD_SIGNS-001039"}},{"type":"Feature","id":"NET_ROAD_SIGNS-001040","geometry":{"type":"Point","coordinates":[39.239268,21.491172]},"properties":{"description":"ارشادية استدلالية","branch":"سليملنية","sign_id":"NET_ROAD_SIGNS-001040"}},{"type":"Feature","id":"NET_ROAD_SIGNS-001041","geometry":{"type":"Point","coordinates":[39.239147,21.491243]},"properties":{"description":"ارشادية استدلالية","branch":"سليملنية","sign_id":"NET_ROAD_SIGNS-001041"}},{"type":"Feature","id":"NET_ROAD_SIGNS-001042","geometry":{"type":"Point","coordinates":[39.2391,21.492976]},"properties":{"description":"ارشادية استدلالية","branch":"سليملنية","sign_id":"NET_ROAD_SIGNS-001042"}},{"type":"Feature","id":"NET_ROAD_SIGNS-001043","geometry":{"type":"Point","coordinates":[39.239121,21.492975]},"properties":{"description":"ارشادية استدلالية","branch":"سليملنية","sign_id":"NET_ROAD_SIGNS-001043"}},{"type":"Feature","id":"NET_ROAD_SIGNS-001044","geometry":{"type":"Point","coordinates":[39.239345,21.494448]},"properties":{"description":"ارشادية استدلالية","branch":"سليملنية","sign_id":"NET_ROAD_SIGNS-001044"}},{"type":"Feature","id":"NET_ROAD_SIGNS-001045","geometry":{"type":"Point","coordinates":[39.239343,21.494567]},"properties":{"description":"ارشادية استدلالية","branch":"سليملنية","sign_id":"NET_ROAD_SIGNS-001045"}},{"type":"Feature","id":"NET_ROAD_SIGNS-001046","geometry":{"type":"Point","coordinates":[39.239176,21.49458]},"properties":{"description":"ارشادية استدلالية","branch":"سليملنية","sign_id":"NET_ROAD_SIGNS-001046"}},{"type":"Feature","id":"NET_ROAD_SIGNS-001047","geometry":{"type":"Point","coordinates":[39.239354,21.49538]},"properties":{"description":"ارشادية استدلالية","branch":"سليملنية","sign_id":"NET_ROAD_SIGNS-001047"}},{"type":"Feature","id":"NET_ROAD_SIGNS-001048","geometry":{"type":"Point","coordinates":[39.23902,21.498126]},"properties":{"description":"ارشادية استدلالية","branch":"سليملنية","sign_id":"NET_ROAD_SIGNS-001048"}},{"type":"Feature","id":"NET_ROAD_SIGNS-001049","geometry":{"type":"Point","coordinates":[39.239204,21.497927]},"properties":{"description":"ارشادية استدلالية","branch":"سليملنية","sign_id":"NET_ROAD_SIGNS-001049"}},{"type":"Feature","id":"NET_ROAD_SIGNS-001050","geometry":{"type":"Point","coordinates":[39.239577,21.497902]},"properties":{"description":"ارشادية استدلالية","branch":"سليملنية","sign_id":"NET_ROAD_SIGNS-001050"}},{"type":"Feature","id":"NET_ROAD_SIGNS-001051","geometry":{"type":"Point","coordinates":[39.265113,21.494479]},"properties":{"description":"ارشادية استدلالية","branch":"سليملنية","sign_id":"NET_ROAD_SIGNS-001051"}},{"type":"Feature","id":"NET_ROAD_SIGNS-001052","geometry":{"type":"Point","coordinates":[39.264909,21.494643]},"properties":{"description":"ارشادية استدلالية","branch":"سليملنية","sign_id":"NET_ROAD_SIGNS-001052"}},{"type":"Feature","id":"NET_ROAD_SIGNS-001053","geometry":{"type":"Point","coordinates":[39.263865,21.491419]},"properties":{"description":"ارشادية استدلالية","branch":"سليملنية","sign_id":"NET_ROAD_SIGNS-001053"}},{"type":"Feature","id":"NET_ROAD_SIGNS-001054","geometry":{"type":"Point","coordinates":[39.262867,21.488248]},"properties":{"description":"ارشادية استدلالية","branch":"سليملنية","sign_id":"NET_ROAD_SIGNS-001054"}},{"type":"Feature","id":"NET_ROAD_SIGNS-001055","geometry":{"type":"Point","coordinates":[39.264085,21.496032]},"properties":{"description":"ارشادية استدلالية","branch":"سليملنية","sign_id":"NET_ROAD_SIGNS-001055"}},{"type":"Feature","id":"NET_ROAD_SIGNS-001056","geometry":{"type":"Point","coordinates":[39.264039,21.496124]},"properties":{"description":"ارشادية استدلالية","branch":"سليملنية","sign_id":"NET_ROAD_SIGNS-001056"}},{"type":"Feature","id":"NET_ROAD_SIGNS-001057","geometry":{"type":"Point","coordinates":[39.233271,21.499493]},"properties":{"description":"ارشادية استدلالية","branch":"سليملنية","sign_id":"NET_ROAD_SIGNS-001057"}},{"type":"Feature","id":"NET_ROAD_SIGNS-001058","geometry":{"type":"Point","coordinates":[39.233417,21.499694]},"properties":{"description":"ارشادية استدلالية","branch":"سليملنية","sign_id":"NET_ROAD_SIGNS-001058"}},{"type":"Feature","id":"NET_ROAD_SIGNS-001059","geometry":{"type":"Point","coordinates":[39.233416,21.499707]},"properties":{"description":"ارشادية استدلالية","branch":"سليملنية","sign_id":"NET_ROAD_SIGNS-001059"}},{"type":"Feature","id":"NET_ROAD_SIGNS-001060","geometry":{"type":"Point","coordinates":[39.239424,21.498637]},"properties":{"description":"ارشادية استدلالية","branch":"سليملنية","sign_id":"NET_ROAD_SIGNS-001060"}},{"type":"Feature","id":"NET_ROAD_SIGNS-001061","geometry":{"type":"Point","coordinates":[39.239282,21.498749]},"properties":{"description":"ارشادية استدلالية","branch":"سليملنية","sign_id":"NET_ROAD_SIGNS-001061"}},{"type":"Feature","id":"NET_ROAD_SIGNS-001062","geometry":{"type":"Point","coordinates":[39.239291,21.498989]},"properties":{"description":"ارشادية استدلالية","branch":"سليملنية","sign_id":"NET_ROAD_SIGNS-001062"}},{"type":"Feature","id":"NET_ROAD_SIGNS-001063","geometry":{"type":"Point","coordinates":[39.247318,21.500416]},"properties":{"description":"ارشادية استدلالية","branch":"سليملنية","sign_id":"NET_ROAD_SIGNS-001063"}},{"type":"Feature","id":"NET_ROAD_SIGNS-001064","geometry":{"type":"Point","coordinates":[39.247264,21.501032]},"properties":{"description":"ارشادية استدلالية","branch":"سليملنية","sign_id":"NET_ROAD_SIGNS-001064"}},{"type":"Feature","id":"NET_ROAD_SIGNS-001065","geometry":{"type":"Point","coordinates":[39.248069,21.499882]},"properties":{"description":"ارشادية استدلالية","branch":"سليملنية","sign_id":"NET_ROAD_SIGNS-001065"}},{"type":"Feature","id":"NET_ROAD_SIGNS-001066","geometry":{"type":"Point","coordinates":[39.247995,21.500019]},"properties":{"description":"ارشادية استدلالية","branch":"سليملنية","sign_id":"NET_ROAD_SIGNS-001066"}},{"type":"Feature","id":"NET_ROAD_SIGNS-001067","geometry":{"type":"Point","coordinates":[39.249417,21.49998]},"properties":{"description":"ارشادية استدلالية","branch":"سليملنية","sign_id":"NET_ROAD_SIGNS-001067"}},{"type":"Feature","id":"NET_ROAD_SIGNS-001068","geometry":{"type":"Point","coordinates":[39.253215,21.500626]},"properties":{"description":"ارشادية استدلالية","branch":"سليملنية","sign_id":"NET_ROAD_SIGNS-001068"}},{"type":"Feature","id":"NET_ROAD_SIGNS-001069","geometry":{"type":"Point","coordinates":[39.253748,21.500455]},"properties":{"description":"ارشادية استدلالية","branch":"سليملنية","sign_id":"NET_ROAD_SIGNS-001069"}},{"type":"Feature","id":"NET_ROAD_SIGNS-001070","geometry":{"type":"Point","coordinates":[39.254315,21.500423]},"properties":{"description":"ارشادية استدلالية","branch":"سليملنية","sign_id":"NET_ROAD_SIGNS-001070"}},{"type":"Feature","id":"NET_ROAD_SIGNS-001071","geometry":{"type":"Point","coordinates":[39.258155,21.500708]},"properties":{"description":"ارشادية استدلالية","branch":"سليملنية","sign_id":"NET_ROAD_SIGNS-001071"}},{"type":"Feature","id":"NET_ROAD_SIGNS-001072","geometry":{"type":"Point","coordinates":[39.258133,21.500609]},"properties":{"description":"ارشادية استدلالية","branch":"سليملنية","sign_id":"NET_ROAD_SIGNS-001072"}},{"type":"Feature","id":"NET_ROAD_SIGNS-001073","geometry":{"type":"Point","coordinates":[39.260343,21.500854]},"properties":{"description":"ارشادية استدلالية","branch":"سليملنية","sign_id":"NET_ROAD_SIGNS-001073"}},{"type":"Feature","id":"NET_ROAD_SIGNS-001074","geometry":{"type":"Point","coordinates":[39.260448,21.500744]},"properties":{"description":"ارشادية استدلالية","branch":"سليملنية","sign_id":"NET_ROAD_SIGNS-001074"}},{"type":"Feature","id":"NET_ROAD_SIGNS-001075","geometry":{"type":"Point","coordinates":[39.257532,21.500557]},"properties":{"description":"ارشادية استدلالية","branch":"سليملنية","sign_id":"NET_ROAD_SIGNS-001075"}},{"type":"Feature","id":"NET_ROAD_SIGNS-001076","geometry":{"type":"Point","coordinates":[39.253958,21.500299]},"properties":{"description":"ارشادية استدلالية","branch":"سليملنية","sign_id":"NET_ROAD_SIGNS-001076"}},{"type":"Feature","id":"NET_ROAD_SIGNS-001077","geometry":{"type":"Point","coordinates":[39.253843,21.500295]},"properties":{"description":"ارشادية استدلالية","branch":"سليملنية","sign_id":"NET_ROAD_SIGNS-001077"}},{"type":"Feature","id":"NET_ROAD_SIGNS-001078","geometry":{"type":"Point","coordinates":[39.252887,21.500051]},"properties":{"description":"ارشادية استدلالية","branch":"سليملنية","sign_id":"NET_ROAD_SIGNS-001078"}},{"type":"Feature","id":"NET_ROAD_SIGNS-001079","geometry":{"type":"Point","coordinates":[39.252551,21.500103]},"properties":{"description":"ارشادية استدلالية","branch":"سليملنية","sign_id":"NET_ROAD_SIGNS-001079"}},{"type":"Feature","id":"NET_ROAD_SIGNS-001080","geometry":{"type":"Point","coordinates":[39.247117,21.499564]},"properties":{"description":"ارشادية استدلالية","branch":"سليملنية","sign_id":"NET_ROAD_SIGNS-001080"}},{"type":"Feature","id":"NET_ROAD_SIGNS-001081","geometry":{"type":"Point","coordinates":[39.243603,21.498519]},"properties":{"description":"ارشادية استدلالية","branch":"سليملنية","sign_id":"NET_ROAD_SIGNS-001081"}},{"type":"Feature","id":"NET_ROAD_SIGNS-001082","geometry":{"type":"Point","coordinates":[39.237771,21.498343]},"properties":{"description":"ارشادية استدلالية","branch":"سليملنية","sign_id":"NET_ROAD_SIGNS-001082"}},{"type":"Feature","id":"NET_ROAD_SIGNS-001083","geometry":{"type":"Point","coordinates":[39.237617,21.498293]},"properties":{"description":"ارشادية استدلالية","branch":"سليملنية","sign_id":"NET_ROAD_SIGNS-001083"}},{"type":"Feature","id":"NET_ROAD_SIGNS-001084","geometry":{"type":"Point","coordinates":[39.237573,21.498304]},"properties":{"description":"ارشادية استدلالية","branch":"سليملنية","sign_id":"NET_ROAD_SIGNS-001084"}},{"type":"Feature","id":"NET_ROAD_SIGNS-001085","geometry":{"type":"Point","coordinates":[39.237019,21.498413]},"properties":{"description":"ارشادية استدلالية","branch":"سليملنية","sign_id":"NET_ROAD_SIGNS-001085"}},{"type":"Feature","id":"NET_ROAD_SIGNS-001086","geometry":{"type":"Point","coordinates":[39.237013,21.498369]},"properties":{"description":"ارشادية استدلالية","branch":"سليملنية","sign_id":"NET_ROAD_SIGNS-001086"}},{"type":"Feature","id":"NET_ROAD_SIGNS-001087","geometry":{"type":"Point","coordinates":[39.236847,21.498433]},"properties":{"description":"ارشادية استدلالية","branch":"سليملنية","sign_id":"NET_ROAD_SIGNS-001087"}},{"type":"Feature","id":"NET_ROAD_SIGNS-001088","geometry":{"type":"Point","coordinates":[39.236838,21.498391]},"properties":{"description":"ارشادية استدلالية","branch":"سليملنية","sign_id":"NET_ROAD_SIGNS-001088"}},{"type":"Feature","id":"NET_ROAD_SIGNS-001089","geometry":{"type":"Point","coordinates":[39.234891,21.498694]},"properties":{"description":"ارشادية استدلالية","branch":"سليملنية","sign_id":"NET_ROAD_SIGNS-001089"}},{"type":"Feature","id":"NET_ROAD_SIGNS-001090","geometry":{"type":"Point","coordinates":[39.234831,21.498641]},"properties":{"description":"ارشادية استدلالية","branch":"سليملنية","sign_id":"NET_ROAD_SIGNS-001090"}},{"type":"Feature","id":"NET_ROAD_SIGNS-001091","geometry":{"type":"Point","coordinates":[39.234828,21.498627]},"properties":{"description":"ارشادية استدلالية","branch":"سليملنية","sign_id":"NET_ROAD_SIGNS-001091"}},{"type":"Feature","id":"NET_ROAD_SIGNS-001092","geometry":{"type":"Point","coordinates":[39.234785,21.49862]},"properties":{"description":"ارشادية استدلالية","branch":"سليملنية","sign_id":"NET_ROAD_SIGNS-001092"}},{"type":"Feature","id":"NET_ROAD_SIGNS-001093","geometry":{"type":"Point","coordinates":[39.234415,21.498715]},"properties":{"description":"ارشادية استدلالية","branch":"سليملنية","sign_id":"NET_ROAD_SIGNS-001093"}},{"type":"Feature","id":"NET_ROAD_SIGNS-001094","geometry":{"type":"Point","coordinates":[39.234206,21.49874]},"properties":{"description":"ارشادية استدلالية","branch":"سليملنية","sign_id":"NET_ROAD_SIGNS-001094"}},{"type":"Feature","id":"NET_ROAD_SIGNS-001095","geometry":{"type":"Point","coordinates":[39.233454,21.498816]},"properties":{"description":"ارشادية استدلالية","branch":"سليملنية","sign_id":"NET_ROAD_SIGNS-001095"}},{"type":"Feature","id":"NET_ROAD_SIGNS-001096","geometry":{"type":"Point","coordinates":[39.233137,21.499021]},"properties":{"description":"ارشادية استدلالية","branch":"سليملنية","sign_id":"NET_ROAD_SIGNS-001096"}},{"type":"Feature","id":"NET_ROAD_SIGNS-001097","geometry":{"type":"Point","coordinates":[39.233355,21.499159]},"properties":{"description":"ارشادية استدلالية","branch":"سليملنية","sign_id":"NET_ROAD_SIGNS-001097"}},{"type":"Feature","id":"NET_ROAD_SIGNS-001098","geometry":{"type":"Point","coordinates":[39.233521,21.498959]},"properties":{"description":"ارشادية استدلالية","branch":"سليملنية","sign_id":"NET_ROAD_SIGNS-001098"}},{"type":"Feature","id":"NET_ROAD_SIGNS-001099","geometry":{"type":"Point","coordinates":[39.233753,21.499048]},"properties":{"description":"ارشادية استدلالية","branch":"سليملنية","sign_id":"NET_ROAD_SIGNS-001099"}},{"type":"Feature","id":"NET_ROAD_SIGNS-001100","geometry":{"type":"Point","coordinates":[39.234917,21.498915]},"properties":{"description":"ارشادية استدلالية","branch":"سليملنية","sign_id":"NET_ROAD_SIGNS-001100"}},{"type":"Feature","id":"NET_ROAD_SIGNS-001101","geometry":{"type":"Point","coordinates":[39.237603,21.49858]},"properties":{"description":"ارشادية استدلالية","branch":"سليملنية","sign_id":"NET_ROAD_SIGNS-001101"}},{"type":"Feature","id":"NET_ROAD_SIGNS-001102","geometry":{"type":"Point","coordinates":[39.237968,21.498538]},"properties":{"description":"ارشادية استدلالية","branch":"سليملنية","sign_id":"NET_ROAD_SIGNS-001102"}},{"type":"Feature","id":"NET_ROAD_SIGNS-001103","geometry":{"type":"Point","coordinates":[39.238928,21.498303]},"properties":{"description":"ارشادية استدلالية","branch":"سليملنية","sign_id":"NET_ROAD_SIGNS-001103"}},{"type":"Feature","id":"NET_ROAD_SIGNS-001104","geometry":{"type":"Point","coordinates":[39.23923,21.498562]},"properties":{"description":"ارشادية استدلالية","branch":"سليملنية","sign_id":"NET_ROAD_SIGNS-001104"}},{"type":"Feature","id":"NET_ROAD_SIGNS-001105","geometry":{"type":"Point","coordinates":[39.239829,21.498345]},"properties":{"description":"ارشادية استدلالية","branch":"سليملنية","sign_id":"NET_ROAD_SIGNS-001105"}},{"type":"Feature","id":"NET_ROAD_SIGNS-001106","geometry":{"type":"Point","coordinates":[39.243329,21.498784]},"properties":{"description":"ارشادية استدلالية","branch":"سليملنية","sign_id":"NET_ROAD_SIGNS-001106"}},{"type":"Feature","id":"NET_ROAD_SIGNS-001107","geometry":{"type":"Point","coordinates":[39.247013,21.499697]},"properties":{"description":"ارشادية استدلالية","branch":"سليملنية","sign_id":"NET_ROAD_SIGNS-001107"}},{"type":"Feature","id":"NET_ROAD_SIGNS-001108","geometry":{"type":"Point","coordinates":[39.247067,21.499789]},"properties":{"description":"ارشادية استدلالية","branch":"سليملنية","sign_id":"NET_ROAD_SIGNS-001108"}},{"type":"Feature","id":"NET_ROAD_SIGNS-001109","geometry":{"type":"Point","coordinates":[39.247273,21.500222]},"properties":{"description":"ارشادية استدلالية","branch":"سليملنية","sign_id":"NET_ROAD_SIGNS-001109"}}]}