{"type":"FeatureCollection","name":"utl_telecom_ducts","crs":{"type":"name","properties":{"name":"urn:ogc:def:crs:OGC:1.3:CRS84"}},"features":[{"type":"Feature","id":"UTL_TELECOM_DUCTS-000000","geometry":{"type":"MultiLineString","coordinates":[[[39.250983,21.500151],[39.250071,21.500085],[39.25006,21.500083]]]},"properties":{"duct_type":"Fiber Optic","status":"Planned","branch":"السليمانية","length_m":95.891,"duct_id":"UTL_TELECOM_DUCTS-000000"}},{"type":"Feature","id":"UTL_TELECOM_DUCTS-000001","geometry":{"type":"MultiLineString","coordinates":[[[39.251757,21.500207],[39.251757,21.500211],[39.251749,21.500316]]]},"properties":{"duct_type":"Fiber Optic","status":"Planned","branch":"السليمانية","length_m":12.077,"duct_id":"UTL_TELECOM_DUCTS-000001"}},{"type":"Feature","id":"UTL_TELECOM_DUCTS-000002","geometry":{"type":"MultiLineString","coordinates":[[[39.252714,21.50029],[39.252694,21.500285],[39.252675,21.500281],[39.252655,21.500276],[39.252635,21.500273],[39.252615,21.50027],[39.252594,21.500268],[39.252574,21.500266],[39.251767,21.500208],[39.251757,21.500207]]]},"properties":{"duct_type":"Fiber Optic","status":"Planned","branch":"السليمانية","length_m":99.665,"duct_id":"UTL_TELECOM_DUCTS-000002"}},{"type":"Feature","id":"UTL_TELECOM_DUCTS-000003","geometry":{"type":"MultiLineString","coordinates":[[[39.233168,21.499165],[39.233166,21.499152],[39.233042,21.498263],[39.233041,21.498261]]]},"properties":{"duct_type":"Fiber Optic","status":"Planned","branch":"السليمانية","length_m":101.003,"duct_id":"UTL_TELECOM_DUCTS-000003"}},{"type":"Feature","id":"UTL_TELECOM_DUCTS-000004","geometry":{"type":"MultiLineString","coordinates":[[[39.233168,21.499165],[39.233183,21.499164],[39.233837,21.499097],[39.233848,21.499096]]]},"properties":{"duct_type":"Fiber Optic","status":"Planned","branch":"السليمانية","length_m":70.911,"duct_id":"UTL_TELECOM_DUCTS-000004"}},{"type":"Feature","id":"UTL_TELECOM_DUCTS-000005","geometry":{"type":"MultiLineString","coordinates":[[[39.233168,21.499165],[39.23317,21.499179],[39.233282,21.499982],[39.233282,21.499985]]]},"properties":{"duct_type":"Fiber Optic","status":"Planned","branch":"السليمانية","length_m":91.506,"duct_id":"UTL_TELECOM_DUCTS-000005"}},{"type":"Feature","id":"UTL_TELECOM_DUCTS-000006","geometry":{"type":"MultiLineString","coordinates":[[[39.252672,21.488299],[39.252668,21.488287],[39.252665,21.488275],[39.252663,21.488262],[39.252661,21.48825],[39.25266,21.488237],[39.252659,21.488225],[39.252659,21.488212],[39.252659,21.488154],[39.252661,21.488096],[39.252664,21.488038],[39.252669,21.487979],[39.252675,21.487921],[39.252683,21.487863],[39.252691,21.487806],[39.252731,21.487588],[39.252735,21.487574]]]},"properties":{"duct_type":"Fiber Optic","status":"Planned","branch":"السليمانية","length_m":80.906,"duct_id":"UTL_TELECOM_DUCTS-000006"}},{"type":"Feature","id":"UTL_TELECOM_DUCTS-000007","geometry":{"type":"MultiLineString","coordinates":[[[39.241917,21.498305],[39.241897,21.4983],[39.241693,21.498242],[39.24169,21.498241],[39.241624,21.498224],[39.241558,21.498209],[39.241491,21.498195],[39.241423,21.498183],[39.241356,21.498172],[39.241288,21.498163],[39.241219,21.498155]]]},"properties":{"duct_type":"Fiber Optic","status":"Planned","branch":"السليمانية","length_m":74.307,"duct_id":"UTL_TELECOM_DUCTS-000007"}},{"type":"Feature","id":"UTL_TELECOM_DUCTS-000008","geometry":{"type":"MultiLineString","coordinates":[[[39.255572,21.500483],[39.25554,21.50048],[39.254085,21.500377],[39.25408,21.500376]]]},"properties":{"status":"Planned","branch":"السليمانية","length_m":154.986,"duct_id":"UTL_TELECOM_DUCTS-000008"}},{"type":"Feature","id":"UTL_TELECOM_DUCTS-000009","geometry":{"type":"MultiLineString","coordinates":[[[39.233799,21.499689],[39.233642,21.499707],[39.233643,21.499719],[39.233644,21.499727]]]},"properties":{"duct_type":"Fiber Optic","status":"Planned","branch":"السليمانية","length_m":18.637,"duct_id":"UTL_TELECOM_DUCTS-000009"}},{"type":"Feature","id":"UTL_TELECOM_DUCTS-000010","geometry":{"type":"MultiLineString","coordinates":[[[39.234025,21.49434],[39.234033,21.49434],[39.23512,21.494207],[39.235127,21.494206]]]},"properties":{"duct_type":"Fiber Optic","status":"Planned","branch":"السليمانية","length_m":115.116,"duct_id":"UTL_TELECOM_DUCTS-000010"}},{"type":"Feature","id":"UTL_TELECOM_DUCTS-000011","geometry":{"type":"MultiLineString","coordinates":[[[39.253455,21.491898],[39.253464,21.49191],[39.253607,21.492135],[39.253735,21.492368],[39.253849,21.492607],[39.253949,21.492852],[39.254033,21.493102],[39.254101,21.493356],[39.254154,21.493613],[39.25417,21.493713],[39.254184,21.493813],[39.254195,21.493913],[39.254204,21.494014],[39.25421,21.494115],[39.254215,21.494215],[39.254216,21.494316],[39.254216,21.494328]]]},"properties":{"status":"Planned","branch":"السليمانية","length_m":284.151,"duct_id":"UTL_TELECOM_DUCTS-000011"}},{"type":"Feature","id":"UTL_TELECOM_DUCTS-000012","geometry":{"type":"MultiLineString","coordinates":[[[39.25333,21.500578],[39.25333,21.500576],[39.253331,21.500573],[39.253474,21.499768],[39.253485,21.499708],[39.253486,21.4997]]]},"properties":{"duct_type":"Fiber Optic","status":"Planned","branch":"السليمانية","length_m":98.479,"duct_id":"UTL_TELECOM_DUCTS-000012"}},{"type":"Feature","id":"UTL_TELECOM_DUCTS-000013","geometry":{"type":"MultiLineString","coordinates":[[[39.247566,21.500286],[39.247564,21.500289],[39.247546,21.500331],[39.24753,21.500375],[39.247517,21.500419],[39.247508,21.500464],[39.247502,21.500509],[39.247498,21.500555],[39.247498,21.500601],[39.247499,21.500606],[39.247499,21.500609],[39.247499,21.500611],[39.247499,21.500614],[39.247499,21.500616],[39.247499,21.500619],[39.2475,21.500621],[39.2475,21.500624],[39.247499,21.500817]]]},"properties":{"duct_type":"Fiber Optic","status":"Planned","branch":"السليمانية","length_m":59.747,"duct_id":"UTL_TELECOM_DUCTS-000013"}},{"type":"Feature","id":"UTL_TELECOM_DUCTS-000014","geometry":{"type":"MultiLineString","coordinates":[[[39.247463,21.50128],[39.247461,21.50128],[39.247388,21.501281],[39.247382,21.501347],[39.247382,21.501348],[39.247382,21.501352]]]},"properties":{"duct_type":"Fiber Optic","status":"Planned","branch":"السليمانية","length_m":15.638,"duct_id":"UTL_TELECOM_DUCTS-000014"}},{"type":"Feature","id":"UTL_TELECOM_DUCTS-000015","geometry":{"type":"MultiLineString","coordinates":[[[39.247467,21.485424],[39.247465,21.485432],[39.247364,21.485923],[39.247364,21.485926]]]},"properties":{"duct_type":"Fiber Optic","status":"Planned","branch":"السليمانية","length_m":56.51,"duct_id":"UTL_TELECOM_DUCTS-000015"}},{"type":"Feature","id":"UTL_TELECOM_DUCTS-000016","geometry":{"type":"MultiLineString","coordinates":[[[39.244791,21.485412],[39.244791,21.485412],[39.244768,21.485365],[39.244766,21.485362]]]},"properties":{"duct_type":"Fiber Optic","status":"Planned","branch":"السليمانية","length_m":6.12,"duct_id":"UTL_TELECOM_DUCTS-000016"}},{"type":"Feature","id":"UTL_TELECOM_DUCTS-000017","geometry":{"type":"MultiLineString","coordinates":[[[39.243501,21.48521],[39.243504,21.485212],[39.243924,21.48528],[39.243927,21.48528]]]},"properties":{"duct_type":"Fiber Optic","status":"Planned","branch":"السليمانية","length_m":44.794,"duct_id":"UTL_TELECOM_DUCTS-000017"}},{"type":"Feature","id":"UTL_TELECOM_DUCTS-000018","geometry":{"type":"MultiLineString","coordinates":[[[39.232582,21.495167],[39.232585,21.495162],[39.232713,21.494668],[39.232765,21.494512],[39.232767,21.494506]]]},"properties":{"duct_type":"Fiber Optic","status":"Planned","branch":"السليمانية","length_m":75.639,"duct_id":"UTL_TELECOM_DUCTS-000018"}},{"type":"Feature","id":"UTL_TELECOM_DUCTS-000019","geometry":{"type":"MultiLineString","coordinates":[[[39.243117,21.487149],[39.243113,21.487149],[39.243067,21.487106],[39.243063,21.487102]]]},"properties":{"duct_type":"Fiber Optic","status":"Planned","branch":"السليمانية","length_m":7.617,"duct_id":"UTL_TELECOM_DUCTS-000019"}},{"type":"Feature","id":"UTL_TELECOM_DUCTS-000020","geometry":{"type":"MultiLineString","coordinates":[[[39.248103,21.490236],[39.248112,21.490238],[39.24896,21.49036],[39.248968,21.490362]]]},"properties":{"duct_type":"Fiber Optic","status":"Planned","branch":"السليمانية","length_m":90.67,"duct_id":"UTL_TELECOM_DUCTS-000020"}},{"type":"Feature","id":"UTL_TELECOM_DUCTS-000021","geometry":{"type":"MultiLineString","coordinates":[[[39.252881,21.489962],[39.25288,21.489957],[39.252848,21.48973],[39.252842,21.489679],[39.252839,21.489628],[39.252837,21.489577],[39.252838,21.489526],[39.252841,21.489475],[39.252846,21.489424],[39.252853,21.489373],[39.252853,21.489372],[39.252853,21.48937],[39.252854,21.489369],[39.252854,21.489367],[39.252854,21.489365],[39.252855,21.489364],[39.252855,21.489362],[39.252855,21.489359]]]},"properties":{"duct_type":"Fiber Optic","status":"Planned","branch":"السليمانية","length_m":67.05,"duct_id":"UTL_TELECOM_DUCTS-000021"}},{"type":"Feature","id":"UTL_TELECOM_DUCTS-000022","geometry":{"type":"MultiLineString","coordinates":[[[39.25064,21.487503],[39.25064,21.487494],[39.250639,21.487238],[39.250637,21.487228]]]},"properties":{"duct_type":"Fiber Optic","status":"Planned","branch":"السليمانية","length_m":30.376,"duct_id":"UTL_TELECOM_DUCTS-000022"}},{"type":"Feature","id":"UTL_TELECOM_DUCTS-000023","geometry":{"type":"MultiLineString","coordinates":[[[39.264808,21.490522],[39.26481,21.490528],[39.26495,21.490971],[39.264956,21.49099],[39.264964,21.491012],[39.264966,21.491017]]]},"properties":{"status":"Planned","branch":"السليمانية","length_m":57.155,"duct_id":"UTL_TELECOM_DUCTS-000023"}},{"type":"Feature","id":"UTL_TELECOM_DUCTS-000024","geometry":{"type":"MultiLineString","coordinates":[[[39.263036,21.489142],[39.263037,21.489145],[39.263148,21.489488],[39.263263,21.489846],[39.263265,21.48985]]]},"properties":{"duct_type":"Fiber Optic","status":"Planned","branch":"السليمانية","length_m":81.859,"duct_id":"UTL_TELECOM_DUCTS-000024"}},{"type":"Feature","id":"UTL_TELECOM_DUCTS-000025","geometry":{"type":"MultiLineString","coordinates":[[[39.23321,21.490027],[39.233203,21.49004],[39.232779,21.490832],[39.232777,21.490835]]]},"properties":{"duct_type":"Fiber Optic","status":"Planned","branch":"السليمانية","length_m":100.011,"duct_id":"UTL_TELECOM_DUCTS-000025"}},{"type":"Feature","id":"UTL_TELECOM_DUCTS-000026","geometry":{"type":"MultiLineString","coordinates":[[[39.249577,21.500162],[39.249579,21.500162],[39.25005,21.500085],[39.25006,21.500083]]]},"properties":{"duct_type":"Fiber Optic","status":"Planned","branch":"السليمانية","length_m":50.868,"duct_id":"UTL_TELECOM_DUCTS-000026"}},{"type":"Feature","id":"UTL_TELECOM_DUCTS-000027","geometry":{"type":"MultiLineString","coordinates":[[[39.249165,21.488272],[39.249164,21.488279],[39.249154,21.488323],[39.249152,21.488331]]]},"properties":{"duct_type":"Fiber Optic","status":"Planned","branch":"السليمانية","length_m":6.652,"duct_id":"UTL_TELECOM_DUCTS-000027"}},{"type":"Feature","id":"UTL_TELECOM_DUCTS-000028","geometry":{"type":"MultiLineString","coordinates":[[[39.245771,21.489844],[39.245772,21.489837],[39.245777,21.489805],[39.245853,21.489342],[39.245855,21.489333]]]},"properties":{"duct_type":"Fiber Optic","status":"Planned","branch":"السليمانية","length_m":57.25,"duct_id":"UTL_TELECOM_DUCTS-000028"}},{"type":"Feature","id":"UTL_TELECOM_DUCTS-000029","geometry":{"type":"MultiLineString","coordinates":[[[39.245479,21.489756],[39.245482,21.489748],[39.245551,21.489563],[39.245554,21.489555]]]},"properties":{"duct_type":"Fiber Optic","status":"Planned","branch":"السليمانية","length_m":23.553,"duct_id":"UTL_TELECOM_DUCTS-000029"}},{"type":"Feature","id":"UTL_TELECOM_DUCTS-000030","geometry":{"type":"MultiLineString","coordinates":[[[39.250863,21.488985],[39.250861,21.488985],[39.250847,21.488982]]]},"properties":{"duct_type":"Fiber Optic","status":"Planned","branch":"السليمانية","length_m":1.768,"duct_id":"UTL_TELECOM_DUCTS-000030"}},{"type":"Feature","id":"UTL_TELECOM_DUCTS-000031","geometry":{"type":"MultiLineString","coordinates":[[[39.251041,21.489013],[39.251032,21.489013],[39.251029,21.489012]]]},"properties":{"duct_type":"Fiber Optic","status":"Planned","branch":"السليمانية","length_m":1.207,"duct_id":"UTL_TELECOM_DUCTS-000031"}},{"type":"Feature","id":"UTL_TELECOM_DUCTS-000032","geometry":{"type":"MultiLineString","coordinates":[[[39.246629,21.485283],[39.24662,21.485281],[39.246032,21.485189],[39.246023,21.485188]]]},"properties":{"duct_type":"Fiber Optic","status":"Planned","branch":"السليمانية","length_m":63.616,"duct_id":"UTL_TELECOM_DUCTS-000032"}},{"type":"Feature","id":"UTL_TELECOM_DUCTS-000033","geometry":{"type":"MultiLineString","coordinates":[[[39.244368,21.485315],[39.244372,21.485316],[39.244648,21.485337],[39.244651,21.485337]]]},"properties":{"duct_type":"Fiber Optic","status":"Planned","branch":"السليمانية","length_m":29.409,"duct_id":"UTL_TELECOM_DUCTS-000033"}},{"type":"Feature","id":"UTL_TELECOM_DUCTS-000034","geometry":{"type":"MultiLineString","coordinates":[[[39.260765,21.48766],[39.260769,21.48766],[39.262541,21.487969],[39.262639,21.487986],[39.262764,21.488272],[39.262767,21.488278]]]},"properties":{"duct_type":"Fiber Optic","status":"Planned","branch":"السليمانية","length_m":232.323,"duct_id":"UTL_TELECOM_DUCTS-000034"}},{"type":"Feature","id":"UTL_TELECOM_DUCTS-000035","geometry":{"type":"MultiLineString","coordinates":[[[39.25897,21.487362],[39.258974,21.487363],[39.259919,21.487519],[39.259922,21.48752]]]},"properties":{"duct_type":"Fiber Optic","status":"Planned","branch":"السليمانية","length_m":100.154,"duct_id":"UTL_TELECOM_DUCTS-000035"}},{"type":"Feature","id":"UTL_TELECOM_DUCTS-000036","geometry":{"type":"MultiLineString","coordinates":[[[39.263353,21.489825],[39.263269,21.489849],[39.263265,21.48985]]]},"properties":{"duct_type":"Fiber Optic","status":"Planned","branch":"السليمانية","length_m":9.542,"duct_id":"UTL_TELECOM_DUCTS-000036"}},{"type":"Feature","id":"UTL_TELECOM_DUCTS-000037","geometry":{"type":"MultiLineString","coordinates":[[[39.234263,21.487834],[39.234252,21.48782],[39.23423,21.487793],[39.234193,21.487749],[39.234163,21.487715],[39.234096,21.48765],[39.234044,21.487616],[39.234012,21.487604]]]},"properties":{"status":"Planned","branch":"السليمانية","length_m":36.877,"duct_id":"UTL_TELECOM_DUCTS-000037"}},{"type":"Feature","id":"UTL_TELECOM_DUCTS-000038","geometry":{"type":"MultiLineString","coordinates":[[[39.234012,21.487604],[39.23404,21.487666],[39.234078,21.48776],[39.234094,21.487802],[39.234096,21.487804],[39.2341,21.487808]]]},"properties":{"status":"Planned","branch":"السليمانية","length_m":24.425,"duct_id":"UTL_TELECOM_DUCTS-000038"}},{"type":"Feature","id":"UTL_TELECOM_DUCTS-000039","geometry":{"type":"MultiLineString","coordinates":[[[39.2341,21.487808],[39.234103,21.487812],[39.234117,21.487825],[39.234136,21.487843],[39.234164,21.487869],[39.234174,21.487878],[39.234179,21.487881]]]},"properties":{"status":"Planned","branch":"السليمانية","length_m":11.512,"duct_id":"UTL_TELECOM_DUCTS-000039"}},{"type":"Feature","id":"UTL_TELECOM_DUCTS-000040","geometry":{"type":"MultiLineString","coordinates":[[[39.233639,21.487501],[39.233661,21.487504],[39.233688,21.487506],[39.233746,21.487496]]]},"properties":{"status":"Planned","branch":"السليمانية","length_m":11.224,"duct_id":"UTL_TELECOM_DUCTS-000040"}},{"type":"Feature","id":"UTL_TELECOM_DUCTS-000041","geometry":{"type":"MultiLineString","coordinates":[[[39.233848,21.487409],[39.23385,21.487416],[39.233811,21.487444],[39.233813,21.48747],[39.233815,21.487498]]]},"properties":{"status":"Planned","branch":"السليمانية","length_m":11.843,"duct_id":"UTL_TELECOM_DUCTS-000041"}},{"type":"Feature","id":"UTL_TELECOM_DUCTS-000042","geometry":{"type":"MultiLineString","coordinates":[[[39.249641,21.497491],[39.249589,21.497852],[39.249587,21.497864]]]},"properties":{"status":"Planned","branch":"السليمانية","length_m":41.573,"duct_id":"UTL_TELECOM_DUCTS-000042"}},{"type":"Feature","id":"UTL_TELECOM_DUCTS-000043","geometry":{"type":"MultiLineString","coordinates":[[[39.249587,21.497864],[39.250614,21.498029]]]},"properties":{"status":"Planned","branch":"السليمانية","length_m":107.993,"duct_id":"UTL_TELECOM_DUCTS-000043"}},{"type":"Feature","id":"UTL_TELECOM_DUCTS-000044","geometry":{"type":"MultiLineString","coordinates":[[[39.249487,21.500482],[39.249549,21.500441],[39.249576,21.500165],[39.249577,21.500162]]]},"properties":{"duct_type":"Fiber Optic","status":"Planned","branch":"السليمانية","length_m":38.805,"duct_id":"UTL_TELECOM_DUCTS-000044"}},{"type":"Feature","id":"UTL_TELECOM_DUCTS-000045","geometry":{"type":"MultiLineString","coordinates":[[[39.248284,21.488174],[39.248276,21.488172],[39.247164,21.487996],[39.246332,21.487864],[39.246323,21.487863]]]},"properties":{"duct_type":"Fiber Optic","status":"Planned","branch":"السليمانية","length_m":206.029,"duct_id":"UTL_TELECOM_DUCTS-000045"}},{"type":"Feature","id":"UTL_TELECOM_DUCTS-000046","geometry":{"type":"MultiLineString","coordinates":[[[39.233848,21.487409],[39.233847,21.487402],[39.233847,21.487398],[39.233846,21.487379],[39.233846,21.487369],[39.23388,21.487368],[39.233931,21.487364],[39.234059,21.487354],[39.234484,21.487319],[39.234629,21.487307],[39.234927,21.487282],[39.235013,21.487275],[39.235299,21.487248],[39.235453,21.487236],[39.235744,21.487211],[39.236434,21.487152],[39.237435,21.487064],[39.237981,21.487018],[39.238242,21.486995],[39.23853,21.486968],[39.23853,21.486968],[39.23853,21.486968],[39.23853,21.486968],[39.23853,21.486968],[39.23853,21.486968],[39.23853,21.486968],[39.23853,21.486968],[39.238531,21.486968],[39.238531,21.486968],[39.238531,21.486968],[39.238532,21.486968],[39.238532,21.486968],[39.238532,21.486968],[39.238533,21.486968],[39.238533,21.486968],[39.238533,21.486968],[39.238533,21.486969],[39.238534,21.486969],[39.238534,21.486969],[39.238534,21.486969],[39.238534,21.486969],[39.238534,21.48697],[39.238534,21.48697],[39.238535,21.48697],[39.238535,21.48697],[39.238535,21.486971],[39.238584,21.487127]]]},"properties":{"status":"Planned","branch":"السليمانية","length_m":510.3,"duct_id":"UTL_TELECOM_DUCTS-000046"}},{"type":"Feature","id":"UTL_TELECOM_DUCTS-000047","geometry":{"type":"MultiLineString","coordinates":[[[39.242269,21.498405],[39.24226,21.498402],[39.241917,21.498305]]]},"properties":{"duct_type":"Fiber Optic","status":"Planned","branch":"السليمانية","length_m":38.115,"duct_id":"UTL_TELECOM_DUCTS-000047"}},{"type":"Feature","id":"UTL_TELECOM_DUCTS-000048","geometry":{"type":"MultiLineString","coordinates":[[[39.265026,21.491395],[39.265021,21.491394],[39.264235,21.491332],[39.264228,21.491331]]]},"properties":{"duct_type":"Fiber Optic","status":"Planned","branch":"السليمانية","length_m":83.045,"duct_id":"UTL_TELECOM_DUCTS-000048"}},{"type":"Feature","id":"UTL_TELECOM_DUCTS-000049","geometry":{"type":"MultiLineString","coordinates":[[[39.250637,21.487228],[39.250637,21.487221],[39.250633,21.487086],[39.250633,21.487077]]]},"properties":{"duct_type":"Fiber Optic","status":"Planned","branch":"السليمانية","length_m":16.748,"duct_id":"UTL_TELECOM_DUCTS-000049"}},{"type":"Feature","id":"UTL_TELECOM_DUCTS-000050","geometry":{"type":"MultiLineString","coordinates":[[[39.250542,21.487778],[39.250543,21.487774],[39.250636,21.487237],[39.250637,21.487228]]]},"properties":{"duct_type":"Fiber Optic","status":"Planned","branch":"السليمانية","length_m":61.678,"duct_id":"UTL_TELECOM_DUCTS-000050"}},{"type":"Feature","id":"UTL_TELECOM_DUCTS-000051","geometry":{"type":"MultiLineString","coordinates":[[[39.264195,21.49123],[39.264197,21.491235],[39.264226,21.491326],[39.264228,21.491331]]]},"properties":{"duct_type":"Fiber Optic","status":"Planned","branch":"السليمانية","length_m":11.691,"duct_id":"UTL_TELECOM_DUCTS-000051"}},{"type":"Feature","id":"UTL_TELECOM_DUCTS-000052","geometry":{"type":"MultiLineString","coordinates":[[[39.263291,21.48995],[39.263328,21.489951],[39.263387,21.489965],[39.263402,21.489973],[39.263418,21.489982],[39.263432,21.489991],[39.263446,21.490002],[39.263459,21.490013],[39.263471,21.490025],[39.263483,21.490037],[39.263577,21.490365],[39.263861,21.491201],[39.263877,21.491226],[39.263999,21.491232],[39.264003,21.491232],[39.264005,21.491232]]]},"properties":{"status":"Planned","branch":"السليمانية","length_m":174.211,"duct_id":"UTL_TELECOM_DUCTS-000052"}},{"type":"Feature","id":"UTL_TELECOM_DUCTS-000053","geometry":{"type":"MultiLineString","coordinates":[[[39.252601,21.48688],[39.252834,21.486898],[39.252977,21.486909],[39.252982,21.486909],[39.252983,21.486909]]]},"properties":{"duct_type":"Fiber Optic","status":"Planned","branch":"السليمانية","length_m":39.659,"duct_id":"UTL_TELECOM_DUCTS-000053"}},{"type":"Feature","id":"UTL_TELECOM_DUCTS-000054","geometry":{"type":"MultiLineString","coordinates":[[[39.257898,21.500237],[39.257896,21.500341],[39.257895,21.500361],[39.257893,21.500381],[39.257889,21.500401],[39.257883,21.500421],[39.257876,21.500441],[39.257868,21.50046],[39.257858,21.500478],[39.257847,21.500495],[39.257835,21.500512],[39.257821,21.500528],[39.257806,21.500543],[39.25779,21.500557],[39.257773,21.50057],[39.257755,21.500582],[39.257737,21.500593],[39.257717,21.500602],[39.257697,21.50061],[39.257677,21.500617],[39.257656,21.500622],[39.257653,21.500623]]]},"properties":{"status":"Planned","branch":"السليمانية","length_m":54.824,"duct_id":"UTL_TELECOM_DUCTS-000054"}},{"type":"Feature","id":"UTL_TELECOM_DUCTS-000055","geometry":{"type":"MultiLineString","coordinates":[[[39.26042,21.501073],[39.260419,21.501075],[39.260418,21.501076],[39.260416,21.501077],[39.260415,21.501078],[39.260413,21.50108],[39.260411,21.501081],[39.26041,21.501081],[39.260408,21.501082],[39.260406,21.501083],[39.260404,21.501083],[39.260402,21.501084],[39.2604,21.501084],[39.260398,21.501084],[39.260396,21.501084],[39.260394,21.501084],[39.260392,21.501084],[39.26039,21.501084],[39.260388,21.501083],[39.260387,21.501083],[39.260385,21.501082],[39.260383,21.501081],[39.260381,21.50108],[39.26038,21.501079],[39.260258,21.500996],[39.260147,21.50092],[39.260146,21.500919],[39.260127,21.500907],[39.260108,21.500897],[39.260088,21.500887],[39.260068,21.500879],[39.260047,21.500871],[39.260025,21.500865],[39.260003,21.50086],[39.259981,21.500857],[39.259959,21.500855],[39.258477,21.500748],[39.258317,21.500736],[39.257688,21.500691],[39.257686,21.50069],[39.257684,21.50069],[39.257682,21.50069],[39.25768,21.500689],[39.257678,21.500688],[39.257676,21.500687],[39.257675,21.500687],[39.257673,21.500686],[39.257671,21.500684],[39.25767,21.500683],[39.257668,21.500682],[39.257667,21.50068],[39.257666,21.500679],[39.257665,21.500677],[39.257664,21.500676],[39.257663,21.500674],[39.257662,21.500672],[39.257662,21.50067],[39.257661,21.500668],[39.257653,21.500626],[39.257653,21.500623]]]},"properties":{"status":"Planned","branch":"السليمانية","length_m":300.646,"duct_id":"UTL_TELECOM_DUCTS-000055"}},{"type":"Feature","id":"UTL_TELECOM_DUCTS-000056","geometry":{"type":"MultiLineString","coordinates":[[[39.25586,21.500281],[39.255842,21.500494],[39.255841,21.500505]]]},"properties":{"status":"Planned","branch":"السليمانية","length_m":24.854,"duct_id":"UTL_TELECOM_DUCTS-000056"}},{"type":"Feature","id":"UTL_TELECOM_DUCTS-000057","geometry":{"type":"MultiLineString","coordinates":[[[39.255841,21.500505],[39.255841,21.500509],[39.255834,21.500594]]]},"properties":{"status":"Planned","branch":"السليمانية","length_m":9.829,"duct_id":"UTL_TELECOM_DUCTS-000057"}},{"type":"Feature","id":"UTL_TELECOM_DUCTS-000058","geometry":{"type":"MultiLineString","coordinates":[[[39.256824,21.500573],[39.256791,21.500571],[39.255855,21.500506],[39.255841,21.500505]]]},"properties":{"status":"Planned","branch":"السليمانية","length_m":102.112,"duct_id":"UTL_TELECOM_DUCTS-000058"}},{"type":"Feature","id":"UTL_TELECOM_DUCTS-000059","geometry":{"type":"MultiLineString","coordinates":[[[39.253572,21.499242],[39.253716,21.498467],[39.253717,21.49846]]]},"properties":{"status":"Planned","branch":"السليمانية","length_m":87.913,"duct_id":"UTL_TELECOM_DUCTS-000059"}},{"type":"Feature","id":"UTL_TELECOM_DUCTS-000060","geometry":{"type":"MultiLineString","coordinates":[[[39.253909,21.497433],[39.253906,21.497445],[39.253861,21.497681],[39.253861,21.497685],[39.253861,21.497685],[39.253805,21.497983]]]},"properties":{"status":"Planned","branch":"السليمانية","length_m":61.772,"duct_id":"UTL_TELECOM_DUCTS-000060"}},{"type":"Feature","id":"UTL_TELECOM_DUCTS-000061","geometry":{"type":"MultiLineString","coordinates":[[[39.253993,21.497446],[39.253915,21.497434],[39.253909,21.497433]]]},"properties":{"status":"Planned","branch":"السليمانية","length_m":8.884,"duct_id":"UTL_TELECOM_DUCTS-000061"}},{"type":"Feature","id":"UTL_TELECOM_DUCTS-000062","geometry":{"type":"MultiLineString","coordinates":[[[39.253954,21.497181],[39.253956,21.497173],[39.254105,21.496368],[39.254142,21.496168],[39.254144,21.496155]]]},"properties":{"status":"Planned","branch":"السليمانية","length_m":115.218,"duct_id":"UTL_TELECOM_DUCTS-000062"}},{"type":"Feature","id":"UTL_TELECOM_DUCTS-000063","geometry":{"type":"MultiLineString","coordinates":[[[39.25386,21.495829],[39.253993,21.495852],[39.254189,21.495885],[39.254194,21.495886]]]},"properties":{"status":"Planned","branch":"السليمانية","length_m":35.214,"duct_id":"UTL_TELECOM_DUCTS-000063"}},{"type":"Feature","id":"UTL_TELECOM_DUCTS-000064","geometry":{"type":"MultiLineString","coordinates":[[[39.254144,21.496155],[39.254146,21.496145],[39.254192,21.495898],[39.254194,21.495886]]]},"properties":{"status":"Planned","branch":"السليمانية","length_m":30.286,"duct_id":"UTL_TELECOM_DUCTS-000064"}},{"type":"Feature","id":"UTL_TELECOM_DUCTS-000065","geometry":{"type":"MultiLineString","coordinates":[[[39.254394,21.494608],[39.254393,21.494621],[39.254389,21.494694],[39.254383,21.494767],[39.254376,21.49484],[39.254368,21.494913],[39.254358,21.494986],[39.254347,21.495058],[39.254334,21.495131],[39.254263,21.495517],[39.254261,21.495524]]]},"properties":{"status":"Planned","branch":"السليمانية","length_m":102.428,"duct_id":"UTL_TELECOM_DUCTS-000065"}},{"type":"Feature","id":"UTL_TELECOM_DUCTS-000066","geometry":{"type":"MultiLineString","coordinates":[[[39.252296,21.487625],[39.252481,21.487603],[39.252724,21.487575],[39.252735,21.487574]]]},"properties":{"duct_type":"Fiber Optic","status":"Planned","branch":"السليمانية","length_m":45.783,"duct_id":"UTL_TELECOM_DUCTS-000066"}},{"type":"Feature","id":"UTL_TELECOM_DUCTS-000067","geometry":{"type":"MultiLineString","coordinates":[[[39.25431,21.49359],[39.254311,21.493594],[39.254332,21.493736],[39.254352,21.493862],[39.254358,21.493902],[39.254363,21.493942],[39.254369,21.493982],[39.254373,21.494023],[39.254378,21.494063],[39.254382,21.494103],[39.254385,21.494144],[39.254385,21.494145],[39.25439,21.494209],[39.254393,21.494273],[39.254396,21.494337],[39.254397,21.494402],[39.254397,21.494466],[39.254396,21.494531],[39.254394,21.494595],[39.254394,21.494608]]]},"properties":{"status":"Planned","branch":"السليمانية","length_m":113.253,"duct_id":"UTL_TELECOM_DUCTS-000067"}},{"type":"Feature","id":"UTL_TELECOM_DUCTS-000068","geometry":{"type":"MultiLineString","coordinates":[[[39.253163,21.488743],[39.253199,21.488705],[39.253236,21.48867],[39.253275,21.488635],[39.253315,21.488602],[39.253357,21.488571],[39.2534,21.488541],[39.253444,21.488512]]]},"properties":{"duct_type":"Fiber Optic","status":"Planned","branch":"السليمانية","length_m":38.807,"duct_id":"UTL_TELECOM_DUCTS-000068"}},{"type":"Feature","id":"UTL_TELECOM_DUCTS-000069","geometry":{"type":"MultiLineString","coordinates":[[[39.252922,21.489126],[39.252939,21.489084],[39.252958,21.489043],[39.252978,21.489003],[39.253,21.488963],[39.253024,21.488925],[39.253048,21.488886],[39.253075,21.488849],[39.253076,21.488847]]]},"properties":{"duct_type":"Fiber Optic","status":"Planned","branch":"السليمانية","length_m":34.86,"duct_id":"UTL_TELECOM_DUCTS-000069"}},{"type":"Feature","id":"UTL_TELECOM_DUCTS-000070","geometry":{"type":"MultiLineString","coordinates":[[[39.252695,21.488938],[39.252692,21.488937],[39.252689,21.488937],[39.252686,21.488937],[39.252683,21.488937],[39.25268,21.488936],[39.252677,21.488936],[39.252674,21.488936],[39.252658,21.488935],[39.252643,21.488935],[39.252627,21.488934],[39.252611,21.488932],[39.252596,21.488931],[39.25258,21.488929],[39.252565,21.488927],[39.252469,21.488911],[39.25202,21.488836],[39.252001,21.488833],[39.25147,21.488744]]]},"properties":{"duct_type":"Fiber Optic","status":"Planned","branch":"السليمانية","length_m":128.782,"duct_id":"UTL_TELECOM_DUCTS-000070"}},{"type":"Feature","id":"UTL_TELECOM_DUCTS-000071","geometry":{"type":"MultiLineString","coordinates":[[[39.254022,21.492513],[39.254024,21.492515],[39.25403,21.492531],[39.254037,21.492548],[39.254044,21.492564],[39.254051,21.49258],[39.254057,21.492597],[39.254064,21.492613],[39.254071,21.492629],[39.254073,21.492634],[39.254075,21.492639],[39.254077,21.492645],[39.254079,21.49265],[39.254081,21.492655],[39.254083,21.49266],[39.254084,21.492665],[39.254085,21.492667],[39.254114,21.492744],[39.254141,21.492822],[39.254166,21.492901],[39.254189,21.49298],[39.25421,21.49306],[39.25423,21.49314],[39.254247,21.49322],[39.25425,21.493236]]]},"properties":{"duct_type":"Fiber Optic","status":"Planned","branch":"السليمانية","length_m":83.59,"duct_id":"UTL_TELECOM_DUCTS-000071"}},{"type":"Feature","id":"UTL_TELECOM_DUCTS-000072","geometry":{"type":"MultiLineString","coordinates":[[[39.253461,21.491537],[39.253462,21.491539],[39.253723,21.491958],[39.253728,21.491966],[39.253733,21.491974],[39.253738,21.491983],[39.253743,21.491991],[39.253748,21.492],[39.253753,21.492009],[39.253758,21.492017],[39.253759,21.49202]]]},"properties":{"duct_type":"Fiber Optic","status":"Planned","branch":"السليمانية","length_m":61.728,"duct_id":"UTL_TELECOM_DUCTS-000072"}},{"type":"Feature","id":"UTL_TELECOM_DUCTS-000073","geometry":{"type":"MultiLineString","coordinates":[[[39.253254,21.491712],[39.253301,21.491672],[39.253458,21.491539],[39.253461,21.491537]]]},"properties":{"duct_type":"Fiber Optic","status":"Planned","branch":"السليمانية","length_m":28.858,"duct_id":"UTL_TELECOM_DUCTS-000073"}},{"type":"Feature","id":"UTL_TELECOM_DUCTS-000074","geometry":{"type":"MultiLineString","coordinates":[[[39.253027,21.49072],[39.253026,21.490719],[39.253008,21.490666],[39.252992,21.490613],[39.252977,21.49056],[39.252964,21.490506],[39.252952,21.490452],[39.252943,21.490398],[39.252934,21.490343],[39.252881,21.489962]]]},"properties":{"duct_type":"Fiber Optic","status":"Planned","branch":"السليمانية","length_m":85.484,"duct_id":"UTL_TELECOM_DUCTS-000074"}},{"type":"Feature","id":"UTL_TELECOM_DUCTS-000075","geometry":{"type":"MultiLineString","coordinates":[[[39.253231,21.490694],[39.25303,21.49072],[39.253027,21.49072]]]},"properties":{"duct_type":"Fiber Optic","status":"Planned","branch":"السليمانية","length_m":21.304,"duct_id":"UTL_TELECOM_DUCTS-000075"}},{"type":"Feature","id":"UTL_TELECOM_DUCTS-000076","geometry":{"type":"MultiLineString","coordinates":[[[39.253052,21.4908],[39.253053,21.490803],[39.253054,21.490805],[39.253055,21.490808],[39.253056,21.490811],[39.253057,21.490814],[39.253058,21.490816],[39.253059,21.490819],[39.253064,21.49083],[39.253068,21.49084],[39.253072,21.490851],[39.253077,21.490862],[39.253081,21.490872],[39.253086,21.490883],[39.25309,21.490893],[39.253113,21.490943],[39.253137,21.490993],[39.253161,21.491042],[39.253187,21.491091],[39.253215,21.491139],[39.253243,21.491186],[39.253272,21.491233],[39.253459,21.491534],[39.253461,21.491537]]]},"properties":{"duct_type":"Fiber Optic","status":"Planned","branch":"السليمانية","length_m":92.035,"duct_id":"UTL_TELECOM_DUCTS-000076"}},{"type":"Feature","id":"UTL_TELECOM_DUCTS-000077","geometry":{"type":"MultiLineString","coordinates":[[[39.232582,21.495167],[39.232579,21.495167],[39.231967,21.495274],[39.231963,21.495274]]]},"properties":{"duct_type":"Fiber Optic","status":"Planned","branch":"السليمانية","length_m":65.21,"duct_id":"UTL_TELECOM_DUCTS-000077"}},{"type":"Feature","id":"UTL_TELECOM_DUCTS-000078","geometry":{"type":"MultiLineString","coordinates":[[[39.232582,21.495167],[39.232582,21.495171],[39.232728,21.4962],[39.232728,21.496202],[39.232729,21.496206]]]},"properties":{"duct_type":"Fiber Optic","status":"Planned","branch":"السليمانية","length_m":115.988,"duct_id":"UTL_TELECOM_DUCTS-000078"}},{"type":"Feature","id":"UTL_TELECOM_DUCTS-000079","geometry":{"type":"MultiLineString","coordinates":[[[39.231942,21.49508],[39.231946,21.495176],[39.231946,21.495178]]]},"properties":{"duct_type":"Fiber Optic","status":"Planned","branch":"السليمانية","length_m":10.813,"duct_id":"UTL_TELECOM_DUCTS-000079"}},{"type":"Feature","id":"UTL_TELECOM_DUCTS-000080","geometry":{"type":"MultiLineString","coordinates":[[[39.231946,21.495178],[39.231943,21.495178],[39.231649,21.495257]]]},"properties":{"duct_type":"Fiber Optic","status":"Planned","branch":"السليمانية","length_m":32.042,"duct_id":"UTL_TELECOM_DUCTS-000080"}},{"type":"Feature","id":"UTL_TELECOM_DUCTS-000081","geometry":{"type":"MultiLineString","coordinates":[[[39.231963,21.495274],[39.231962,21.495271],[39.231948,21.495182],[39.231946,21.495178]]]},"properties":{"duct_type":"Fiber Optic","status":"Planned","branch":"السليمانية","length_m":10.837,"duct_id":"UTL_TELECOM_DUCTS-000081"}},{"type":"Feature","id":"UTL_TELECOM_DUCTS-000082","geometry":{"type":"MultiLineString","coordinates":[[[39.232902,21.497256],[39.232901,21.497252],[39.232729,21.496212],[39.232729,21.49621],[39.232729,21.496206]]]},"properties":{"duct_type":"Fiber Optic","status":"Planned","branch":"السليمانية","length_m":117.608,"duct_id":"UTL_TELECOM_DUCTS-000082"}},{"type":"Feature","id":"UTL_TELECOM_DUCTS-000083","geometry":{"type":"MultiLineString","coordinates":[[[39.232902,21.497256],[39.232902,21.497259],[39.233041,21.498258],[39.233041,21.498261]]]},"properties":{"duct_type":"Fiber Optic","status":"Planned","branch":"السليمانية","length_m":112.142,"duct_id":"UTL_TELECOM_DUCTS-000083"}},{"type":"Feature","id":"UTL_TELECOM_DUCTS-000084","geometry":{"type":"MultiLineString","coordinates":[[[39.240144,21.498213],[39.240597,21.49816],[39.240597,21.49816],[39.240619,21.498158],[39.240641,21.498155],[39.240662,21.498153],[39.240684,21.498152],[39.240706,21.498151],[39.240728,21.49815],[39.24075,21.498149],[39.240757,21.498149]]]},"properties":{"duct_type":"Fiber Optic","status":"Planned","branch":"السليمانية","length_m":63.936,"duct_id":"UTL_TELECOM_DUCTS-000084"}},{"type":"Feature","id":"UTL_TELECOM_DUCTS-000085","geometry":{"type":"MultiLineString","coordinates":[[[39.233644,21.499727],[39.233645,21.499735],[39.233659,21.499871]]]},"properties":{"duct_type":"Fiber Optic","status":"Planned","branch":"السليمانية","length_m":16.061,"duct_id":"UTL_TELECOM_DUCTS-000085"}},{"type":"Feature","id":"UTL_TELECOM_DUCTS-000086","geometry":{"type":"MultiLineString","coordinates":[[[39.253486,21.4997],[39.253491,21.499741],[39.253498,21.499781],[39.253507,21.499821],[39.253519,21.49986],[39.253534,21.499898],[39.253551,21.499936],[39.253571,21.499972],[39.253593,21.500007],[39.253618,21.500041],[39.253644,21.500073],[39.253673,21.500104],[39.253702,21.500126],[39.253731,21.500149],[39.25376,21.50017],[39.25379,21.500192],[39.25382,21.500213],[39.25385,21.500234],[39.253881,21.500254]]]},"properties":{"status":"Planned","branch":"السليمانية","length_m":76.828,"duct_id":"UTL_TELECOM_DUCTS-000086"}},{"type":"Feature","id":"UTL_TELECOM_DUCTS-000087","geometry":{"type":"MultiLineString","coordinates":[[[39.23952,21.498716],[39.239505,21.498712],[39.239427,21.498665],[39.239346,21.498624],[39.239262,21.498587],[39.239175,21.498556],[39.239087,21.498531],[39.238997,21.498511],[39.238905,21.498497],[39.238813,21.498489],[39.23872,21.498488],[39.238628,21.498492],[39.238536,21.498502],[39.238532,21.498502]]]},"properties":{"duct_type":"Fiber Optic","status":"Planned","branch":"السليمانية","length_m":107.533,"duct_id":"UTL_TELECOM_DUCTS-000087"}},{"type":"Feature","id":"UTL_TELECOM_DUCTS-000088","geometry":{"type":"MultiLineString","coordinates":[[[39.238532,21.498502],[39.238529,21.498502],[39.237804,21.498592],[39.237798,21.498593]]]},"properties":{"duct_type":"Fiber Optic","status":"Planned","branch":"السليمانية","length_m":76.671,"duct_id":"UTL_TELECOM_DUCTS-000088"}},{"type":"Feature","id":"UTL_TELECOM_DUCTS-000089","geometry":{"type":"MultiLineString","coordinates":[[[39.237798,21.498593],[39.23779,21.498594],[39.236554,21.498746],[39.23655,21.498747]]]},"properties":{"duct_type":"Fiber Optic","status":"Planned","branch":"السليمانية","length_m":130.409,"duct_id":"UTL_TELECOM_DUCTS-000089"}},{"type":"Feature","id":"UTL_TELECOM_DUCTS-000090","geometry":{"type":"MultiLineString","coordinates":[[[39.23655,21.498747],[39.236551,21.49875],[39.236598,21.499082],[39.236599,21.499087]]]},"properties":{"duct_type":"Fiber Optic","status":"Planned","branch":"السليمانية","length_m":38.043,"duct_id":"UTL_TELECOM_DUCTS-000090"}},{"type":"Feature","id":"UTL_TELECOM_DUCTS-000091","geometry":{"type":"MultiLineString","coordinates":[[[39.243589,21.498778],[39.243588,21.498778],[39.243586,21.498777],[39.24228,21.498408],[39.242269,21.498405]]]},"properties":{"duct_type":"Fiber Optic","status":"Planned","branch":"السليمانية","length_m":142.807,"duct_id":"UTL_TELECOM_DUCTS-000091"}},{"type":"Feature","id":"UTL_TELECOM_DUCTS-000092","geometry":{"type":"MultiLineString","coordinates":[[[39.243789,21.498836],[39.244637,21.499087],[39.244639,21.499088]]]},"properties":{"duct_type":"Fiber Optic","status":"Planned","branch":"السليمانية","length_m":92.394,"duct_id":"UTL_TELECOM_DUCTS-000092"}},{"type":"Feature","id":"UTL_TELECOM_DUCTS-000093","geometry":{"type":"MultiLineString","coordinates":[[[39.23655,21.498747],[39.236547,21.498747],[39.235998,21.498791],[39.235443,21.498851],[39.23544,21.498851]]]},"properties":{"duct_type":"Fiber Optic","status":"Planned","branch":"السليمانية","length_m":115.608,"duct_id":"UTL_TELECOM_DUCTS-000093"}},{"type":"Feature","id":"UTL_TELECOM_DUCTS-000094","geometry":{"type":"MultiLineString","coordinates":[[[39.246395,21.499583],[39.246386,21.499581],[39.245687,21.499384],[39.244642,21.499089],[39.244641,21.499088],[39.244639,21.499088]]]},"properties":{"duct_type":"Fiber Optic","status":"Planned","branch":"السليمانية","length_m":189.964,"duct_id":"UTL_TELECOM_DUCTS-000094"}},{"type":"Feature","id":"UTL_TELECOM_DUCTS-000095","geometry":{"type":"MultiLineString","coordinates":[[[39.253486,21.4997],[39.25349,21.499701],[39.253621,21.499723]]]},"properties":{"status":"Planned","branch":"السليمانية","length_m":14.17,"duct_id":"UTL_TELECOM_DUCTS-000095"}},{"type":"Feature","id":"UTL_TELECOM_DUCTS-000096","geometry":{"type":"MultiLineString","coordinates":[[[39.248341,21.499961],[39.248332,21.499959],[39.247697,21.499913],[39.247585,21.499905],[39.247515,21.4999],[39.247356,21.499855],[39.247331,21.499848],[39.246906,21.499728]]]},"properties":{"duct_type":"Fiber Optic","status":"Planned","branch":"السليمانية","length_m":151.698,"duct_id":"UTL_TELECOM_DUCTS-000096"}},{"type":"Feature","id":"UTL_TELECOM_DUCTS-000097","geometry":{"type":"MultiLineString","coordinates":[[[39.25006,21.500083],[39.25005,21.500083],[39.249793,21.500065],[39.249736,21.500061],[39.249096,21.500014]]]},"properties":{"duct_type":"Fiber Optic","status":"Planned","branch":"السليمانية","length_m":100.149,"duct_id":"UTL_TELECOM_DUCTS-000097"}},{"type":"Feature","id":"UTL_TELECOM_DUCTS-000098","geometry":{"type":"MultiLineString","coordinates":[[[39.247921,21.500015],[39.247918,21.500016],[39.247915,21.500017],[39.247912,21.500019],[39.247909,21.50002],[39.247906,21.500021],[39.247903,21.500022],[39.2479,21.500024],[39.247856,21.500044],[39.247813,21.500066],[39.247773,21.500091],[39.247733,21.500118],[39.247696,21.500147],[39.247661,21.500179],[39.247627,21.500212],[39.247596,21.500247],[39.247568,21.500284],[39.247566,21.500286]]]},"properties":{"duct_type":"Fiber Optic","status":"Planned","branch":"السليمانية","length_m":48.116,"duct_id":"UTL_TELECOM_DUCTS-000098"}},{"type":"Feature","id":"UTL_TELECOM_DUCTS-000099","geometry":{"type":"MultiLineString","coordinates":[[[39.25381,21.498475],[39.253719,21.49846],[39.253717,21.49846]]]},"properties":{"status":"Planned","branch":"السليمانية","length_m":9.769,"duct_id":"UTL_TELECOM_DUCTS-000099"}},{"type":"Feature","id":"UTL_TELECOM_DUCTS-000100","geometry":{"type":"MultiLineString","coordinates":[[[39.254231,21.49617],[39.254151,21.496157],[39.254144,21.496155]]]},"properties":{"status":"Planned","branch":"السليمانية","length_m":9.114,"duct_id":"UTL_TELECOM_DUCTS-000100"}},{"type":"Feature","id":"UTL_TELECOM_DUCTS-000101","geometry":{"type":"MultiLineString","coordinates":[[[39.254492,21.494608],[39.254401,21.494608],[39.254394,21.494608]]]},"properties":{"status":"Planned","branch":"السليمانية","length_m":10.213,"duct_id":"UTL_TELECOM_DUCTS-000101"}},{"type":"Feature","id":"UTL_TELECOM_DUCTS-000102","geometry":{"type":"MultiLineString","coordinates":[[[39.254022,21.492513],[39.254021,21.49251],[39.254003,21.492469],[39.253984,21.492428],[39.253964,21.492388],[39.253944,21.492348],[39.253924,21.492308],[39.253903,21.492268],[39.253881,21.492228],[39.253865,21.492198],[39.253848,21.492169],[39.253831,21.492139],[39.253814,21.49211],[39.253796,21.49208],[39.253778,21.492051],[39.25376,21.492022],[39.253759,21.49202]]]},"properties":{"duct_type":"Fiber Optic","status":"Planned","branch":"السليمانية","length_m":61.049,"duct_id":"UTL_TELECOM_DUCTS-000102"}},{"type":"Feature","id":"UTL_TELECOM_DUCTS-000103","geometry":{"type":"MultiLineString","coordinates":[[[39.254142,21.492477],[39.254025,21.492512],[39.254022,21.492513]]]},"properties":{"duct_type":"Fiber Optic","status":"Planned","branch":"السليمانية","length_m":12.963,"duct_id":"UTL_TELECOM_DUCTS-000103"}},{"type":"Feature","id":"UTL_TELECOM_DUCTS-000104","geometry":{"type":"MultiLineString","coordinates":[[[39.265006,21.491693],[39.264973,21.492182]]]},"properties":{"duct_type":"Fiber Optic","status":"Planned","branch":"السليمانية","length_m":54.146,"duct_id":"UTL_TELECOM_DUCTS-000104"}},{"type":"Feature","id":"UTL_TELECOM_DUCTS-000105","geometry":{"type":"MultiLineString","coordinates":[[[39.264181,21.491181],[39.264181,21.491183],[39.264191,21.491214],[39.264191,21.491216]]]},"properties":{"duct_type":"Fiber Optic","status":"Planned","branch":"السليمانية","length_m":3.98,"duct_id":"UTL_TELECOM_DUCTS-000105"}},{"type":"Feature","id":"UTL_TELECOM_DUCTS-000106","geometry":{"type":"MultiLineString","coordinates":[[[39.265724,21.489996],[39.265721,21.489996],[39.265659,21.490014],[39.265498,21.49006],[39.265463,21.49007],[39.265436,21.490078],[39.265433,21.49008],[39.265432,21.490082],[39.265433,21.490085],[39.265499,21.490302],[39.265567,21.490517],[39.265647,21.490779],[39.265658,21.490818]]]},"properties":{"status":"Planned","branch":"السليمانية","length_m":116.522,"duct_id":"UTL_TELECOM_DUCTS-000106"}},{"type":"Feature","id":"UTL_TELECOM_DUCTS-000107","geometry":{"type":"MultiLineString","coordinates":[[[39.264936,21.491025],[39.26494,21.49104]]]},"properties":{"duct_type":"Fiber Optic","status":"Planned","branch":"السليمانية","length_m":1.632,"duct_id":"UTL_TELECOM_DUCTS-000107"}},{"type":"Feature","id":"UTL_TELECOM_DUCTS-000108","geometry":{"type":"MultiLineString","coordinates":[[[39.233627,21.48756],[39.23365,21.487564],[39.233676,21.487568],[39.233703,21.487571],[39.233705,21.487565],[39.233717,21.487536],[39.233746,21.487496]]]},"properties":{"status":"Planned","branch":"السليمانية","length_m":17.353,"duct_id":"UTL_TELECOM_DUCTS-000108"}},{"type":"Feature","id":"UTL_TELECOM_DUCTS-000109","geometry":{"type":"MultiLineString","coordinates":[[[39.234179,21.487881],[39.234183,21.487885],[39.234184,21.487886],[39.234202,21.4879],[39.234228,21.487908]]]},"properties":{"status":"Planned","branch":"السليمانية","length_m":5.977,"duct_id":"UTL_TELECOM_DUCTS-000109"}},{"type":"Feature","id":"UTL_TELECOM_DUCTS-000110","geometry":{"type":"MultiLineString","coordinates":[[[39.251619,21.498212],[39.251621,21.498203],[39.251623,21.498192]]]},"properties":{"status":"Planned","branch":"السليمانية","length_m":2.294,"duct_id":"UTL_TELECOM_DUCTS-000110"}},{"type":"Feature","id":"UTL_TELECOM_DUCTS-000111","geometry":{"type":"MultiLineString","coordinates":[[[39.251623,21.498192],[39.252626,21.498353],[39.252641,21.498356]]]},"properties":{"status":"Planned","branch":"السليمانية","length_m":106.987,"duct_id":"UTL_TELECOM_DUCTS-000111"}},{"type":"Feature","id":"UTL_TELECOM_DUCTS-000112","geometry":{"type":"MultiLineString","coordinates":[[[39.263731,21.491358],[39.263734,21.491357],[39.264183,21.491233],[39.264195,21.49123]]]},"properties":{"duct_type":"Fiber Optic","status":"Planned","branch":"السليمانية","length_m":50.152,"duct_id":"UTL_TELECOM_DUCTS-000112"}},{"type":"Feature","id":"UTL_TELECOM_DUCTS-000113","geometry":{"type":"MultiLineString","coordinates":[[[39.264619,21.489919],[39.264391,21.48919]]]},"properties":{"status":"Planned","branch":"السليمانية","length_m":84.104,"duct_id":"UTL_TELECOM_DUCTS-000113"}},{"type":"Feature","id":"UTL_TELECOM_DUCTS-000114","geometry":{"type":"MultiLineString","coordinates":[[[39.257439,21.493876],[39.257442,21.493893],[39.257444,21.493913],[39.257445,21.493927],[39.257446,21.493932]]]},"properties":{"status":"Planned","branch":"السليمانية","length_m":6.234,"duct_id":"UTL_TELECOM_DUCTS-000114"}},{"type":"Feature","id":"UTL_TELECOM_DUCTS-000115","geometry":{"type":"MultiLineString","coordinates":[[[39.256682,21.493788],[39.256677,21.493787],[39.255919,21.493645],[39.255916,21.493644]]]},"properties":{"status":"Planned","branch":"السليمانية","length_m":80.857,"duct_id":"UTL_TELECOM_DUCTS-000115"}},{"type":"Feature","id":"UTL_TELECOM_DUCTS-000116","geometry":{"type":"MultiLineString","coordinates":[[[39.255856,21.493941],[39.255856,21.493937],[39.255865,21.493884],[39.255877,21.493825],[39.255887,21.493775],[39.255895,21.493735],[39.25591,21.493675],[39.255915,21.493649],[39.255916,21.493644]]]},"properties":{"status":"Planned","branch":"السليمانية","length_m":33.472,"duct_id":"UTL_TELECOM_DUCTS-000116"}},{"type":"Feature","id":"UTL_TELECOM_DUCTS-000117","geometry":{"type":"MultiLineString","coordinates":[[[39.255588,21.493563],[39.255583,21.493562],[39.255033,21.493421],[39.255028,21.49342]]]},"properties":{"status":"Planned","branch":"السليمانية","length_m":60.169,"duct_id":"UTL_TELECOM_DUCTS-000117"}},{"type":"Feature","id":"UTL_TELECOM_DUCTS-000118","geometry":{"type":"MultiLineString","coordinates":[[[39.257446,21.493932],[39.25744,21.493931],[39.25742,21.493928],[39.256686,21.49379],[39.256682,21.493788]]]},"properties":{"status":"Planned","branch":"السليمانية","length_m":80.758,"duct_id":"UTL_TELECOM_DUCTS-000118"}},{"type":"Feature","id":"UTL_TELECOM_DUCTS-000119","geometry":{"type":"MultiLineString","coordinates":[[[39.255588,21.493563],[39.255593,21.493564],[39.255909,21.493643],[39.255916,21.493644]]]},"properties":{"status":"Planned","branch":"السليمانية","length_m":35.17,"duct_id":"UTL_TELECOM_DUCTS-000119"}},{"type":"Feature","id":"UTL_TELECOM_DUCTS-000120","geometry":{"type":"MultiLineString","coordinates":[[[39.257462,21.493934],[39.25745,21.493933],[39.257446,21.493932]]]},"properties":{"status":"Planned","branch":"السليمانية","length_m":1.631,"duct_id":"UTL_TELECOM_DUCTS-000120"}},{"type":"Feature","id":"UTL_TELECOM_DUCTS-000121","geometry":{"type":"MultiLineString","coordinates":[[[39.252641,21.498356],[39.252656,21.498358],[39.253049,21.498422],[39.253073,21.498424],[39.253097,21.498426],[39.253121,21.498427],[39.253145,21.498428],[39.25317,21.498428],[39.253194,21.498427],[39.253218,21.498426],[39.253238,21.498421],[39.253258,21.498417],[39.253278,21.498414],[39.253298,21.498411],[39.253318,21.498409],[39.253339,21.498408],[39.253359,21.498407],[39.253364,21.498406],[39.253369,21.498406],[39.253374,21.498406],[39.253379,21.498407],[39.253384,21.498407],[39.253389,21.498407],[39.253394,21.498407],[39.253466,21.498419]]]},"properties":{"status":"Planned","branch":"السليمانية","length_m":86.384,"duct_id":"UTL_TELECOM_DUCTS-000121"}},{"type":"Feature","id":"UTL_TELECOM_DUCTS-000122","geometry":{"type":"MultiLineString","coordinates":[[[39.264973,21.492182],[39.265638,21.492234],[39.265643,21.492235]]]},"properties":{"duct_type":"Fiber Optic","status":"Planned","branch":"السليمانية","length_m":69.68,"duct_id":"UTL_TELECOM_DUCTS-000122"}},{"type":"Feature","id":"UTL_TELECOM_DUCTS-000123","geometry":{"type":"MultiLineString","coordinates":[[[39.26567,21.489906],[39.265693,21.48994],[39.26571,21.48997],[39.265721,21.48999],[39.265723,21.489993],[39.265724,21.489996]]]},"properties":{"status":"Planned","branch":"السليمانية","length_m":11.337,"duct_id":"UTL_TELECOM_DUCTS-000123"}},{"type":"Feature","id":"UTL_TELECOM_DUCTS-000124","geometry":{"type":"MultiLineString","coordinates":[[[39.234818,21.48793],[39.234806,21.487938],[39.234277,21.488297],[39.234136,21.488401]]]},"properties":{"duct_type":"Fiber Optic","status":"Planned","branch":"السليمانية","length_m":87.793,"duct_id":"UTL_TELECOM_DUCTS-000124"}},{"type":"Feature","id":"UTL_TELECOM_DUCTS-000125","geometry":{"type":"MultiLineString","coordinates":[[[39.250774,21.48784],[39.25067,21.487824],[39.250661,21.487822]]]},"properties":{"duct_type":"Fiber Optic","status":"Planned","branch":"السليمانية","length_m":11.795,"duct_id":"UTL_TELECOM_DUCTS-000125"}},{"type":"Feature","id":"UTL_TELECOM_DUCTS-000126","geometry":{"type":"MultiLineString","coordinates":[[[39.261564,21.499696],[39.261256,21.500089]]]},"properties":{"status":"Planned","branch":"السليمانية","length_m":53.868,"duct_id":"UTL_TELECOM_DUCTS-000126"}},{"type":"Feature","id":"UTL_TELECOM_DUCTS-000127","geometry":{"type":"MultiLineString","coordinates":[[[39.260395,21.501198],[39.259829,21.50193]]]},"properties":{"status":"Planned","branch":"السليمانية","length_m":99.945,"duct_id":"UTL_TELECOM_DUCTS-000127"}},{"type":"Feature","id":"UTL_TELECOM_DUCTS-000128","geometry":{"type":"MultiLineString","coordinates":[[[39.26564,21.492104],[39.265643,21.49223],[39.265643,21.492235]]]},"properties":{"duct_type":"Fiber Optic","status":"Planned","branch":"السليمانية","length_m":14.514,"duct_id":"UTL_TELECOM_DUCTS-000128"}},{"type":"Feature","id":"UTL_TELECOM_DUCTS-000129","geometry":{"type":"MultiLineString","coordinates":[[[39.256237,21.486912],[39.256241,21.486912],[39.257118,21.487057],[39.257122,21.487058]]]},"properties":{"duct_type":"Fiber Optic","status":"Planned","branch":"السليمانية","length_m":93.008,"duct_id":"UTL_TELECOM_DUCTS-000129"}},{"type":"Feature","id":"UTL_TELECOM_DUCTS-000130","geometry":{"type":"MultiLineString","coordinates":[[[39.259922,21.48752],[39.259926,21.487521],[39.260762,21.487659],[39.260765,21.48766]]]},"properties":{"duct_type":"Fiber Optic","status":"Planned","branch":"السليمانية","length_m":88.673,"duct_id":"UTL_TELECOM_DUCTS-000130"}},{"type":"Feature","id":"UTL_TELECOM_DUCTS-000131","geometry":{"type":"MultiLineString","coordinates":[[[39.263265,21.48985],[39.263265,21.48985],[39.263267,21.489854],[39.263291,21.48995]]]},"properties":{"duct_type":"Fiber Optic","status":"Planned","branch":"السليمانية","length_m":11.395,"duct_id":"UTL_TELECOM_DUCTS-000131"}},{"type":"Feature","id":"UTL_TELECOM_DUCTS-000132","geometry":{"type":"MultiLineString","coordinates":[[[39.263579,21.490876],[39.26358,21.490878],[39.263716,21.491311],[39.263729,21.491353],[39.263731,21.491358]]]},"properties":{"duct_type":"Fiber Optic","status":"Planned","branch":"السليمانية","length_m":55.643,"duct_id":"UTL_TELECOM_DUCTS-000132"}},{"type":"Feature","id":"UTL_TELECOM_DUCTS-000133","geometry":{"type":"MultiLineString","coordinates":[[[39.264005,21.491232],[39.264011,21.491232],[39.264177,21.491233],[39.264195,21.49123]]]},"properties":{"status":"Planned","branch":"السليمانية","length_m":19.72,"duct_id":"UTL_TELECOM_DUCTS-000133"}},{"type":"Feature","id":"UTL_TELECOM_DUCTS-000134","geometry":{"type":"MultiLineString","coordinates":[[[39.264191,21.491216],[39.264192,21.491217],[39.264194,21.491226],[39.264195,21.49123]]]},"properties":{"duct_type":"Fiber Optic","status":"Planned","branch":"السليمانية","length_m":1.592,"duct_id":"UTL_TELECOM_DUCTS-000134"}},{"type":"Feature","id":"UTL_TELECOM_DUCTS-000135","geometry":{"type":"MultiLineString","coordinates":[[[39.265643,21.492235],[39.265644,21.492242],[39.265644,21.492258]]]},"properties":{"duct_type":"Fiber Optic","status":"Planned","branch":"السليمانية","length_m":2.577,"duct_id":"UTL_TELECOM_DUCTS-000135"}},{"type":"Feature","id":"UTL_TELECOM_DUCTS-000136","geometry":{"type":"MultiLineString","coordinates":[[[39.264466,21.491155],[39.26446,21.491157],[39.264202,21.491228],[39.264195,21.49123]]]},"properties":{"duct_type":"Fiber Optic","status":"Planned","branch":"السليمانية","length_m":29.201,"duct_id":"UTL_TELECOM_DUCTS-000136"}},{"type":"Feature","id":"UTL_TELECOM_DUCTS-000137","geometry":{"type":"MultiLineString","coordinates":[[[39.264936,21.491025],[39.264471,21.491154],[39.264466,21.491155]]]},"properties":{"duct_type":"Fiber Optic","status":"Planned","branch":"السليمانية","length_m":50.777,"duct_id":"UTL_TELECOM_DUCTS-000137"}},{"type":"Feature","id":"UTL_TELECOM_DUCTS-000138","geometry":{"type":"MultiLineString","coordinates":[[[39.265724,21.489996],[39.265726,21.489995],[39.265731,21.489993],[39.265813,21.489973],[39.265823,21.48997],[39.265926,21.489941],[39.265919,21.489915],[39.265896,21.489843]]]},"properties":{"status":"Planned","branch":"السليمانية","length_m":33.123,"duct_id":"UTL_TELECOM_DUCTS-000138"}},{"type":"Feature","id":"UTL_TELECOM_DUCTS-000139","geometry":{"type":"MultiLineString","coordinates":[[[39.247119,21.497519],[39.24712,21.497493],[39.247121,21.49748],[39.247121,21.49748],[39.247121,21.497479],[39.247121,21.497479],[39.247121,21.497479],[39.247121,21.497478],[39.247121,21.497478],[39.247121,21.497478],[39.247121,21.497477],[39.24712,21.497477],[39.24712,21.497477],[39.24712,21.497477],[39.24712,21.497476],[39.247119,21.497476],[39.247119,21.497476],[39.247119,21.497475],[39.247119,21.497475],[39.247118,21.497475],[39.247118,21.497475],[39.247118,21.497475],[39.247117,21.497475],[39.247117,21.497475],[39.247117,21.497475],[39.247116,21.497475],[39.247113,21.497474],[39.247105,21.497473],[39.247102,21.497473],[39.247093,21.497471]]]},"properties":{"status":"Planned","branch":"السليمانية","length_m":7.576,"duct_id":"UTL_TELECOM_DUCTS-000139"}},{"type":"Feature","id":"UTL_TELECOM_DUCTS-000140","geometry":{"type":"MultiLineString","coordinates":[[[39.246991,21.497996],[39.246999,21.497997],[39.247528,21.498084],[39.247536,21.498086]]]},"properties":{"status":"Planned","branch":"السليمانية","length_m":57.343,"duct_id":"UTL_TELECOM_DUCTS-000140"}},{"type":"Feature","id":"UTL_TELECOM_DUCTS-000141","geometry":{"type":"MultiLineString","coordinates":[[[39.247531,21.498109],[39.247535,21.498091],[39.247536,21.498086]]]},"properties":{"status":"Planned","branch":"السليمانية","length_m":2.605,"duct_id":"UTL_TELECOM_DUCTS-000141"}},{"type":"Feature","id":"UTL_TELECOM_DUCTS-000142","geometry":{"type":"MultiLineString","coordinates":[[[39.244276,21.49755],[39.244279,21.497551],[39.244599,21.497601]]]},"properties":{"status":"Planned","branch":"السليمانية","length_m":33.876,"duct_id":"UTL_TELECOM_DUCTS-000142"}},{"type":"Feature","id":"UTL_TELECOM_DUCTS-000143","geometry":{"type":"MultiLineString","coordinates":[[[39.244153,21.497551],[39.244157,21.497532],[39.244158,21.497529]]]},"properties":{"status":"Planned","branch":"السليمانية","length_m":2.541,"duct_id":"UTL_TELECOM_DUCTS-000143"}},{"type":"Feature","id":"UTL_TELECOM_DUCTS-000144","geometry":{"type":"MultiLineString","coordinates":[[[39.238959,21.492196],[39.238958,21.492206],[39.238924,21.49374],[39.238921,21.493741]]]},"properties":{"duct_type":"Fiber Optic","status":"Planned","branch":"السليمانية","length_m":171.371,"duct_id":"UTL_TELECOM_DUCTS-000144"}},{"type":"Feature","id":"UTL_TELECOM_DUCTS-000145","geometry":{"type":"MultiLineString","coordinates":[[[39.239029,21.488792],[39.239029,21.488802],[39.239046,21.490891],[39.239046,21.490904]]]},"properties":{"duct_type":"Fiber Optic","status":"Planned","branch":"السليمانية","length_m":233.775,"duct_id":"UTL_TELECOM_DUCTS-000145"}},{"type":"Feature","id":"UTL_TELECOM_DUCTS-000146","geometry":{"type":"MultiLineString","coordinates":[[[39.255028,21.49342],[39.255023,21.493418],[39.254025,21.492514],[39.254022,21.492513]]]},"properties":{"status":"Planned","branch":"السليمانية","length_m":144.729,"duct_id":"UTL_TELECOM_DUCTS-000146"}},{"type":"Feature","id":"UTL_TELECOM_DUCTS-000147","geometry":{"type":"MultiLineString","coordinates":[[[39.244558,21.487271],[39.244565,21.487272],[39.244726,21.487285],[39.244732,21.487285]]]},"properties":{"status":"Planned","branch":"السليمانية","length_m":18.127,"duct_id":"UTL_TELECOM_DUCTS-000147"}},{"type":"Feature","id":"UTL_TELECOM_DUCTS-000148","geometry":{"type":"MultiLineString","coordinates":[[[39.244564,21.487377],[39.244563,21.487367],[39.244558,21.487276],[39.244558,21.487271]]]},"properties":{"status":"Planned","branch":"السليمانية","length_m":11.721,"duct_id":"UTL_TELECOM_DUCTS-000148"}},{"type":"Feature","id":"UTL_TELECOM_DUCTS-000149","geometry":{"type":"MultiLineString","coordinates":[[[39.245343,21.487687],[39.245337,21.487684],[39.245332,21.487681],[39.245107,21.48749],[39.244943,21.48742],[39.244791,21.487402],[39.244573,21.487375],[39.244564,21.487377]]]},"properties":{"duct_type":"Fiber Optic","status":"Planned","branch":"السليمانية","length_m":91.085,"duct_id":"UTL_TELECOM_DUCTS-000149"}},{"type":"Feature","id":"UTL_TELECOM_DUCTS-000150","geometry":{"type":"MultiLineString","coordinates":[[[39.23831,21.487611],[39.238249,21.487177],[39.238247,21.487164]]]},"properties":{"duct_type":"Fiber Optic","status":"Planned","branch":"السليمانية","length_m":49.978,"duct_id":"UTL_TELECOM_DUCTS-000150"}},{"type":"Feature","id":"UTL_TELECOM_DUCTS-000151","geometry":{"type":"MultiLineString","coordinates":[[[39.233517,21.494175],[39.233524,21.494221],[39.233526,21.494234]]]},"properties":{"duct_type":"Fiber Optic","status":"Planned","branch":"السليمانية","length_m":6.573,"duct_id":"UTL_TELECOM_DUCTS-000151"}},{"type":"Feature","id":"UTL_TELECOM_DUCTS-000152","geometry":{"type":"MultiLineString","coordinates":[[[39.233526,21.494234],[39.23354,21.494232],[39.23401,21.494172],[39.234025,21.49417]]]},"properties":{"duct_type":"Fiber Optic","status":"Planned","branch":"السليمانية","length_m":52.175,"duct_id":"UTL_TELECOM_DUCTS-000152"}},{"type":"Feature","id":"UTL_TELECOM_DUCTS-000153","geometry":{"type":"MultiLineString","coordinates":[[[39.245479,21.489756],[39.245472,21.489754],[39.244813,21.489645],[39.244804,21.489643]]]},"properties":{"duct_type":"Fiber Optic","status":"Planned","branch":"السليمانية","length_m":70.985,"duct_id":"UTL_TELECOM_DUCTS-000153"}},{"type":"Feature","id":"UTL_TELECOM_DUCTS-000154","geometry":{"type":"MultiLineString","coordinates":[[[39.24499,21.488675],[39.245003,21.488678],[39.245665,21.488804],[39.245679,21.488807]]]},"properties":{"duct_type":"Fiber Optic","status":"Planned","branch":"السليمانية","length_m":72.811,"duct_id":"UTL_TELECOM_DUCTS-000154"}},{"type":"Feature","id":"UTL_TELECOM_DUCTS-000155","geometry":{"type":"MultiLineString","coordinates":[[[39.245613,21.489229],[39.245612,21.489237],[39.245554,21.489547],[39.245554,21.489555]]]},"properties":{"duct_type":"Fiber Optic","status":"Planned","branch":"السليمانية","length_m":36.626,"duct_id":"UTL_TELECOM_DUCTS-000155"}},{"type":"Feature","id":"UTL_TELECOM_DUCTS-000156","geometry":{"type":"MultiLineString","coordinates":[[[39.246762,21.489005],[39.246777,21.489008],[39.246819,21.489015]]]},"properties":{"duct_type":"Fiber Optic","status":"Planned","branch":"السليمانية","length_m":5.987,"duct_id":"UTL_TELECOM_DUCTS-000156"}},{"type":"Feature","id":"UTL_TELECOM_DUCTS-000157","geometry":{"type":"MultiLineString","coordinates":[[[39.247683,21.489004],[39.247593,21.488986],[39.247584,21.488985]]]},"properties":{"duct_type":"Fiber Optic","status":"Planned","branch":"السليمانية","length_m":10.437,"duct_id":"UTL_TELECOM_DUCTS-000157"}},{"type":"Feature","id":"UTL_TELECOM_DUCTS-000158","geometry":{"type":"MultiLineString","coordinates":[[[39.250129,21.490354],[39.250127,21.490364],[39.250089,21.490543],[39.250088,21.490548]]]},"properties":{"duct_type":"Fiber Optic","status":"Planned","branch":"السليمانية","length_m":21.842,"duct_id":"UTL_TELECOM_DUCTS-000158"}},{"type":"Feature","id":"UTL_TELECOM_DUCTS-000159","geometry":{"type":"MultiLineString","coordinates":[[[39.250244,21.489832],[39.250246,21.489825],[39.250326,21.489407],[39.250327,21.489399]]]},"properties":{"duct_type":"Fiber Optic","status":"Planned","branch":"السليمانية","length_m":48.759,"duct_id":"UTL_TELECOM_DUCTS-000159"}},{"type":"Feature","id":"UTL_TELECOM_DUCTS-000160","geometry":{"type":"MultiLineString","coordinates":[[[39.250169,21.489509],[39.25017,21.489501],[39.250178,21.489467]]]},"properties":{"duct_type":"Fiber Optic","status":"Planned","branch":"السليمانية","length_m":4.768,"duct_id":"UTL_TELECOM_DUCTS-000160"}},{"type":"Feature","id":"UTL_TELECOM_DUCTS-000161","geometry":{"type":"MultiLineString","coordinates":[[[39.238298,21.499511],[39.238298,21.499514],[39.238303,21.499554],[39.238304,21.499557]]]},"properties":{"status":"Planned","branch":"السليمانية","length_m":5.09,"duct_id":"UTL_TELECOM_DUCTS-000161"}},{"type":"Feature","id":"UTL_TELECOM_DUCTS-000162","geometry":{"type":"MultiLineString","coordinates":[[[39.244158,21.497529],[39.24416,21.497529],[39.244274,21.497549],[39.244276,21.49755]]]},"properties":{"status":"Planned","branch":"السليمانية","length_m":12.524,"duct_id":"UTL_TELECOM_DUCTS-000162"}},{"type":"Feature","id":"UTL_TELECOM_DUCTS-000163","geometry":{"type":"MultiLineString","coordinates":[[[39.263732,21.496716],[39.263728,21.496722],[39.263284,21.497501],[39.26328,21.497507]]]},"properties":{"status":"Planned","branch":"السليمانية","length_m":99.267,"duct_id":"UTL_TELECOM_DUCTS-000163"}},{"type":"Feature","id":"UTL_TELECOM_DUCTS-000164","geometry":{"type":"MultiLineString","coordinates":[[[39.261564,21.499696],[39.262136,21.498967]]]},"properties":{"status":"Planned","branch":"السليمانية","length_m":100.141,"duct_id":"UTL_TELECOM_DUCTS-000164"}},{"type":"Feature","id":"UTL_TELECOM_DUCTS-000165","geometry":{"type":"MultiLineString","coordinates":[[[39.246991,21.497996],[39.246986,21.498018]]]},"properties":{"status":"Planned","branch":"السليمانية","length_m":2.494,"duct_id":"UTL_TELECOM_DUCTS-000165"}},{"type":"Feature","id":"UTL_TELECOM_DUCTS-000166","geometry":{"type":"MultiLineString","coordinates":[[[39.246954,21.49799],[39.246982,21.497994],[39.246991,21.497996]]]},"properties":{"status":"Planned","branch":"السليمانية","length_m":3.838,"duct_id":"UTL_TELECOM_DUCTS-000166"}},{"type":"Feature","id":"UTL_TELECOM_DUCTS-000167","geometry":{"type":"MultiLineString","coordinates":[[[39.232767,21.494506],[39.232774,21.494505],[39.234018,21.494341],[39.234025,21.49434]]]},"properties":{"duct_type":"Fiber Optic","status":"Planned","branch":"السليمانية","length_m":131.658,"duct_id":"UTL_TELECOM_DUCTS-000167"}},{"type":"Feature","id":"UTL_TELECOM_DUCTS-000168","geometry":{"type":"MultiLineString","coordinates":[[[39.236399,21.494047],[39.236406,21.494046],[39.237744,21.493893],[39.237752,21.493892]]]},"properties":{"duct_type":"Fiber Optic","status":"Planned","branch":"السليمانية","length_m":141.14,"duct_id":"UTL_TELECOM_DUCTS-000168"}},{"type":"Feature","id":"UTL_TELECOM_DUCTS-000169","geometry":{"type":"MultiLineString","coordinates":[[[39.239048,21.494496],[39.239046,21.494488],[39.238922,21.493748],[39.238921,21.493741]]]},"properties":{"status":"Planned","branch":"السليمانية","length_m":84.58,"duct_id":"UTL_TELECOM_DUCTS-000169"}},{"type":"Feature","id":"UTL_TELECOM_DUCTS-000170","geometry":{"type":"MultiLineString","coordinates":[[[39.239162,21.494753],[39.239163,21.494757],[39.239177,21.495403],[39.239177,21.49541]]]},"properties":{"status":"Planned","branch":"السليمانية","length_m":72.813,"duct_id":"UTL_TELECOM_DUCTS-000170"}},{"type":"Feature","id":"UTL_TELECOM_DUCTS-000171","geometry":{"type":"MultiLineString","coordinates":[[[39.250614,21.498029],[39.251623,21.498192]]]},"properties":{"status":"Planned","branch":"السليمانية","length_m":106.0,"duct_id":"UTL_TELECOM_DUCTS-000171"}},{"type":"Feature","id":"UTL_TELECOM_DUCTS-000172","geometry":{"type":"MultiLineString","coordinates":[[[39.239683,21.498405],[39.23969,21.498399],[39.239718,21.498374],[39.239747,21.49835],[39.239777,21.498328],[39.239809,21.498308],[39.239843,21.498289],[39.239877,21.498273],[39.239912,21.498259]]]},"properties":{"duct_type":"Fiber Optic","status":"Planned","branch":"السليمانية","length_m":28.994,"duct_id":"UTL_TELECOM_DUCTS-000172"}},{"type":"Feature","id":"UTL_TELECOM_DUCTS-000173","geometry":{"type":"MultiLineString","coordinates":[[[39.247859,21.498139],[39.247868,21.49814],[39.247889,21.498144]]]},"properties":{"status":"Planned","branch":"السليمانية","length_m":3.134,"duct_id":"UTL_TELECOM_DUCTS-000173"}},{"type":"Feature","id":"UTL_TELECOM_DUCTS-000174","geometry":{"type":"MultiLineString","coordinates":[[[39.250478,21.492253],[39.250482,21.492283],[39.250213,21.49231],[39.250204,21.492311]]]},"properties":{"duct_type":"Fiber Optic","status":"Planned","branch":"السليمانية","length_m":32.284,"duct_id":"UTL_TELECOM_DUCTS-000174"}},{"type":"Feature","id":"UTL_TELECOM_DUCTS-000175","geometry":{"type":"MultiLineString","coordinates":[[[39.233526,21.494234],[39.233511,21.494235],[39.232767,21.494308],[39.232752,21.494309]]]},"properties":{"duct_type":"Fiber Optic","status":"Planned","branch":"السليمانية","length_m":80.546,"duct_id":"UTL_TELECOM_DUCTS-000175"}},{"type":"Feature","id":"UTL_TELECOM_DUCTS-000176","geometry":{"type":"MultiLineString","coordinates":[[[39.234025,21.49417],[39.234039,21.494168],[39.234723,21.494087],[39.234738,21.494085]]]},"properties":{"duct_type":"Fiber Optic","status":"Planned","branch":"السليمانية","length_m":74.443,"duct_id":"UTL_TELECOM_DUCTS-000176"}},{"type":"Feature","id":"UTL_TELECOM_DUCTS-000177","geometry":{"type":"MultiLineString","coordinates":[[[39.234729,21.494026],[39.234736,21.494072],[39.234738,21.494085]]]},"properties":{"duct_type":"Fiber Optic","status":"Planned","branch":"السليمانية","length_m":6.603,"duct_id":"UTL_TELECOM_DUCTS-000177"}},{"type":"Feature","id":"UTL_TELECOM_DUCTS-000178","geometry":{"type":"MultiLineString","coordinates":[[[39.24979,21.492025],[39.249789,21.492015],[39.249774,21.49185],[39.249773,21.49184]]]},"properties":{"duct_type":"Fiber Optic","status":"Planned","branch":"السليمانية","length_m":20.461,"duct_id":"UTL_TELECOM_DUCTS-000178"}},{"type":"Feature","id":"UTL_TELECOM_DUCTS-000179","geometry":{"type":"MultiLineString","coordinates":[[[39.249926,21.491102],[39.250056,21.491086],[39.250067,21.491085]]]},"properties":{"duct_type":"Fiber Optic","status":"Planned","branch":"السليمانية","length_m":14.681,"duct_id":"UTL_TELECOM_DUCTS-000179"}},{"type":"Feature","id":"UTL_TELECOM_DUCTS-000180","geometry":{"type":"MultiLineString","coordinates":[[[39.241219,21.498155],[39.241167,21.498151],[39.241114,21.498147],[39.241061,21.498144],[39.241007,21.498142],[39.240954,21.498141],[39.240901,21.498141],[39.240848,21.498142],[39.240848,21.498142],[39.240836,21.498142],[39.240823,21.498143],[39.240811,21.498143],[39.240798,21.498144],[39.240786,21.498146],[39.240774,21.498147],[39.240761,21.498149],[39.240757,21.498149]]]},"properties":{"duct_type":"Fiber Optic","status":"Planned","branch":"السليمانية","length_m":48.025,"duct_id":"UTL_TELECOM_DUCTS-000180"}},{"type":"Feature","id":"UTL_TELECOM_DUCTS-000181","geometry":{"type":"MultiLineString","coordinates":[[[39.243589,21.498778],[39.243594,21.498779],[39.243596,21.498779],[39.243789,21.498836]]]},"properties":{"duct_type":"Fiber Optic","status":"Planned","branch":"السليمانية","length_m":21.65,"duct_id":"UTL_TELECOM_DUCTS-000181"}},{"type":"Feature","id":"UTL_TELECOM_DUCTS-000182","geometry":{"type":"MultiLineString","coordinates":[[[39.250131,21.491801],[39.250133,21.491809],[39.25019,21.492217],[39.250202,21.492297],[39.250204,21.492311]]]},"properties":{"duct_type":"Fiber Optic","status":"Planned","branch":"السليمانية","length_m":56.968,"duct_id":"UTL_TELECOM_DUCTS-000182"}},{"type":"Feature","id":"UTL_TELECOM_DUCTS-000183","geometry":{"type":"MultiLineString","coordinates":[[[39.241591,21.491873],[39.241601,21.491874],[39.242601,21.49181],[39.24261,21.491809]]]},"properties":{"duct_type":"Fiber Optic","status":"Planned","branch":"السليمانية","length_m":105.747,"duct_id":"UTL_TELECOM_DUCTS-000183"}},{"type":"Feature","id":"UTL_TELECOM_DUCTS-000184","geometry":{"type":"MultiLineString","coordinates":[[[39.248598,21.491808],[39.248596,21.491794],[39.248549,21.491469],[39.248548,21.491461]]]},"properties":{"duct_type":"Fiber Optic","status":"Planned","branch":"السليمانية","length_m":38.809,"duct_id":"UTL_TELECOM_DUCTS-000184"}},{"type":"Feature","id":"UTL_TELECOM_DUCTS-000185","geometry":{"type":"MultiLineString","coordinates":[[[39.248182,21.491496],[39.248192,21.491495],[39.248538,21.491462],[39.248548,21.491461]]]},"properties":{"duct_type":"Fiber Optic","status":"Planned","branch":"السليمانية","length_m":38.092,"duct_id":"UTL_TELECOM_DUCTS-000185"}},{"type":"Feature","id":"UTL_TELECOM_DUCTS-000186","geometry":{"type":"MultiLineString","coordinates":[[[39.245589,21.491587],[39.245599,21.49158],[39.247002,21.4916],[39.247012,21.491604]]]},"properties":{"duct_type":"Fiber Optic","status":"Planned","branch":"السليمانية","length_m":147.818,"duct_id":"UTL_TELECOM_DUCTS-000186"}},{"type":"Feature","id":"UTL_TELECOM_DUCTS-000187","geometry":{"type":"MultiLineString","coordinates":[[[39.244028,21.491688],[39.243117,21.491767]]]},"properties":{"duct_type":"Fiber Optic","status":"Planned","branch":"السليمانية","length_m":94.779,"duct_id":"UTL_TELECOM_DUCTS-000187"}},{"type":"Feature","id":"UTL_TELECOM_DUCTS-000188","geometry":{"type":"MultiLineString","coordinates":[[[39.232767,21.494506],[39.232752,21.494309]]]},"properties":{"duct_type":"Fiber Optic","status":"Planned","branch":"السليمانية","length_m":21.813,"duct_id":"UTL_TELECOM_DUCTS-000188"}},{"type":"Feature","id":"UTL_TELECOM_DUCTS-000189","geometry":{"type":"MultiLineString","coordinates":[[[39.232717,21.494061],[39.232719,21.494075],[39.23275,21.494296],[39.232752,21.494309]]]},"properties":{"duct_type":"Fiber Optic","status":"Planned","branch":"السليمانية","length_m":27.712,"duct_id":"UTL_TELECOM_DUCTS-000189"}},{"type":"Feature","id":"UTL_TELECOM_DUCTS-000190","geometry":{"type":"MultiLineString","coordinates":[[[39.232625,21.493376],[39.232623,21.493363],[39.232548,21.492845],[39.232544,21.492818]]]},"properties":{"duct_type":"Fiber Optic","status":"Planned","branch":"السليمانية","length_m":62.34,"duct_id":"UTL_TELECOM_DUCTS-000190"}},{"type":"Feature","id":"UTL_TELECOM_DUCTS-000191","geometry":{"type":"MultiLineString","coordinates":[[[39.232717,21.494061],[39.232716,21.494048],[39.232627,21.49339],[39.232625,21.493376]]]},"properties":{"duct_type":"Fiber Optic","status":"Planned","branch":"السليمانية","length_m":76.4,"duct_id":"UTL_TELECOM_DUCTS-000191"}},{"type":"Feature","id":"UTL_TELECOM_DUCTS-000192","geometry":{"type":"MultiLineString","coordinates":[[[39.233047,21.493897],[39.233062,21.494006],[39.233064,21.494019]]]},"properties":{"duct_type":"Fiber Optic","status":"Planned","branch":"السليمانية","length_m":13.676,"duct_id":"UTL_TELECOM_DUCTS-000192"}},{"type":"Feature","id":"UTL_TELECOM_DUCTS-000193","geometry":{"type":"MultiLineString","coordinates":[[[39.247012,21.491604],[39.247022,21.491603],[39.247545,21.491539],[39.248136,21.491467],[39.248137,21.491467],[39.248139,21.491467],[39.248141,21.491467],[39.248143,21.491467],[39.248145,21.491468],[39.248147,21.491468],[39.248149,21.491468],[39.24815,21.491469],[39.248152,21.49147],[39.248154,21.491471],[39.248155,21.491472],[39.24818,21.491487],[39.248182,21.491496]]]},"properties":{"duct_type":"Fiber Optic","status":"Planned","branch":"السليمانية","length_m":123.559,"duct_id":"UTL_TELECOM_DUCTS-000193"}},{"type":"Feature","id":"UTL_TELECOM_DUCTS-000194","geometry":{"type":"MultiLineString","coordinates":[[[39.248182,21.491496],[39.248183,21.491505],[39.248211,21.491708],[39.248233,21.491853],[39.248238,21.491889],[39.248238,21.491892],[39.248239,21.491895],[39.24824,21.491898],[39.248241,21.491901],[39.248243,21.491904],[39.248244,21.491906],[39.248246,21.491909],[39.2487,21.492512],[39.248708,21.492523]]]},"properties":{"status":"Planned","branch":"السليمانية","length_m":129.406,"duct_id":"UTL_TELECOM_DUCTS-000194"}},{"type":"Feature","id":"UTL_TELECOM_DUCTS-000195","geometry":{"type":"MultiLineString","coordinates":[[[39.248182,21.491496],[39.248181,21.491487],[39.248015,21.490322],[39.248014,21.490315]]]},"properties":{"duct_type":"Fiber Optic","status":"Planned","branch":"السليمانية","length_m":131.845,"duct_id":"UTL_TELECOM_DUCTS-000195"}},{"type":"Feature","id":"UTL_TELECOM_DUCTS-000196","geometry":{"type":"MultiLineString","coordinates":[[[39.242611,21.491878],[39.24261,21.491819],[39.24261,21.491809]]]},"properties":{"duct_type":"Fiber Optic","status":"Planned","branch":"السليمانية","length_m":7.591,"duct_id":"UTL_TELECOM_DUCTS-000196"}},{"type":"Feature","id":"UTL_TELECOM_DUCTS-000197","geometry":{"type":"MultiLineString","coordinates":[[[39.243313,21.4895],[39.243312,21.489501],[39.243312,21.489502],[39.243311,21.489504],[39.243311,21.489505],[39.243311,21.489506],[39.243311,21.489507],[39.243311,21.489509],[39.243321,21.48961],[39.243322,21.489616]]]},"properties":{"duct_type":"Fiber Optic","status":"Planned","branch":"السليمانية","length_m":12.948,"duct_id":"UTL_TELECOM_DUCTS-000197"}},{"type":"Feature","id":"UTL_TELECOM_DUCTS-000198","geometry":{"type":"MultiLineString","coordinates":[[[39.244156,21.494171],[39.244165,21.494174],[39.244211,21.494202],[39.244225,21.494211]]]},"properties":{"duct_type":"Fiber Optic","status":"Planned","branch":"السليمانية","length_m":8.442,"duct_id":"UTL_TELECOM_DUCTS-000198"}},{"type":"Feature","id":"UTL_TELECOM_DUCTS-000199","geometry":{"type":"MultiLineString","coordinates":[[[39.263732,21.496716],[39.263736,21.496711],[39.264211,21.495945],[39.264215,21.495939]]]},"properties":{"status":"Planned","branch":"السليمانية","length_m":99.541,"duct_id":"UTL_TELECOM_DUCTS-000199"}},{"type":"Feature","id":"UTL_TELECOM_DUCTS-000200","geometry":{"type":"MultiLineString","coordinates":[[[39.262976,21.497895],[39.263276,21.497513],[39.26328,21.497507]]]},"properties":{"status":"Planned","branch":"السليمانية","length_m":53.213,"duct_id":"UTL_TELECOM_DUCTS-000200"}},{"type":"Feature","id":"UTL_TELECOM_DUCTS-000201","geometry":{"type":"MultiLineString","coordinates":[[[39.258181,21.502432],[39.258189,21.502432],[39.258455,21.502451],[39.258477,21.502452],[39.258521,21.502455],[39.258537,21.502456],[39.258548,21.502457]]]},"properties":{"status":"Planned","branch":"السليمانية","length_m":38.119,"duct_id":"UTL_TELECOM_DUCTS-000201"}},{"type":"Feature","id":"UTL_TELECOM_DUCTS-000202","geometry":{"type":"MultiLineString","coordinates":[[[39.256257,21.502296],[39.256286,21.502298],[39.256343,21.502304],[39.256449,21.502312],[39.256527,21.502317],[39.25655,21.502319],[39.256585,21.502321],[39.256662,21.502326],[39.256673,21.502327]]]},"properties":{"status":"Planned","branch":"السليمانية","length_m":43.287,"duct_id":"UTL_TELECOM_DUCTS-000202"}},{"type":"Feature","id":"UTL_TELECOM_DUCTS-000203","geometry":{"type":"MultiLineString","coordinates":[[[39.253455,21.491898],[39.253445,21.491885],[39.253301,21.491672],[39.253283,21.491646],[39.253129,21.491498],[39.253045,21.491407],[39.252981,21.491303],[39.252922,21.49115],[39.252795,21.490814],[39.252725,21.490555],[39.252694,21.490389],[39.2526,21.489745],[39.252519,21.489454],[39.252516,21.489446]]]},"properties":{"status":"Planned","branch":"السليمانية","length_m":294.352,"duct_id":"UTL_TELECOM_DUCTS-000203"}},{"type":"Feature","id":"UTL_TELECOM_DUCTS-000204","geometry":{"type":"MultiLineString","coordinates":[[[39.253265,21.499692],[39.253266,21.499688],[39.253511,21.498426],[39.253779,21.497019],[39.253781,21.49701]]]},"properties":{"status":"Planned","branch":"السليمانية","length_m":301.565,"duct_id":"UTL_TELECOM_DUCTS-000204"}},{"type":"Feature","id":"UTL_TELECOM_DUCTS-000205","geometry":{"type":"MultiLineString","coordinates":[[[39.252516,21.489446],[39.252515,21.489436],[39.252469,21.488911],[39.252412,21.488272],[39.252418,21.488041],[39.252481,21.487603],[39.252513,21.487383],[39.252513,21.48738]]]},"properties":{"duct_type":"Fiber Optic","status":"Planned","branch":"السليمانية","length_m":229.671,"duct_id":"UTL_TELECOM_DUCTS-000205"}},{"type":"Feature","id":"UTL_TELECOM_DUCTS-000206","geometry":{"type":"MultiLineString","coordinates":[[[39.245613,21.489229],[39.245615,21.489221],[39.245677,21.48882],[39.245679,21.488807]]]},"properties":{"duct_type":"Fiber Optic","status":"Planned","branch":"السليمانية","length_m":47.143,"duct_id":"UTL_TELECOM_DUCTS-000206"}},{"type":"Feature","id":"UTL_TELECOM_DUCTS-000207","geometry":{"type":"MultiLineString","coordinates":[[[39.24446,21.488358],[39.244451,21.488357],[39.243841,21.488261],[39.243833,21.488259]]]},"properties":{"duct_type":"Fiber Optic","status":"Planned","branch":"السليمانية","length_m":65.859,"duct_id":"UTL_TELECOM_DUCTS-000207"}},{"type":"Feature","id":"UTL_TELECOM_DUCTS-000208","geometry":{"type":"MultiLineString","coordinates":[[[39.245014,21.488415],[39.245012,21.48843],[39.244991,21.488662],[39.24499,21.488675]]]},"properties":{"duct_type":"Fiber Optic","status":"Planned","branch":"السليمانية","length_m":28.941,"duct_id":"UTL_TELECOM_DUCTS-000208"}},{"type":"Feature","id":"UTL_TELECOM_DUCTS-000209","geometry":{"type":"MultiLineString","coordinates":[[[39.251055,21.488856],[39.251054,21.48886],[39.251029,21.48901],[39.251029,21.489012]]]},"properties":{"duct_type":"Fiber Optic","status":"Planned","branch":"السليمانية","length_m":17.51,"duct_id":"UTL_TELECOM_DUCTS-000209"}},{"type":"Feature","id":"UTL_TELECOM_DUCTS-000210","geometry":{"type":"MultiLineString","coordinates":[[[39.239912,21.498259],[39.239934,21.498251],[39.239956,21.498244],[39.239978,21.498238],[39.24,21.498233],[39.240023,21.498228],[39.240045,21.498225],[39.240068,21.498222],[39.240068,21.498222],[39.240106,21.498217],[39.240107,21.498217],[39.240144,21.498213]]]},"properties":{"duct_type":"Fiber Optic","status":"Planned","branch":"السليمانية","length_m":24.554,"duct_id":"UTL_TELECOM_DUCTS-000210"}},{"type":"Feature","id":"UTL_TELECOM_DUCTS-000211","geometry":{"type":"MultiLineString","coordinates":[[[39.243601,21.498278],[39.243599,21.498294],[39.24359,21.498347],[39.243573,21.498467],[39.243584,21.498588],[39.243593,21.498774],[39.243589,21.498778]]]},"properties":{"duct_type":"Fiber Optic","status":"Planned","branch":"السليمانية","length_m":55.704,"duct_id":"UTL_TELECOM_DUCTS-000211"}},{"type":"Feature","id":"UTL_TELECOM_DUCTS-000212","geometry":{"type":"MultiLineString","coordinates":[[[39.243591,21.497568],[39.24359,21.49759],[39.243621,21.498151],[39.243604,21.498263],[39.243601,21.498278]]]},"properties":{"duct_type":"Fiber Optic","status":"Planned","branch":"السليمانية","length_m":78.84,"duct_id":"UTL_TELECOM_DUCTS-000212"}},{"type":"Feature","id":"UTL_TELECOM_DUCTS-000213","geometry":{"type":"MultiLineString","coordinates":[[[39.244057,21.494837],[39.244047,21.494838],[39.24289,21.494992],[39.242883,21.494992]]]},"properties":{"status":"Planned","branch":"السليمانية","length_m":122.88,"duct_id":"UTL_TELECOM_DUCTS-000213"}},{"type":"Feature","id":"UTL_TELECOM_DUCTS-000214","geometry":{"type":"MultiLineString","coordinates":[[[39.235607,21.487488],[39.235592,21.48749],[39.23483,21.487922],[39.234818,21.48793]]]},"properties":{"duct_type":"Fiber Optic","status":"Planned","branch":"السليمانية","length_m":95.363,"duct_id":"UTL_TELECOM_DUCTS-000214"}},{"type":"Feature","id":"UTL_TELECOM_DUCTS-000215","geometry":{"type":"MultiLineString","coordinates":[[[39.238247,21.487164],[39.238233,21.487165],[39.235621,21.487486],[39.235607,21.487488]]]},"properties":{"duct_type":"Fiber Optic","status":"Planned","branch":"السليمانية","length_m":275.814,"duct_id":"UTL_TELECOM_DUCTS-000215"}},{"type":"Feature","id":"UTL_TELECOM_DUCTS-000216","geometry":{"type":"MultiLineString","coordinates":[[[39.241747,21.495132],[39.241739,21.495133],[39.240611,21.495272],[39.240603,21.495273]]]},"properties":{"status":"Planned","branch":"السليمانية","length_m":119.52,"duct_id":"UTL_TELECOM_DUCTS-000216"}},{"type":"Feature","id":"UTL_TELECOM_DUCTS-000217","geometry":{"type":"MultiLineString","coordinates":[[[39.243793,21.496485],[39.243708,21.496917],[39.243705,21.496929]]]},"properties":{"duct_type":"Fiber Optic","status":"Planned","branch":"السليمانية","length_m":49.953,"duct_id":"UTL_TELECOM_DUCTS-000217"}},{"type":"Feature","id":"UTL_TELECOM_DUCTS-000218","geometry":{"type":"MultiLineString","coordinates":[[[39.244049,21.495091],[39.243992,21.495424],[39.243989,21.495438]]]},"properties":{"duct_type":"Fiber Optic","status":"Planned","branch":"السليمانية","length_m":38.862,"duct_id":"UTL_TELECOM_DUCTS-000218"}},{"type":"Feature","id":"UTL_TELECOM_DUCTS-000219","geometry":{"type":"MultiLineString","coordinates":[[[39.240603,21.495273],[39.240595,21.495273],[39.239178,21.495429],[39.239178,21.495417],[39.239177,21.49541]]]},"properties":{"status":"Planned","branch":"السليمانية","length_m":150.679,"duct_id":"UTL_TELECOM_DUCTS-000219"}},{"type":"Feature","id":"UTL_TELECOM_DUCTS-000220","geometry":{"type":"MultiLineString","coordinates":[[[39.244142,21.494834],[39.244144,21.49482],[39.244224,21.49422],[39.244225,21.494211]]]},"properties":{"duct_type":"Fiber Optic","status":"Planned","branch":"السليمانية","length_m":69.46,"duct_id":"UTL_TELECOM_DUCTS-000220"}},{"type":"Feature","id":"UTL_TELECOM_DUCTS-000221","geometry":{"type":"MultiLineString","coordinates":[[[39.253203,21.499778],[39.253261,21.499697],[39.253265,21.499692]]]},"properties":{"status":"Planned","branch":"السليمانية","length_m":11.506,"duct_id":"UTL_TELECOM_DUCTS-000221"}},{"type":"Feature","id":"UTL_TELECOM_DUCTS-000222","geometry":{"type":"MultiLineString","coordinates":[[[39.240201,21.498326],[39.240719,21.498262],[39.240847,21.498246],[39.241185,21.498252],[39.241333,21.498281],[39.24148,21.498311],[39.241627,21.498344],[39.241774,21.498378],[39.24192,21.498413],[39.242065,21.498451],[39.24221,21.49849],[39.242328,21.498523],[39.242445,21.498557],[39.242562,21.498593],[39.242679,21.498629],[39.242795,21.498667],[39.242911,21.498705],[39.243026,21.498745]]]},"properties":{"duct_type":"Fiber Optic","status":"Planned","branch":"السليمانية","length_m":301.111,"duct_id":"UTL_TELECOM_DUCTS-000222"}},{"type":"Feature","id":"UTL_TELECOM_DUCTS-000223","geometry":{"type":"MultiLineString","coordinates":[[[39.246762,21.489005],[39.24677,21.488998],[39.246927,21.488869],[39.246935,21.488862]]]},"properties":{"duct_type":"Fiber Optic","status":"Planned","branch":"السليمانية","length_m":23.865,"duct_id":"UTL_TELECOM_DUCTS-000223"}},{"type":"Feature","id":"UTL_TELECOM_DUCTS-000224","geometry":{"type":"MultiLineString","coordinates":[[[39.247584,21.488985],[39.247576,21.488984],[39.246937,21.488862],[39.246935,21.488862]]]},"properties":{"duct_type":"Fiber Optic","status":"Planned","branch":"السليمانية","length_m":68.661,"duct_id":"UTL_TELECOM_DUCTS-000224"}},{"type":"Feature","id":"UTL_TELECOM_DUCTS-000225","geometry":{"type":"MultiLineString","coordinates":[[[39.247153,21.490049],[39.247155,21.490041],[39.247245,21.489543],[39.247246,21.489536]]]},"properties":{"duct_type":"Fiber Optic","status":"Planned","branch":"السليمانية","length_m":57.537,"duct_id":"UTL_TELECOM_DUCTS-000225"}},{"type":"Feature","id":"UTL_TELECOM_DUCTS-000226","geometry":{"type":"MultiLineString","coordinates":[[[39.250043,21.490638],[39.250042,21.490624],[39.250057,21.490543],[39.250058,21.490536],[39.250087,21.49038],[39.250088,21.490372]]]},"properties":{"duct_type":"Fiber Optic","status":"Planned","branch":"السليمانية","length_m":29.874,"duct_id":"UTL_TELECOM_DUCTS-000226"}},{"type":"Feature","id":"UTL_TELECOM_DUCTS-000227","geometry":{"type":"MultiLineString","coordinates":[[[39.250101,21.490331],[39.250102,21.490323],[39.250144,21.490099],[39.250146,21.490091]]]},"properties":{"duct_type":"Fiber Optic","status":"Planned","branch":"السليمانية","length_m":26.904,"duct_id":"UTL_TELECOM_DUCTS-000227"}},{"type":"Feature","id":"UTL_TELECOM_DUCTS-000228","geometry":{"type":"MultiLineString","coordinates":[[[39.249715,21.490014],[39.250138,21.49009],[39.250146,21.490091]]]},"properties":{"duct_type":"Fiber Optic","status":"Planned","branch":"السليمانية","length_m":45.488,"duct_id":"UTL_TELECOM_DUCTS-000228"}},{"type":"Feature","id":"UTL_TELECOM_DUCTS-000229","geometry":{"type":"MultiLineString","coordinates":[[[39.245502,21.489776],[39.245494,21.489775],[39.244844,21.489669],[39.244835,21.489667]]]},"properties":{"duct_type":"Fiber Optic","status":"Planned","branch":"السليمانية","length_m":70.137,"duct_id":"UTL_TELECOM_DUCTS-000229"}},{"type":"Feature","id":"UTL_TELECOM_DUCTS-000230","geometry":{"type":"MultiLineString","coordinates":[[[39.244835,21.489667],[39.244827,21.489666],[39.243865,21.489506],[39.243857,21.489505]]]},"properties":{"duct_type":"Fiber Optic","status":"Planned","branch":"السليمانية","length_m":102.965,"duct_id":"UTL_TELECOM_DUCTS-000230"}},{"type":"Feature","id":"UTL_TELECOM_DUCTS-000231","geometry":{"type":"MultiLineString","coordinates":[[[39.243891,21.494129],[39.244147,21.494168],[39.244156,21.494171]]]},"properties":{"duct_type":"Fiber Optic","status":"Planned","branch":"السليمانية","length_m":27.868,"duct_id":"UTL_TELECOM_DUCTS-000231"}},{"type":"Feature","id":"UTL_TELECOM_DUCTS-000232","geometry":{"type":"MultiLineString","coordinates":[[[39.243591,21.497568],[39.243583,21.497567],[39.243562,21.497564],[39.243457,21.497546]]]},"properties":{"duct_type":"Fiber Optic","status":"Planned","branch":"السليمانية","length_m":14.083,"duct_id":"UTL_TELECOM_DUCTS-000232"}},{"type":"Feature","id":"UTL_TELECOM_DUCTS-000233","geometry":{"type":"MultiLineString","coordinates":[[[39.24427,21.494872],[39.244151,21.494836],[39.244142,21.494834]]]},"properties":{"duct_type":"Fiber Optic","status":"Planned","branch":"السليمانية","length_m":13.921,"duct_id":"UTL_TELECOM_DUCTS-000233"}},{"type":"Feature","id":"UTL_TELECOM_DUCTS-000234","geometry":{"type":"MultiLineString","coordinates":[[[39.243705,21.496929],[39.243714,21.49693],[39.243815,21.496938],[39.243885,21.496949],[39.244,21.496968],[39.244009,21.49697]]]},"properties":{"duct_type":"Fiber Optic","status":"Planned","branch":"السليمانية","length_m":31.811,"duct_id":"UTL_TELECOM_DUCTS-000234"}},{"type":"Feature","id":"UTL_TELECOM_DUCTS-000235","geometry":{"type":"MultiLineString","coordinates":[[[39.237752,21.493892],[39.237759,21.493891],[39.238915,21.493742],[39.238921,21.493741]]]},"properties":{"duct_type":"Fiber Optic","status":"Planned","branch":"السليمانية","length_m":122.239,"duct_id":"UTL_TELECOM_DUCTS-000235"}},{"type":"Feature","id":"UTL_TELECOM_DUCTS-000236","geometry":{"type":"MultiLineString","coordinates":[[[39.243026,21.498745],[39.24303,21.498746],[39.244601,21.499178],[39.244612,21.499181],[39.245715,21.499485],[39.245719,21.499486]]]},"properties":{"duct_type":"Fiber Optic","status":"Planned","branch":"السليمانية","length_m":290.685,"duct_id":"UTL_TELECOM_DUCTS-000236"}},{"type":"Feature","id":"UTL_TELECOM_DUCTS-000237","geometry":{"type":"MultiLineString","coordinates":[[[39.254216,21.494328],[39.254216,21.49434],[39.254188,21.494557],[39.254159,21.494773],[39.254128,21.494989],[39.254096,21.495205],[39.254063,21.495421],[39.254029,21.495636],[39.253993,21.495852],[39.253965,21.496016],[39.253937,21.496181],[39.253907,21.496345],[39.253877,21.496509],[39.253846,21.496673],[39.253814,21.496837],[39.253782,21.497],[39.253781,21.49701]]]},"properties":{"status":"Planned","branch":"السليمانية","length_m":300.292,"duct_id":"UTL_TELECOM_DUCTS-000237"}},{"type":"Feature","id":"UTL_TELECOM_DUCTS-000238","geometry":{"type":"MultiLineString","coordinates":[[[39.234714,21.488144],[39.234812,21.487942],[39.234818,21.48793]]]},"properties":{"duct_type":"Fiber Optic","status":"Planned","branch":"السليمانية","length_m":25.976,"duct_id":"UTL_TELECOM_DUCTS-000238"}},{"type":"Feature","id":"UTL_TELECOM_DUCTS-000239","geometry":{"type":"MultiLineString","coordinates":[[[39.234814,21.488131],[39.234818,21.487945],[39.234818,21.48793]]]},"properties":{"duct_type":"Fiber Optic","status":"Planned","branch":"السليمانية","length_m":22.276,"duct_id":"UTL_TELECOM_DUCTS-000239"}},{"type":"Feature","id":"UTL_TELECOM_DUCTS-000240","geometry":{"type":"MultiLineString","coordinates":[[[39.252513,21.48738],[39.252577,21.487059],[39.252579,21.487045]]]},"properties":{"duct_type":"Fiber Optic","status":"Planned","branch":"السليمانية","length_m":37.738,"duct_id":"UTL_TELECOM_DUCTS-000240"}},{"type":"Feature","id":"UTL_TELECOM_DUCTS-000241","geometry":{"type":"MultiLineString","coordinates":[[[39.245719,21.499486],[39.245722,21.499486],[39.247331,21.499848],[39.247585,21.499905],[39.247984,21.499995],[39.248251,21.500055]]]},"properties":{"duct_type":"Fiber Optic","status":"Planned","branch":"السليمانية","length_m":269.721,"duct_id":"UTL_TELECOM_DUCTS-000241"}},{"type":"Feature","id":"UTL_TELECOM_DUCTS-000242","geometry":{"type":"MultiLineString","coordinates":[[[39.246202,21.489893],[39.24621,21.489895],[39.246945,21.490023],[39.248095,21.490234],[39.248103,21.490236]]]},"properties":{"duct_type":"Fiber Optic","status":"Planned","branch":"السليمانية","length_m":200.583,"duct_id":"UTL_TELECOM_DUCTS-000242"}},{"type":"Feature","id":"UTL_TELECOM_DUCTS-000243","geometry":{"type":"MultiLineString","coordinates":[[[39.246455,21.489934],[39.246463,21.489936],[39.247145,21.490047],[39.247153,21.490049]]]},"properties":{"duct_type":"Fiber Optic","status":"Planned","branch":"السليمانية","length_m":73.454,"duct_id":"UTL_TELECOM_DUCTS-000243"}},{"type":"Feature","id":"UTL_TELECOM_DUCTS-000244","geometry":{"type":"MultiLineString","coordinates":[[[39.249233,21.490393],[39.249241,21.490394],[39.250004,21.490514],[39.250019,21.490516]]]},"properties":{"duct_type":"Fiber Optic","status":"Planned","branch":"السليمانية","length_m":82.533,"duct_id":"UTL_TELECOM_DUCTS-000244"}},{"type":"Feature","id":"UTL_TELECOM_DUCTS-000245","geometry":{"type":"MultiLineString","coordinates":[[[39.250512,21.488555],[39.250513,21.488555],[39.250515,21.488555],[39.251089,21.488649],[39.251055,21.488853],[39.251055,21.488856]]]},"properties":{"duct_type":"Fiber Optic","status":"Planned","branch":"السليمانية","length_m":83.912,"duct_id":"UTL_TELECOM_DUCTS-000245"}},{"type":"Feature","id":"UTL_TELECOM_DUCTS-000246","geometry":{"type":"MultiLineString","coordinates":[[[39.239046,21.490904],[39.239046,21.490918],[39.23896,21.492179],[39.238959,21.492196]]]},"properties":{"duct_type":"Fiber Optic","status":"Planned","branch":"السليمانية","length_m":143.191,"duct_id":"UTL_TELECOM_DUCTS-000246"}},{"type":"Feature","id":"UTL_TELECOM_DUCTS-000247","geometry":{"type":"MultiLineString","coordinates":[[[39.239162,21.494753],[39.239161,21.494748],[39.23905,21.494503],[39.239048,21.494496]]]},"properties":{"status":"Planned","branch":"السليمانية","length_m":30.799,"duct_id":"UTL_TELECOM_DUCTS-000247"}},{"type":"Feature","id":"UTL_TELECOM_DUCTS-000248","geometry":{"type":"MultiLineString","coordinates":[[[39.242883,21.494992],[39.242876,21.494993],[39.241755,21.495131],[39.241747,21.495132]]]},"properties":{"status":"Planned","branch":"السليمانية","length_m":118.649,"duct_id":"UTL_TELECOM_DUCTS-000248"}},{"type":"Feature","id":"UTL_TELECOM_DUCTS-000249","geometry":{"type":"MultiLineString","coordinates":[[[39.244057,21.494837],[39.244067,21.494836],[39.244132,21.494834],[39.244142,21.494834]]]},"properties":{"duct_type":"Fiber Optic","status":"Planned","branch":"السليمانية","length_m":8.828,"duct_id":"UTL_TELECOM_DUCTS-000249"}},{"type":"Feature","id":"UTL_TELECOM_DUCTS-000250","geometry":{"type":"MultiLineString","coordinates":[[[39.243989,21.495438],[39.243987,21.495452],[39.243923,21.495799]]]},"properties":{"duct_type":"Fiber Optic","status":"Planned","branch":"السليمانية","length_m":40.587,"duct_id":"UTL_TELECOM_DUCTS-000250"}},{"type":"Feature","id":"UTL_TELECOM_DUCTS-000251","geometry":{"type":"MultiLineString","coordinates":[[[39.243705,21.496929],[39.243696,21.496928],[39.243686,21.496926]]]},"properties":{"duct_type":"Fiber Optic","status":"Planned","branch":"السليمانية","length_m":2.029,"duct_id":"UTL_TELECOM_DUCTS-000251"}},{"type":"Feature","id":"UTL_TELECOM_DUCTS-000252","geometry":{"type":"MultiLineString","coordinates":[[[39.242208,21.498493],[39.24221,21.498491],[39.24221,21.49849],[39.242267,21.498408],[39.242269,21.498405]]]},"properties":{"duct_type":"Fiber Optic","status":"Planned","branch":"السليمانية","length_m":11.615,"duct_id":"UTL_TELECOM_DUCTS-000252"}},{"type":"Feature","id":"UTL_TELECOM_DUCTS-000253","geometry":{"type":"MultiLineString","coordinates":[[[39.241976,21.498706],[39.242057,21.498458],[39.242058,21.498456]]]},"properties":{"duct_type":"Fiber Optic","status":"Planned","branch":"السليمانية","length_m":28.877,"duct_id":"UTL_TELECOM_DUCTS-000253"}},{"type":"Feature","id":"UTL_TELECOM_DUCTS-000254","geometry":{"type":"MultiLineString","coordinates":[[[39.242208,21.498493],[39.242205,21.498492],[39.24206,21.498457],[39.242058,21.498456]]]},"properties":{"duct_type":"Fiber Optic","status":"Planned","branch":"السليمانية","length_m":16.12,"duct_id":"UTL_TELECOM_DUCTS-000254"}},{"type":"Feature","id":"UTL_TELECOM_DUCTS-000255","geometry":{"type":"MultiLineString","coordinates":[[[39.240208,21.49843],[39.2402,21.498437],[39.23977,21.498756],[39.239758,21.498764]]]},"properties":{"duct_type":"Fiber Optic","status":"Planned","branch":"السليمانية","length_m":59.471,"duct_id":"UTL_TELECOM_DUCTS-000255"}},{"type":"Feature","id":"UTL_TELECOM_DUCTS-000256","geometry":{"type":"MultiLineString","coordinates":[[[39.239758,21.498764],[39.239757,21.498764],[39.239651,21.498744],[39.239575,21.49873],[39.239573,21.49873],[39.239531,21.498722],[39.23952,21.498716]]]},"properties":{"duct_type":"Fiber Optic","status":"Planned","branch":"السليمانية","length_m":25.34,"duct_id":"UTL_TELECOM_DUCTS-000256"}},{"type":"Feature","id":"UTL_TELECOM_DUCTS-000257","geometry":{"type":"MultiLineString","coordinates":[[[39.248014,21.490315],[39.248024,21.490316],[39.250033,21.490636],[39.250043,21.490638]]]},"properties":{"duct_type":"Fiber Optic","status":"Planned","branch":"السليمانية","length_m":213.197,"duct_id":"UTL_TELECOM_DUCTS-000257"}},{"type":"Feature","id":"UTL_TELECOM_DUCTS-000258","geometry":{"type":"MultiLineString","coordinates":[[[39.245679,21.488807],[39.245691,21.48881],[39.24676,21.489005],[39.246762,21.489005]]]},"properties":{"duct_type":"Fiber Optic","status":"Planned","branch":"السليمانية","length_m":114.365,"duct_id":"UTL_TELECOM_DUCTS-000258"}},{"type":"Feature","id":"UTL_TELECOM_DUCTS-000259","geometry":{"type":"MultiLineString","coordinates":[[[39.251992,21.487296],[39.251983,21.487295],[39.251488,21.487244],[39.251479,21.487243]]]},"properties":{"duct_type":"Fiber Optic","status":"Planned","branch":"السليمانية","length_m":53.454,"duct_id":"UTL_TELECOM_DUCTS-000259"}},{"type":"Feature","id":"UTL_TELECOM_DUCTS-000260","geometry":{"type":"MultiLineString","coordinates":[[[39.240667,21.498421],[39.240668,21.498417],[39.240719,21.498262],[39.240755,21.498154],[39.240757,21.498149]]]},"properties":{"duct_type":"Fiber Optic","status":"Planned","branch":"السليمانية","length_m":31.533,"duct_id":"UTL_TELECOM_DUCTS-000260"}},{"type":"Feature","id":"UTL_TELECOM_DUCTS-000261","geometry":{"type":"MultiLineString","coordinates":[[[39.240667,21.498421],[39.240665,21.498421],[39.240217,21.49843],[39.240208,21.49843]]]},"properties":{"duct_type":"Fiber Optic","status":"Planned","branch":"السليمانية","length_m":47.489,"duct_id":"UTL_TELECOM_DUCTS-000261"}},{"type":"Feature","id":"UTL_TELECOM_DUCTS-000262","geometry":{"type":"MultiLineString","coordinates":[[[39.239541,21.497305],[39.239518,21.498444],[39.239517,21.498537],[39.23952,21.498706],[39.23952,21.498716]]]},"properties":{"duct_type":"Fiber Optic","status":"Planned","branch":"السليمانية","length_m":156.218,"duct_id":"UTL_TELECOM_DUCTS-000262"}},{"type":"Feature","id":"UTL_TELECOM_DUCTS-000263","geometry":{"type":"MultiLineString","coordinates":[[[39.236605,21.499132],[39.2366,21.499093],[39.236599,21.499087]]]},"properties":{"duct_type":"Fiber Optic","status":"Planned","branch":"السليمانية","length_m":4.996,"duct_id":"UTL_TELECOM_DUCTS-000263"}},{"type":"Feature","id":"UTL_TELECOM_DUCTS-000264","geometry":{"type":"MultiLineString","coordinates":[[[39.236432,21.499154],[39.236426,21.499115],[39.236425,21.499108]]]},"properties":{"duct_type":"Fiber Optic","status":"Planned","branch":"السليمانية","length_m":5.141,"duct_id":"UTL_TELECOM_DUCTS-000264"}},{"type":"Feature","id":"UTL_TELECOM_DUCTS-000265","geometry":{"type":"MultiLineString","coordinates":[[[39.236975,21.499578],[39.236921,21.499584],[39.236912,21.499585]]]},"properties":{"duct_type":"Fiber Optic","status":"Planned","branch":"السليمانية","length_m":6.531,"duct_id":"UTL_TELECOM_DUCTS-000265"}},{"type":"Feature","id":"UTL_TELECOM_DUCTS-000266","geometry":{"type":"MultiLineString","coordinates":[[[39.236599,21.499087],[39.236605,21.499085],[39.236831,21.499049],[39.236839,21.499047]]]},"properties":{"duct_type":"Fiber Optic","status":"Planned","branch":"السليمانية","length_m":25.248,"duct_id":"UTL_TELECOM_DUCTS-000266"}},{"type":"Feature","id":"UTL_TELECOM_DUCTS-000267","geometry":{"type":"MultiLineString","coordinates":[[[39.235633,21.499254],[39.23563,21.499235],[39.235629,21.499229]]]},"properties":{"duct_type":"Fiber Optic","status":"Planned","branch":"السليمانية","length_m":2.78,"duct_id":"UTL_TELECOM_DUCTS-000267"}},{"type":"Feature","id":"UTL_TELECOM_DUCTS-000268","geometry":{"type":"MultiLineString","coordinates":[[[39.235629,21.499229],[39.235636,21.499228],[39.236418,21.499109],[39.236425,21.499108]]]},"properties":{"duct_type":"Fiber Optic","status":"Planned","branch":"السليمانية","length_m":83.509,"duct_id":"UTL_TELECOM_DUCTS-000268"}},{"type":"Feature","id":"UTL_TELECOM_DUCTS-000269","geometry":{"type":"MultiLineString","coordinates":[[[39.236839,21.499047],[39.23684,21.499054],[39.236911,21.499579],[39.236912,21.499585]]]},"properties":{"duct_type":"Fiber Optic","status":"Planned","branch":"السليمانية","length_m":60.027,"duct_id":"UTL_TELECOM_DUCTS-000269"}},{"type":"Feature","id":"UTL_TELECOM_DUCTS-000270","geometry":{"type":"MultiLineString","coordinates":[[[39.244804,21.489643],[39.244796,21.489641],[39.243699,21.48947],[39.243691,21.489468]]]},"properties":{"duct_type":"Fiber Optic","status":"Planned","branch":"السليمانية","length_m":116.967,"duct_id":"UTL_TELECOM_DUCTS-000270"}},{"type":"Feature","id":"UTL_TELECOM_DUCTS-000271","geometry":{"type":"MultiLineString","coordinates":[[[39.247153,21.490049],[39.247161,21.490051],[39.247809,21.490156],[39.248199,21.490222],[39.248207,21.490224]]]},"properties":{"duct_type":"Fiber Optic","status":"Planned","branch":"السليمانية","length_m":110.876,"duct_id":"UTL_TELECOM_DUCTS-000271"}},{"type":"Feature","id":"UTL_TELECOM_DUCTS-000272","geometry":{"type":"MultiLineString","coordinates":[[[39.25096,21.487208],[39.250951,21.487206],[39.250759,21.487174],[39.25075,21.487173]]]},"properties":{"duct_type":"Fiber Optic","status":"Planned","branch":"السليمانية","length_m":22.052,"duct_id":"UTL_TELECOM_DUCTS-000272"}},{"type":"Feature","id":"UTL_TELECOM_DUCTS-000273","geometry":{"type":"MultiLineString","coordinates":[[[39.249812,21.485814],[39.249811,21.485822],[39.2497,21.486461],[39.249698,21.486468]]]},"properties":{"duct_type":"Fiber Optic","status":"Planned","branch":"السليمانية","length_m":73.344,"duct_id":"UTL_TELECOM_DUCTS-000273"}},{"type":"Feature","id":"UTL_TELECOM_DUCTS-000274","geometry":{"type":"MultiLineString","coordinates":[[[39.236425,21.499108],[39.236432,21.499107],[39.236591,21.499087],[39.236599,21.499087]]]},"properties":{"duct_type":"Fiber Optic","status":"Planned","branch":"السليمانية","length_m":18.157,"duct_id":"UTL_TELECOM_DUCTS-000274"}},{"type":"Feature","id":"UTL_TELECOM_DUCTS-000275","geometry":{"type":"MultiLineString","coordinates":[[[39.23544,21.498851],[39.235438,21.498846],[39.23505,21.497755],[39.23502,21.497673]]]},"properties":{"duct_type":"Fiber Optic","status":"Planned","branch":"السليمانية","length_m":137.502,"duct_id":"UTL_TELECOM_DUCTS-000275"}},{"type":"Feature","id":"UTL_TELECOM_DUCTS-000276","geometry":{"type":"MultiLineString","coordinates":[[[39.234743,21.498966],[39.234735,21.498968],[39.233857,21.499094],[39.233848,21.499096]]]},"properties":{"duct_type":"Fiber Optic","status":"Planned","branch":"السليمانية","length_m":93.801,"duct_id":"UTL_TELECOM_DUCTS-000276"}},{"type":"Feature","id":"UTL_TELECOM_DUCTS-000277","geometry":{"type":"MultiLineString","coordinates":[[[39.234743,21.498966],[39.234751,21.498965],[39.235432,21.498853],[39.23544,21.498851]]]},"properties":{"duct_type":"Fiber Optic","status":"Planned","branch":"السليمانية","length_m":73.264,"duct_id":"UTL_TELECOM_DUCTS-000277"}},{"type":"Feature","id":"UTL_TELECOM_DUCTS-000278","geometry":{"type":"MultiLineString","coordinates":[[[39.243208,21.487204],[39.243211,21.487204],[39.243606,21.48727],[39.24361,21.48727]]]},"properties":{"duct_type":"Fiber Optic","status":"Planned","branch":"السليمانية","length_m":42.268,"duct_id":"UTL_TELECOM_DUCTS-000278"}},{"type":"Feature","id":"UTL_TELECOM_DUCTS-000279","geometry":{"type":"MultiLineString","coordinates":[[[39.24547,21.485578],[39.245495,21.485564],[39.245499,21.485562]]]},"properties":{"duct_type":"Fiber Optic","status":"Planned","branch":"السليمانية","length_m":3.564,"duct_id":"UTL_TELECOM_DUCTS-000279"}},{"type":"Feature","id":"UTL_TELECOM_DUCTS-000280","geometry":{"type":"MultiLineString","coordinates":[[[39.246596,21.485452],[39.246728,21.485495],[39.246732,21.485497]]]},"properties":{"duct_type":"Fiber Optic","status":"Planned","branch":"السليمانية","length_m":14.883,"duct_id":"UTL_TELECOM_DUCTS-000280"}},{"type":"Feature","id":"UTL_TELECOM_DUCTS-000281","geometry":{"type":"MultiLineString","coordinates":[[[39.249341,21.488289],[39.249332,21.488288],[39.249174,21.488273],[39.249165,21.488272]]]},"properties":{"duct_type":"Fiber Optic","status":"Planned","branch":"السليمانية","length_m":18.253,"duct_id":"UTL_TELECOM_DUCTS-000281"}},{"type":"Feature","id":"UTL_TELECOM_DUCTS-000282","geometry":{"type":"MultiLineString","coordinates":[[[39.248487,21.487048],[39.248486,21.487054],[39.248485,21.487059]]]},"properties":{"duct_type":"Fiber Optic","status":"Planned","branch":"السليمانية","length_m":1.159,"duct_id":"UTL_TELECOM_DUCTS-000282"}},{"type":"Feature","id":"UTL_TELECOM_DUCTS-000283","geometry":{"type":"MultiLineString","coordinates":[[[39.245162,21.48714],[39.245169,21.487142],[39.245173,21.487142]]]},"properties":{"duct_type":"Fiber Optic","status":"Planned","branch":"السليمانية","length_m":1.18,"duct_id":"UTL_TELECOM_DUCTS-000283"}},{"type":"Feature","id":"UTL_TELECOM_DUCTS-000284","geometry":{"type":"MultiLineString","coordinates":[[[39.246624,21.485306],[39.246627,21.485291],[39.246629,21.485283]]]},"properties":{"duct_type":"Fiber Optic","status":"Planned","branch":"السليمانية","length_m":2.568,"duct_id":"UTL_TELECOM_DUCTS-000284"}},{"type":"Feature","id":"UTL_TELECOM_DUCTS-000285","geometry":{"type":"MultiLineString","coordinates":[[[39.245434,21.485912],[39.245433,21.485915],[39.245347,21.486207],[39.245346,21.486211]]]},"properties":{"duct_type":"Fiber Optic","status":"Planned","branch":"السليمانية","length_m":34.313,"duct_id":"UTL_TELECOM_DUCTS-000285"}},{"type":"Feature","id":"UTL_TELECOM_DUCTS-000286","geometry":{"type":"MultiLineString","coordinates":[[[39.247178,21.487933],[39.247164,21.487996],[39.247144,21.488085],[39.247142,21.488093]]]},"properties":{"duct_type":"Fiber Optic","status":"Planned","branch":"السليمانية","length_m":18.12,"duct_id":"UTL_TELECOM_DUCTS-000286"}},{"type":"Feature","id":"UTL_TELECOM_DUCTS-000287","geometry":{"type":"MultiLineString","coordinates":[[[39.246747,21.486628],[39.246743,21.486627],[39.246522,21.486608],[39.246518,21.486607]]]},"properties":{"duct_type":"Fiber Optic","status":"Planned","branch":"السليمانية","length_m":23.736,"duct_id":"UTL_TELECOM_DUCTS-000287"}},{"type":"Feature","id":"UTL_TELECOM_DUCTS-000288","geometry":{"type":"MultiLineString","coordinates":[[[39.250467,21.488736],[39.250468,21.488729],[39.25047,21.488719],[39.250493,21.488551],[39.250598,21.487799],[39.250636,21.487519],[39.25064,21.487503]]]},"properties":{"duct_type":"Fiber Optic","status":"Planned","branch":"السليمانية","length_m":137.712,"duct_id":"UTL_TELECOM_DUCTS-000288"}},{"type":"Feature","id":"UTL_TELECOM_DUCTS-000289","geometry":{"type":"MultiLineString","coordinates":[[[39.244564,21.487377],[39.244555,21.487375],[39.243613,21.487271],[39.24361,21.48727]]]},"properties":{"duct_type":"Fiber Optic","status":"Planned","branch":"السليمانية","length_m":99.541,"duct_id":"UTL_TELECOM_DUCTS-000289"}},{"type":"Feature","id":"UTL_TELECOM_DUCTS-000290","geometry":{"type":"MultiLineString","coordinates":[[[39.243117,21.487149],[39.24312,21.487149],[39.243205,21.487203],[39.243208,21.487204]]]},"properties":{"duct_type":"Fiber Optic","status":"Planned","branch":"السليمانية","length_m":11.322,"duct_id":"UTL_TELECOM_DUCTS-000290"}},{"type":"Feature","id":"UTL_TELECOM_DUCTS-000291","geometry":{"type":"MultiLineString","coordinates":[[[39.243063,21.487102],[39.243258,21.486047],[39.243258,21.486044]]]},"properties":{"duct_type":"Fiber Optic","status":"Planned","branch":"السليمانية","length_m":118.88,"duct_id":"UTL_TELECOM_DUCTS-000291"}},{"type":"Feature","id":"UTL_TELECOM_DUCTS-000292","geometry":{"type":"MultiLineString","coordinates":[[[39.245499,21.485562],[39.245499,21.485562],[39.245498,21.485568],[39.245434,21.485908],[39.245434,21.485912]]]},"properties":{"duct_type":"Fiber Optic","status":"Planned","branch":"السليمانية","length_m":39.29,"duct_id":"UTL_TELECOM_DUCTS-000292"}},{"type":"Feature","id":"UTL_TELECOM_DUCTS-000293","geometry":{"type":"MultiLineString","coordinates":[[[39.25333,21.500578],[39.253326,21.500578],[39.253324,21.500578],[39.253323,21.500577],[39.253321,21.500577],[39.25332,21.500577],[39.253319,21.500577],[39.253317,21.500577],[39.253316,21.500577],[39.253285,21.500572],[39.253254,21.500566],[39.253223,21.500558],[39.253193,21.500548],[39.253165,21.500536],[39.253137,21.500522],[39.25311,21.500506],[39.253109,21.500506],[39.253029,21.500456],[39.252889,21.500368],[39.252866,21.500354],[39.252842,21.500341],[39.252817,21.500329],[39.252792,21.500318],[39.252766,21.500308],[39.25274,21.500299],[39.252714,21.50029]]]},"properties":{"duct_type":"Fiber Optic","status":"Planned","branch":"السليمانية","length_m":72.051,"duct_id":"UTL_TELECOM_DUCTS-000293"}},{"type":"Feature","id":"UTL_TELECOM_DUCTS-000294","geometry":{"type":"MultiLineString","coordinates":[[[39.23952,21.498716],[39.239519,21.498727],[39.239579,21.499502],[39.239581,21.499523]]]},"properties":{"duct_type":"Fiber Optic","status":"Planned","branch":"السليمانية","length_m":89.566,"duct_id":"UTL_TELECOM_DUCTS-000294"}},{"type":"Feature","id":"UTL_TELECOM_DUCTS-000295","geometry":{"type":"MultiLineString","coordinates":[[[39.250043,21.490638],[39.250044,21.490652],[39.250065,21.491076],[39.250067,21.491085]]]},"properties":{"duct_type":"Fiber Optic","status":"Planned","branch":"السليمانية","length_m":49.566,"duct_id":"UTL_TELECOM_DUCTS-000295"}},{"type":"Feature","id":"UTL_TELECOM_DUCTS-000296","geometry":{"type":"MultiLineString","coordinates":[[[39.245589,21.491587],[39.245599,21.491592],[39.245612,21.491593],[39.245626,21.491594],[39.24564,21.491595],[39.245654,21.491595],[39.245668,21.491595],[39.245682,21.491595],[39.245696,21.491595],[39.245697,21.491595],[39.245764,21.491597],[39.245832,21.4916],[39.245899,21.491605],[39.245966,21.491611],[39.246033,21.491619],[39.2461,21.491627],[39.246167,21.491638],[39.246167,21.491638],[39.246249,21.491652],[39.24633,21.491669],[39.246411,21.491687],[39.246491,21.491708],[39.246571,21.491732],[39.24665,21.491757],[39.246727,21.491785],[39.246759,21.491792],[39.24676,21.491793],[39.246761,21.491793],[39.246762,21.491793],[39.246763,21.491793],[39.246765,21.491793],[39.246766,21.491793],[39.246767,21.491793],[39.246768,21.491793],[39.246769,21.491793]]]},"properties":{"duct_type":"Fiber Optic","status":"Planned","branch":"السليمانية","length_m":125.247,"duct_id":"UTL_TELECOM_DUCTS-000296"}},{"type":"Feature","id":"UTL_TELECOM_DUCTS-000297","geometry":{"type":"MultiLineString","coordinates":[[[39.245589,21.491587],[39.245579,21.491587],[39.245546,21.491588],[39.245513,21.491588],[39.24548,21.491589],[39.245447,21.491591],[39.245414,21.491592],[39.245381,21.491594],[39.245348,21.491596],[39.24514,21.491613],[39.244625,21.491662],[39.244615,21.491662]]]},"properties":{"duct_type":"Fiber Optic","status":"Planned","branch":"السليمانية","length_m":101.214,"duct_id":"UTL_TELECOM_DUCTS-000297"}},{"type":"Feature","id":"UTL_TELECOM_DUCTS-000298","geometry":{"type":"MultiLineString","coordinates":[[[39.244813,21.500817],[39.244815,21.500806],[39.24485,21.500611],[39.244851,21.500602]]]},"properties":{"duct_type":"Fiber Optic","status":"Planned","branch":"السليمانية","length_m":24.11,"duct_id":"UTL_TELECOM_DUCTS-000298"}},{"type":"Feature","id":"UTL_TELECOM_DUCTS-000299","geometry":{"type":"MultiLineString","coordinates":[[[39.244875,21.500466],[39.244877,21.500457],[39.24492,21.500218],[39.244921,21.500209]]]},"properties":{"duct_type":"Fiber Optic","status":"Planned","branch":"السليمانية","length_m":28.902,"duct_id":"UTL_TELECOM_DUCTS-000299"}},{"type":"Feature","id":"UTL_TELECOM_DUCTS-000300","geometry":{"type":"MultiLineString","coordinates":[[[39.244358,21.499706],[39.244228,21.499807],[39.244124,21.499933],[39.244118,21.499942]]]},"properties":{"duct_type":"Fiber Optic","status":"Planned","branch":"السليمانية","length_m":36.26,"duct_id":"UTL_TELECOM_DUCTS-000300"}},{"type":"Feature","id":"UTL_TELECOM_DUCTS-000301","geometry":{"type":"MultiLineString","coordinates":[[[39.24496,21.501202],[39.244961,21.501203],[39.244962,21.501204],[39.244963,21.501205],[39.244963,21.501206],[39.244964,21.501206],[39.244965,21.501207],[39.244966,21.501208],[39.244991,21.501227],[39.245017,21.501244],[39.245044,21.501261],[39.245072,21.501275],[39.245101,21.501288],[39.24513,21.5013],[39.24516,21.50131],[39.245168,21.501313]]]},"properties":{"duct_type":"Fiber Optic","status":"Planned","branch":"السليمانية","length_m":25.002,"duct_id":"UTL_TELECOM_DUCTS-000301"}},{"type":"Feature","id":"UTL_TELECOM_DUCTS-000302","geometry":{"type":"MultiLineString","coordinates":[[[39.245853,21.499985],[39.245859,21.499992],[39.245985,21.500122],[39.245992,21.50013]]]},"properties":{"duct_type":"Fiber Optic","status":"Planned","branch":"السليمانية","length_m":21.536,"duct_id":"UTL_TELECOM_DUCTS-000302"}},{"type":"Feature","id":"UTL_TELECOM_DUCTS-000303","geometry":{"type":"MultiLineString","coordinates":[[[39.244801,21.50088],[39.244803,21.500871],[39.244811,21.500824],[39.244813,21.500817]]]},"properties":{"duct_type":"Fiber Optic","status":"Planned","branch":"السليمانية","length_m":7.12,"duct_id":"UTL_TELECOM_DUCTS-000303"}},{"type":"Feature","id":"UTL_TELECOM_DUCTS-000304","geometry":{"type":"MultiLineString","coordinates":[[[39.246124,21.500451],[39.246125,21.50046],[39.246126,21.500481],[39.246127,21.500501],[39.246127,21.500521],[39.246126,21.500542],[39.246124,21.500562],[39.246122,21.500582],[39.246119,21.500602],[39.246117,21.500613]]]},"properties":{"duct_type":"Fiber Optic","status":"Planned","branch":"السليمانية","length_m":17.947,"duct_id":"UTL_TELECOM_DUCTS-000304"}},{"type":"Feature","id":"UTL_TELECOM_DUCTS-000305","geometry":{"type":"MultiLineString","coordinates":[[[39.246117,21.500613],[39.246128,21.500614],[39.246264,21.500635]]]},"properties":{"duct_type":"Fiber Optic","status":"Planned","branch":"السليمانية","length_m":15.356,"duct_id":"UTL_TELECOM_DUCTS-000305"}},{"type":"Feature","id":"UTL_TELECOM_DUCTS-000306","geometry":{"type":"MultiLineString","coordinates":[[[39.244639,21.499088],[39.244601,21.499178],[39.244595,21.499192],[39.244547,21.499302],[39.244545,21.499307],[39.244543,21.499311],[39.244533,21.499338],[39.244618,21.499505]]]},"properties":{"duct_type":"Fiber Optic","status":"Planned","branch":"السليمانية","length_m":50.248,"duct_id":"UTL_TELECOM_DUCTS-000306"}},{"type":"Feature","id":"UTL_TELECOM_DUCTS-000307","geometry":{"type":"MultiLineString","coordinates":[[[39.244009,21.49697],[39.244715,21.497086],[39.244725,21.497087]]]},"properties":{"duct_type":"Fiber Optic","status":"Planned","branch":"السليمانية","length_m":75.267,"duct_id":"UTL_TELECOM_DUCTS-000307"}},{"type":"Feature","id":"UTL_TELECOM_DUCTS-000308","geometry":{"type":"MultiLineString","coordinates":[[[39.244725,21.497087],[39.244734,21.497089],[39.244944,21.497124],[39.244962,21.497126]]]},"properties":{"duct_type":"Fiber Optic","status":"Planned","branch":"السليمانية","length_m":24.897,"duct_id":"UTL_TELECOM_DUCTS-000308"}},{"type":"Feature","id":"UTL_TELECOM_DUCTS-000309","geometry":{"type":"MultiLineString","coordinates":[[[39.244933,21.49737],[39.244933,21.497379],[39.244931,21.497401],[39.244922,21.497596],[39.244917,21.497647],[39.244917,21.497653]]]},"properties":{"status":"Planned","branch":"السليمانية","length_m":31.315,"duct_id":"UTL_TELECOM_DUCTS-000309"}},{"type":"Feature","id":"UTL_TELECOM_DUCTS-000310","geometry":{"type":"MultiLineString","coordinates":[[[39.244933,21.49737],[39.244934,21.497361],[39.244939,21.497281],[39.244939,21.49727],[39.244939,21.497258],[39.244939,21.497247],[39.24494,21.497236],[39.244941,21.497224],[39.244942,21.497213],[39.244943,21.497202],[39.244959,21.497136],[39.244962,21.497126]]]},"properties":{"status":"Planned","branch":"السليمانية","length_m":27.233,"duct_id":"UTL_TELECOM_DUCTS-000310"}},{"type":"Feature","id":"UTL_TELECOM_DUCTS-000311","geometry":{"type":"MultiLineString","coordinates":[[[39.244962,21.497126],[39.244978,21.497129],[39.24607,21.497309],[39.246084,21.497311]]]},"properties":{"status":"Planned","branch":"السليمانية","length_m":118.086,"duct_id":"UTL_TELECOM_DUCTS-000311"}},{"type":"Feature","id":"UTL_TELECOM_DUCTS-000312","geometry":{"type":"MultiLineString","coordinates":[[[39.246084,21.497311],[39.246099,21.497313],[39.247053,21.497465],[39.247085,21.49747],[39.247093,21.497471]]]},"properties":{"status":"Planned","branch":"السليمانية","length_m":106.021,"duct_id":"UTL_TELECOM_DUCTS-000312"}},{"type":"Feature","id":"UTL_TELECOM_DUCTS-000313","geometry":{"type":"MultiLineString","coordinates":[[[39.260757,21.50073],[39.260562,21.500982],[39.260395,21.501198]]]},"properties":{"status":"Planned","branch":"السليمانية","length_m":63.988,"duct_id":"UTL_TELECOM_DUCTS-000313"}},{"type":"Feature","id":"UTL_TELECOM_DUCTS-000314","geometry":{"type":"MultiLineString","coordinates":[[[39.262136,21.498967],[39.262404,21.498625]]]},"properties":{"status":"Planned","branch":"السليمانية","length_m":46.939,"duct_id":"UTL_TELECOM_DUCTS-000314"}},{"type":"Feature","id":"UTL_TELECOM_DUCTS-000315","geometry":{"type":"MultiLineString","coordinates":[[[39.262707,21.498239],[39.262976,21.497895]]]},"properties":{"status":"Planned","branch":"السليمانية","length_m":47.189,"duct_id":"UTL_TELECOM_DUCTS-000315"}},{"type":"Feature","id":"UTL_TELECOM_DUCTS-000316","geometry":{"type":"MultiLineString","coordinates":[[[39.261256,21.500089],[39.261014,21.500398],[39.261012,21.500401]]]},"properties":{"status":"Planned","branch":"السليمانية","length_m":42.87,"duct_id":"UTL_TELECOM_DUCTS-000316"}},{"type":"Feature","id":"UTL_TELECOM_DUCTS-000317","geometry":{"type":"MultiLineString","coordinates":[[[39.239796,21.488878],[39.239789,21.488877],[39.239319,21.488825],[39.239042,21.488794],[39.239029,21.488792]]]},"properties":{"duct_type":"Fiber Optic","status":"Planned","branch":"السليمانية","length_m":80.038,"duct_id":"UTL_TELECOM_DUCTS-000317"}},{"type":"Feature","id":"UTL_TELECOM_DUCTS-000318","geometry":{"type":"MultiLineString","coordinates":[[[39.26385,21.491738],[39.263896,21.491884]]]},"properties":{"status":"Planned","branch":"السليمانية","length_m":16.845,"duct_id":"UTL_TELECOM_DUCTS-000318"}},{"type":"Feature","id":"UTL_TELECOM_DUCTS-000319","geometry":{"type":"MultiLineString","coordinates":[[[39.264122,21.492608],[39.264104,21.49255]]]},"properties":{"status":"Planned","branch":"السليمانية","length_m":6.635,"duct_id":"UTL_TELECOM_DUCTS-000319"}},{"type":"Feature","id":"UTL_TELECOM_DUCTS-000320","geometry":{"type":"MultiLineString","coordinates":[[[39.264391,21.48919],[39.264219,21.48864],[39.264216,21.48863],[39.264212,21.488621],[39.264209,21.488612],[39.264205,21.488603],[39.264201,21.488595],[39.264197,21.488586],[39.264192,21.488577],[39.264182,21.48856],[39.264172,21.488544],[39.26416,21.488527],[39.264147,21.488512],[39.264134,21.488497],[39.26412,21.488483],[39.264105,21.48847],[39.264101,21.488465],[39.264096,21.48846],[39.264092,21.488456],[39.264087,21.488451],[39.264082,21.488448],[39.264076,21.488444],[39.264071,21.488441],[39.264065,21.488438],[39.264059,21.488436],[39.264053,21.488434],[39.264046,21.488432],[39.26404,21.488431],[39.264033,21.48843],[39.264027,21.488429],[39.26402,21.488429],[39.264017,21.48843]]]},"properties":{"status":"Planned","branch":"السليمانية","length_m":96.541,"duct_id":"UTL_TELECOM_DUCTS-000320"}},{"type":"Feature","id":"UTL_TELECOM_DUCTS-000321","geometry":{"type":"MultiLineString","coordinates":[[[39.262404,21.498625],[39.262707,21.498239]]]},"properties":{"status":"Planned","branch":"السليمانية","length_m":53.015,"duct_id":"UTL_TELECOM_DUCTS-000321"}},{"type":"Feature","id":"UTL_TELECOM_DUCTS-000322","geometry":{"type":"MultiLineString","coordinates":[[[39.264215,21.495939],[39.26422,21.495933],[39.264895,21.494898]]]},"properties":{"status":"Planned","branch":"السليمانية","length_m":135.044,"duct_id":"UTL_TELECOM_DUCTS-000322"}},{"type":"Feature","id":"UTL_TELECOM_DUCTS-000323","geometry":{"type":"MultiLineString","coordinates":[[[39.255679,21.502256],[39.255686,21.502257],[39.255807,21.502265],[39.255831,21.502266],[39.255956,21.502275],[39.255964,21.502276]]]},"properties":{"status":"Planned","branch":"السليمانية","length_m":29.636,"duct_id":"UTL_TELECOM_DUCTS-000323"}},{"type":"Feature","id":"UTL_TELECOM_DUCTS-000324","geometry":{"type":"MultiLineString","coordinates":[[[39.264791,21.494622],[39.264794,21.494626],[39.264801,21.494631],[39.264807,21.494637],[39.264813,21.494643],[39.264819,21.494649],[39.264826,21.494654],[39.264833,21.494659],[39.264839,21.494665],[39.264847,21.494671],[39.264855,21.494679],[39.264863,21.494686],[39.264871,21.494693],[39.264878,21.494701],[39.264884,21.494709],[39.264891,21.494718],[39.264901,21.494733],[39.26491,21.494748],[39.264918,21.494764],[39.264925,21.49478],[39.26493,21.494797],[39.264935,21.494814],[39.264938,21.494832],[39.264895,21.494898]]]},"properties":{"status":"Planned","branch":"السليمانية","length_m":37.063,"duct_id":"UTL_TELECOM_DUCTS-000324"}},{"type":"Feature","id":"UTL_TELECOM_DUCTS-000325","geometry":{"type":"MultiLineString","coordinates":[[[39.264667,21.494342],[39.264667,21.494341],[39.264535,21.493921]]]},"properties":{"status":"Planned","branch":"السليمانية","length_m":48.575,"duct_id":"UTL_TELECOM_DUCTS-000325"}},{"type":"Feature","id":"UTL_TELECOM_DUCTS-000326","geometry":{"type":"MultiLineString","coordinates":[[[39.264535,21.493921],[39.264392,21.493466]]]},"properties":{"status":"Planned","branch":"السليمانية","length_m":52.493,"duct_id":"UTL_TELECOM_DUCTS-000326"}},{"type":"Feature","id":"UTL_TELECOM_DUCTS-000327","geometry":{"type":"MultiLineString","coordinates":[[[39.243871,21.496087],[39.244057,21.496126]]]},"properties":{"duct_type":"Fiber Optic","status":"Planned","branch":"السليمانية","length_m":19.737,"duct_id":"UTL_TELECOM_DUCTS-000327"}},{"type":"Feature","id":"UTL_TELECOM_DUCTS-000328","geometry":{"type":"MultiLineString","coordinates":[[[39.26473,21.490549],[39.264803,21.490524],[39.264808,21.490522]]]},"properties":{"status":"Planned","branch":"السليمانية","length_m":8.651,"duct_id":"UTL_TELECOM_DUCTS-000328"}},{"type":"Feature","id":"UTL_TELECOM_DUCTS-000329","geometry":{"type":"MultiLineString","coordinates":[[[39.264808,21.490522],[39.264806,21.490516],[39.264619,21.489919]]]},"properties":{"status":"Planned","branch":"السليمانية","length_m":69.514,"duct_id":"UTL_TELECOM_DUCTS-000329"}},{"type":"Feature","id":"UTL_TELECOM_DUCTS-000330","geometry":{"type":"MultiLineString","coordinates":[[[39.264055,21.488309],[39.264019,21.488424],[39.264017,21.48843]]]},"properties":{"status":"Planned","branch":"السليمانية","length_m":13.921,"duct_id":"UTL_TELECOM_DUCTS-000330"}},{"type":"Feature","id":"UTL_TELECOM_DUCTS-000331","geometry":{"type":"MultiLineString","coordinates":[[[39.264017,21.48843],[39.26354,21.488561]]]},"properties":{"status":"Planned","branch":"السليمانية","length_m":51.512,"duct_id":"UTL_TELECOM_DUCTS-000331"}},{"type":"Feature","id":"UTL_TELECOM_DUCTS-000332","geometry":{"type":"MultiLineString","coordinates":[[[39.264392,21.493466],[39.264386,21.493448]]]},"properties":{"status":"Planned","branch":"السليمانية","length_m":2.06,"duct_id":"UTL_TELECOM_DUCTS-000332"}},{"type":"Feature","id":"UTL_TELECOM_DUCTS-000333","geometry":{"type":"MultiLineString","coordinates":[[[39.264667,21.494342],[39.264669,21.494348],[39.26467,21.494437]]]},"properties":{"status":"Planned","branch":"السليمانية","length_m":10.58,"duct_id":"UTL_TELECOM_DUCTS-000333"}},{"type":"Feature","id":"UTL_TELECOM_DUCTS-000334","geometry":{"type":"MultiLineString","coordinates":[[[39.245501,21.485507],[39.2455,21.48551],[39.2455,21.485512],[39.245499,21.485516],[39.245499,21.485519],[39.245499,21.485562]]]},"properties":{"duct_type":"Fiber Optic","status":"Planned","branch":"السليمانية","length_m":6.063,"duct_id":"UTL_TELECOM_DUCTS-000334"}},{"type":"Feature","id":"UTL_TELECOM_DUCTS-000335","geometry":{"type":"MultiLineString","coordinates":[[[39.249341,21.487125],[39.249342,21.487122],[39.249371,21.486981],[39.249371,21.486978]]]},"properties":{"status":"Planned","branch":"السليمانية","length_m":16.529,"duct_id":"UTL_TELECOM_DUCTS-000335"}},{"type":"Feature","id":"UTL_TELECOM_DUCTS-000336","geometry":{"type":"MultiLineString","coordinates":[[[39.249094,21.48761],[39.24909,21.487609],[39.248797,21.487559],[39.248792,21.487558]]]},"properties":{"duct_type":"Fiber Optic","status":"Planned","branch":"السليمانية","length_m":31.82,"duct_id":"UTL_TELECOM_DUCTS-000336"}},{"type":"Feature","id":"UTL_TELECOM_DUCTS-000337","geometry":{"type":"MultiLineString","coordinates":[[[39.249076,21.487636],[39.249093,21.487618],[39.249094,21.487612],[39.249094,21.48761]]]},"properties":{"duct_type":"Fiber Optic","status":"Planned","branch":"السليمانية","length_m":3.545,"duct_id":"UTL_TELECOM_DUCTS-000337"}},{"type":"Feature","id":"UTL_TELECOM_DUCTS-000338","geometry":{"type":"MultiLineString","coordinates":[[[39.246629,21.485283],[39.246637,21.485285],[39.247459,21.485423],[39.247467,21.485424]]]},"properties":{"duct_type":"Fiber Optic","status":"Planned","branch":"السليمانية","length_m":88.201,"duct_id":"UTL_TELECOM_DUCTS-000338"}},{"type":"Feature","id":"UTL_TELECOM_DUCTS-000339","geometry":{"type":"MultiLineString","coordinates":[[[39.248397,21.485582],[39.248388,21.48558],[39.247476,21.485426],[39.247467,21.485424]]]},"properties":{"duct_type":"Fiber Optic","status":"Planned","branch":"السليمانية","length_m":97.879,"duct_id":"UTL_TELECOM_DUCTS-000339"}},{"type":"Feature","id":"UTL_TELECOM_DUCTS-000340","geometry":{"type":"MultiLineString","coordinates":[[[39.246304,21.487267],[39.246301,21.487267],[39.246124,21.487289],[39.246121,21.48729]]]},"properties":{"duct_type":"Fiber Optic","status":"Planned","branch":"السليمانية","length_m":19.135,"duct_id":"UTL_TELECOM_DUCTS-000340"}},{"type":"Feature","id":"UTL_TELECOM_DUCTS-000341","geometry":{"type":"MultiLineString","coordinates":[[[39.246357,21.486992],[39.246357,21.486995],[39.246305,21.487264],[39.246304,21.487267]]]},"properties":{"duct_type":"Fiber Optic","status":"Planned","branch":"السليمانية","length_m":30.868,"duct_id":"UTL_TELECOM_DUCTS-000341"}},{"type":"Feature","id":"UTL_TELECOM_DUCTS-000342","geometry":{"type":"MultiLineString","coordinates":[[[39.246518,21.486607],[39.246518,21.48661],[39.246444,21.487001],[39.246443,21.487004]]]},"properties":{"duct_type":"Fiber Optic","status":"Planned","branch":"السليمانية","length_m":44.556,"duct_id":"UTL_TELECOM_DUCTS-000342"}},{"type":"Feature","id":"UTL_TELECOM_DUCTS-000343","geometry":{"type":"MultiLineString","coordinates":[[[39.246443,21.487004],[39.24644,21.487003],[39.24636,21.486993],[39.246357,21.486992]]]},"properties":{"duct_type":"Fiber Optic","status":"Planned","branch":"السليمانية","length_m":9.011,"duct_id":"UTL_TELECOM_DUCTS-000343"}},{"type":"Feature","id":"UTL_TELECOM_DUCTS-000344","geometry":{"type":"MultiLineString","coordinates":[[[39.246666,21.485808],[39.246665,21.485811],[39.246665,21.485813],[39.246665,21.485815],[39.246664,21.485818],[39.246533,21.486453],[39.246532,21.486457]]]},"properties":{"duct_type":"Fiber Optic","status":"Planned","branch":"السليمانية","length_m":73.108,"duct_id":"UTL_TELECOM_DUCTS-000344"}},{"type":"Feature","id":"UTL_TELECOM_DUCTS-000345","geometry":{"type":"MultiLineString","coordinates":[[[39.246732,21.485497],[39.246731,21.485499],[39.246667,21.485805],[39.246666,21.485808]]]},"properties":{"duct_type":"Fiber Optic","status":"Planned","branch":"السليمانية","length_m":35.176,"duct_id":"UTL_TELECOM_DUCTS-000345"}},{"type":"Feature","id":"UTL_TELECOM_DUCTS-000346","geometry":{"type":"MultiLineString","coordinates":[[[39.247364,21.485926],[39.24736,21.485925],[39.247209,21.485917],[39.247204,21.485917]]]},"properties":{"duct_type":"Fiber Optic","status":"Planned","branch":"السليمانية","length_m":16.544,"duct_id":"UTL_TELECOM_DUCTS-000346"}},{"type":"Feature","id":"UTL_TELECOM_DUCTS-000347","geometry":{"type":"MultiLineString","coordinates":[[[39.23424,21.493749],[39.234256,21.493859],[39.234257,21.493872]]]},"properties":{"duct_type":"Fiber Optic","status":"Planned","branch":"السليمانية","length_m":13.8,"duct_id":"UTL_TELECOM_DUCTS-000347"}},{"type":"Feature","id":"UTL_TELECOM_DUCTS-000348","geometry":{"type":"MultiLineString","coordinates":[[[39.233621,21.493825],[39.233637,21.493934],[39.233639,21.493947]]]},"properties":{"duct_type":"Fiber Optic","status":"Planned","branch":"السليمانية","length_m":13.683,"duct_id":"UTL_TELECOM_DUCTS-000348"}},{"type":"Feature","id":"UTL_TELECOM_DUCTS-000349","geometry":{"type":"MultiLineString","coordinates":[[[39.234257,21.493872],[39.234243,21.493874],[39.233653,21.493945],[39.233639,21.493947]]]},"properties":{"duct_type":"Fiber Optic","status":"Planned","branch":"السليمانية","length_m":64.633,"duct_id":"UTL_TELECOM_DUCTS-000349"}},{"type":"Feature","id":"UTL_TELECOM_DUCTS-000350","geometry":{"type":"MultiLineString","coordinates":[[[39.250521,21.487892],[39.250523,21.487884],[39.25054,21.48779],[39.250542,21.487778]]]},"properties":{"duct_type":"Fiber Optic","status":"Planned","branch":"السليمانية","length_m":12.769,"duct_id":"UTL_TELECOM_DUCTS-000350"}},{"type":"Feature","id":"UTL_TELECOM_DUCTS-000351","geometry":{"type":"MultiLineString","coordinates":[[[39.250661,21.487822],[39.250654,21.487821],[39.250598,21.487799],[39.250585,21.487795],[39.250551,21.487782],[39.250542,21.487778]]]},"properties":{"duct_type":"Fiber Optic","status":"Planned","branch":"السليمانية","length_m":13.288,"duct_id":"UTL_TELECOM_DUCTS-000351"}},{"type":"Feature","id":"UTL_TELECOM_DUCTS-000352","geometry":{"type":"MultiLineString","coordinates":[[[39.250521,21.487892],[39.250519,21.4879],[39.250485,21.487983],[39.250484,21.487985]]]},"properties":{"duct_type":"Fiber Optic","status":"Planned","branch":"السليمانية","length_m":10.997,"duct_id":"UTL_TELECOM_DUCTS-000352"}},{"type":"Feature","id":"UTL_TELECOM_DUCTS-000353","geometry":{"type":"MultiLineString","coordinates":[[[39.241651,21.487146],[39.24166,21.487147],[39.241669,21.487149]]]},"properties":{"duct_type":"Fiber Optic","status":"Planned","branch":"السليمانية","length_m":1.899,"duct_id":"UTL_TELECOM_DUCTS-000353"}},{"type":"Feature","id":"UTL_TELECOM_DUCTS-000354","geometry":{"type":"MultiLineString","coordinates":[[[39.23544,21.498851],[39.235457,21.49886],[39.236539,21.498759],[39.23655,21.498747]]]},"properties":{"duct_type":"Fiber Optic","status":"Planned","branch":"السليمانية","length_m":116.429,"duct_id":"UTL_TELECOM_DUCTS-000354"}},{"type":"Feature","id":"UTL_TELECOM_DUCTS-000355","geometry":{"type":"MultiLineString","coordinates":[[[39.248341,21.499961],[39.248333,21.500068]]]},"properties":{"duct_type":"Fiber Optic","status":"Planned","branch":"السليمانية","length_m":11.925,"duct_id":"UTL_TELECOM_DUCTS-000355"}},{"type":"Feature","id":"UTL_TELECOM_DUCTS-000356","geometry":{"type":"MultiLineString","coordinates":[[[39.242032,21.487384],[39.242034,21.487375],[39.24212,21.487229],[39.242128,21.487216]]]},"properties":{"duct_type":"Fiber Optic","status":"Planned","branch":"السليمانية","length_m":21.076,"duct_id":"UTL_TELECOM_DUCTS-000356"}},{"type":"Feature","id":"UTL_TELECOM_DUCTS-000357","geometry":{"type":"MultiLineString","coordinates":[[[39.235668,21.494138],[39.235839,21.495285],[39.235961,21.496102],[39.235936,21.496189],[39.235735,21.496236],[39.235897,21.497565],[39.235057,21.497668],[39.23502,21.497673]]]},"properties":{"duct_type":"Fiber Optic","status":"Planned","branch":"السليمانية","length_m":490.508,"duct_id":"UTL_TELECOM_DUCTS-000357"}},{"type":"Feature","id":"UTL_TELECOM_DUCTS-000358","geometry":{"type":"MultiLineString","coordinates":[[[39.245173,21.499831],[39.245182,21.499826],[39.245224,21.499809],[39.245267,21.499793],[39.245312,21.49978],[39.245356,21.499769],[39.245402,21.49976],[39.245448,21.499753],[39.245494,21.499749],[39.245515,21.49975],[39.245536,21.499752],[39.245557,21.499755],[39.245577,21.49976],[39.245598,21.499765],[39.245617,21.499772],[39.245637,21.499781],[39.245667,21.499796]]]},"properties":{"duct_type":"Fiber Optic","status":"Planned","branch":"السليمانية","length_m":53.571,"duct_id":"UTL_TELECOM_DUCTS-000358"}},{"type":"Feature","id":"UTL_TELECOM_DUCTS-000359","geometry":{"type":"MultiLineString","coordinates":[[[39.244789,21.500944],[39.244788,21.500951],[39.244788,21.500952],[39.244788,21.500953],[39.244788,21.500954],[39.244788,21.500956],[39.244788,21.500957],[39.244788,21.500958],[39.244788,21.500959],[39.24479,21.500973],[39.244793,21.500987],[39.244798,21.501],[39.244803,21.501013],[39.244809,21.501026],[39.244817,21.501039],[39.244825,21.50105],[39.244842,21.501074],[39.24486,21.501096],[39.244878,21.501119],[39.244898,21.50114],[39.244918,21.501162],[39.244938,21.501182],[39.24496,21.501202]]]},"properties":{"duct_type":"Fiber Optic","status":"Planned","branch":"السليمانية","length_m":34.547,"duct_id":"UTL_TELECOM_DUCTS-000359"}},{"type":"Feature","id":"UTL_TELECOM_DUCTS-000360","geometry":{"type":"MultiLineString","coordinates":[[[39.245992,21.50013],[39.245999,21.500138],[39.246021,21.500168],[39.246041,21.500199],[39.246059,21.500232],[39.246075,21.500265],[39.246089,21.500299],[39.246101,21.500334],[39.246111,21.50037],[39.246118,21.500406],[39.246123,21.500442],[39.246124,21.500451]]]},"properties":{"duct_type":"Fiber Optic","status":"Planned","branch":"السليمانية","length_m":38.635,"duct_id":"UTL_TELECOM_DUCTS-000360"}},{"type":"Feature","id":"UTL_TELECOM_DUCTS-000361","geometry":{"type":"MultiLineString","coordinates":[[[39.245156,21.501376],[39.245166,21.501322],[39.245168,21.501313]]]},"properties":{"duct_type":"Fiber Optic","status":"Planned","branch":"السليمانية","length_m":7.159,"duct_id":"UTL_TELECOM_DUCTS-000361"}},{"type":"Feature","id":"UTL_TELECOM_DUCTS-000362","geometry":{"type":"MultiLineString","coordinates":[[[39.244851,21.500602],[39.244853,21.500593],[39.244874,21.500476],[39.244875,21.500466]]]},"properties":{"duct_type":"Fiber Optic","status":"Planned","branch":"السليمانية","length_m":15.175,"duct_id":"UTL_TELECOM_DUCTS-000362"}},{"type":"Feature","id":"UTL_TELECOM_DUCTS-000363","geometry":{"type":"MultiLineString","coordinates":[[[39.244921,21.500209],[39.244923,21.5002],[39.244956,21.500014],[39.244958,21.500003]]]},"properties":{"duct_type":"Fiber Optic","status":"Planned","branch":"السليمانية","length_m":23.124,"duct_id":"UTL_TELECOM_DUCTS-000363"}},{"type":"Feature","id":"UTL_TELECOM_DUCTS-000364","geometry":{"type":"MultiLineString","coordinates":[[[39.244958,21.500003],[39.244965,21.499995],[39.244988,21.499968],[39.245014,21.499942],[39.245041,21.499917],[39.24507,21.499894],[39.2451,21.499873],[39.245131,21.499853],[39.245164,21.499835],[39.245173,21.499831]]]},"properties":{"duct_type":"Fiber Optic","status":"Planned","branch":"السليمانية","length_m":29.514,"duct_id":"UTL_TELECOM_DUCTS-000364"}},{"type":"Feature","id":"UTL_TELECOM_DUCTS-000365","geometry":{"type":"MultiLineString","coordinates":[[[39.245512,21.499659],[39.245512,21.499663],[39.245512,21.499668],[39.245512,21.499672],[39.245513,21.499676],[39.245514,21.49968],[39.245516,21.499684],[39.245517,21.499688],[39.245519,21.499692],[39.245522,21.499696],[39.245524,21.499699],[39.245527,21.499703],[39.24553,21.499706],[39.245533,21.499709],[39.245536,21.499712],[39.24554,21.499715],[39.245553,21.499726],[39.245567,21.499736],[39.245582,21.499746],[39.245596,21.499756],[39.245611,21.499765],[39.245626,21.499774],[39.245641,21.499783],[39.245667,21.499796]]]},"properties":{"duct_type":"Fiber Optic","status":"Planned","branch":"السليمانية","length_m":23.079,"duct_id":"UTL_TELECOM_DUCTS-000365"}},{"type":"Feature","id":"UTL_TELECOM_DUCTS-000366","geometry":{"type":"MultiLineString","coordinates":[[[39.246532,21.486457],[39.246531,21.486461],[39.246519,21.486604],[39.246518,21.486607]]]},"properties":{"duct_type":"Fiber Optic","status":"Planned","branch":"السليمانية","length_m":16.707,"duct_id":"UTL_TELECOM_DUCTS-000366"}},{"type":"Feature","id":"UTL_TELECOM_DUCTS-000367","geometry":{"type":"MultiLineString","coordinates":[[[39.236399,21.494047],[39.236392,21.494048],[39.235668,21.494138]]]},"properties":{"duct_type":"Fiber Optic","status":"Planned","branch":"السليمانية","length_m":76.368,"duct_id":"UTL_TELECOM_DUCTS-000367"}},{"type":"Feature","id":"UTL_TELECOM_DUCTS-000368","geometry":{"type":"MultiLineString","coordinates":[[[39.231293,21.50016],[39.231287,21.500124]]]},"properties":{"duct_type":"Fiber Optic","status":"Planned","branch":"السليمانية","length_m":4.046,"duct_id":"UTL_TELECOM_DUCTS-000368"}},{"type":"Feature","id":"UTL_TELECOM_DUCTS-000369","geometry":{"type":"MultiLineString","coordinates":[[[39.245667,21.499796],[39.245676,21.499801],[39.245846,21.499978],[39.245853,21.499985]]]},"properties":{"duct_type":"Fiber Optic","status":"Planned","branch":"السليمانية","length_m":28.51,"duct_id":"UTL_TELECOM_DUCTS-000369"}},{"type":"Feature","id":"UTL_TELECOM_DUCTS-000370","geometry":{"type":"MultiLineString","coordinates":[[[39.244789,21.500944],[39.24479,21.500936],[39.244799,21.500889],[39.244801,21.50088]]]},"properties":{"duct_type":"Fiber Optic","status":"Planned","branch":"السليمانية","length_m":7.143,"duct_id":"UTL_TELECOM_DUCTS-000370"}},{"type":"Feature","id":"UTL_TELECOM_DUCTS-000371","geometry":{"type":"MultiLineString","coordinates":[[[39.250512,21.488555],[39.250509,21.488554],[39.250508,21.488554],[39.250493,21.488551],[39.249803,21.488422],[39.249794,21.488421]]]},"properties":{"duct_type":"Fiber Optic","status":"Planned","branch":"السليمانية","length_m":75.797,"duct_id":"UTL_TELECOM_DUCTS-000371"}},{"type":"Feature","id":"UTL_TELECOM_DUCTS-000372","geometry":{"type":"MultiLineString","coordinates":[[[39.249594,21.48645],[39.249689,21.486467],[39.249698,21.486468]]]},"properties":{"duct_type":"Fiber Optic","status":"Planned","branch":"السليمانية","length_m":10.885,"duct_id":"UTL_TELECOM_DUCTS-000372"}},{"type":"Feature","id":"UTL_TELECOM_DUCTS-000373","geometry":{"type":"MultiLineString","coordinates":[[[39.25072,21.487361],[39.250721,21.487356],[39.250749,21.487181],[39.25075,21.487173]]]},"properties":{"duct_type":"Fiber Optic","status":"Planned","branch":"السليمانية","length_m":20.981,"duct_id":"UTL_TELECOM_DUCTS-000373"}},{"type":"Feature","id":"UTL_TELECOM_DUCTS-000374","geometry":{"type":"MultiLineString","coordinates":[[[39.250661,21.487822],[39.250663,21.487814],[39.250718,21.487372],[39.25072,21.487361]]]},"properties":{"duct_type":"Fiber Optic","status":"Planned","branch":"السليمانية","length_m":51.451,"duct_id":"UTL_TELECOM_DUCTS-000374"}},{"type":"Feature","id":"UTL_TELECOM_DUCTS-000375","geometry":{"type":"MultiLineString","coordinates":[[[39.249566,21.487181],[39.249564,21.487189],[39.249475,21.487663],[39.249473,21.487671]]]},"properties":{"duct_type":"Fiber Optic","status":"Planned","branch":"السليمانية","length_m":55.085,"duct_id":"UTL_TELECOM_DUCTS-000375"}},{"type":"Feature","id":"UTL_TELECOM_DUCTS-000376","geometry":{"type":"MultiLineString","coordinates":[[[39.249296,21.487386],[39.249296,21.487383],[39.249339,21.487137],[39.249341,21.487128],[39.249341,21.487125]]]},"properties":{"status":"Planned","branch":"السليمانية","length_m":29.281,"duct_id":"UTL_TELECOM_DUCTS-000376"}},{"type":"Feature","id":"UTL_TELECOM_DUCTS-000377","geometry":{"type":"MultiLineString","coordinates":[[[39.246584,21.485793],[39.246587,21.485793],[39.246663,21.485808],[39.246666,21.485808]]]},"properties":{"duct_type":"Fiber Optic","status":"Planned","branch":"السليمانية","length_m":8.629,"duct_id":"UTL_TELECOM_DUCTS-000377"}},{"type":"Feature","id":"UTL_TELECOM_DUCTS-000378","geometry":{"type":"MultiLineString","coordinates":[[[39.246008,21.485587],[39.246005,21.485586],[39.245927,21.48557],[39.245922,21.485569]]]},"properties":{"duct_type":"Fiber Optic","status":"Planned","branch":"السليمانية","length_m":9.078,"duct_id":"UTL_TELECOM_DUCTS-000378"}},{"type":"Feature","id":"UTL_TELECOM_DUCTS-000379","geometry":{"type":"MultiLineString","coordinates":[[[39.244956,21.485395],[39.244953,21.485395],[39.244772,21.485363],[39.244766,21.485362]]]},"properties":{"duct_type":"Fiber Optic","status":"Planned","branch":"السليمانية","length_m":19.945,"duct_id":"UTL_TELECOM_DUCTS-000379"}},{"type":"Feature","id":"UTL_TELECOM_DUCTS-000380","geometry":{"type":"MultiLineString","coordinates":[[[39.245148,21.485433],[39.245145,21.485432],[39.244959,21.485395],[39.244956,21.485395]]]},"properties":{"duct_type":"Fiber Optic","status":"Planned","branch":"السليمانية","length_m":20.403,"duct_id":"UTL_TELECOM_DUCTS-000380"}},{"type":"Feature","id":"UTL_TELECOM_DUCTS-000381","geometry":{"type":"MultiLineString","coordinates":[[[39.245622,21.485517],[39.24562,21.485517],[39.245504,21.485508],[39.245501,21.485507]]]},"properties":{"duct_type":"Fiber Optic","status":"Planned","branch":"السليمانية","length_m":12.567,"duct_id":"UTL_TELECOM_DUCTS-000381"}},{"type":"Feature","id":"UTL_TELECOM_DUCTS-000382","geometry":{"type":"MultiLineString","coordinates":[[[39.233282,21.499985],[39.233275,21.499986],[39.232335,21.500068],[39.231824,21.500113],[39.231293,21.50016]]]},"properties":{"duct_type":"Fiber Optic","status":"Planned","branch":"السليمانية","length_m":207.019,"duct_id":"UTL_TELECOM_DUCTS-000382"}},{"type":"Feature","id":"UTL_TELECOM_DUCTS-000383","geometry":{"type":"MultiLineString","coordinates":[[[39.262767,21.488278],[39.262768,21.48828],[39.263035,21.489139],[39.263036,21.489142]]]},"properties":{"duct_type":"Fiber Optic","status":"Planned","branch":"السليمانية","length_m":99.609,"duct_id":"UTL_TELECOM_DUCTS-000383"}},{"type":"Feature","id":"UTL_TELECOM_DUCTS-000384","geometry":{"type":"MultiLineString","coordinates":[[[39.249094,21.48761],[39.249095,21.487607],[39.249146,21.487329],[39.249091,21.48732]]]},"properties":{"duct_type":"Fiber Optic","status":"Planned","branch":"السليمانية","length_m":37.31,"duct_id":"UTL_TELECOM_DUCTS-000384"}},{"type":"Feature","id":"UTL_TELECOM_DUCTS-000385","geometry":{"type":"MultiLineString","coordinates":[[[39.245106,21.486097],[39.245106,21.486098],[39.245106,21.486143],[39.245106,21.486147]]]},"properties":{"duct_type":"Fiber Optic","status":"Planned","branch":"السليمانية","length_m":5.599,"duct_id":"UTL_TELECOM_DUCTS-000385"}},{"type":"Feature","id":"UTL_TELECOM_DUCTS-000386","geometry":{"type":"MultiLineString","coordinates":[[[39.24483,21.48675],[39.24484,21.486752],[39.244845,21.486753]]]},"properties":{"duct_type":"Fiber Optic","status":"Planned","branch":"السليمانية","length_m":1.538,"duct_id":"UTL_TELECOM_DUCTS-000386"}},{"type":"Feature","id":"UTL_TELECOM_DUCTS-000387","geometry":{"type":"MultiLineString","coordinates":[[[39.247204,21.485917],[39.247203,21.485916],[39.246669,21.485809],[39.246666,21.485808]]]},"properties":{"duct_type":"Fiber Optic","status":"Planned","branch":"السليمانية","length_m":57.021,"duct_id":"UTL_TELECOM_DUCTS-000387"}},{"type":"Feature","id":"UTL_TELECOM_DUCTS-000388","geometry":{"type":"MultiLineString","coordinates":[[[39.24674,21.486653],[39.246746,21.486631],[39.246747,21.486628]]]},"properties":{"duct_type":"Fiber Optic","status":"Planned","branch":"السليمانية","length_m":2.833,"duct_id":"UTL_TELECOM_DUCTS-000388"}},{"type":"Feature","id":"UTL_TELECOM_DUCTS-000389","geometry":{"type":"MultiLineString","coordinates":[[[39.245346,21.486211],[39.245344,21.486223],[39.245238,21.486738],[39.245237,21.486741]]]},"properties":{"duct_type":"Fiber Optic","status":"Planned","branch":"السليمانية","length_m":59.791,"duct_id":"UTL_TELECOM_DUCTS-000389"}},{"type":"Feature","id":"UTL_TELECOM_DUCTS-000390","geometry":{"type":"MultiLineString","coordinates":[[[39.246008,21.485587],[39.246011,21.485587],[39.246126,21.485735],[39.246128,21.485738]]]},"properties":{"duct_type":"Fiber Optic","status":"Planned","branch":"السليمانية","length_m":20.988,"duct_id":"UTL_TELECOM_DUCTS-000390"}},{"type":"Feature","id":"UTL_TELECOM_DUCTS-000391","geometry":{"type":"MultiLineString","coordinates":[[[39.249428,21.487865],[39.249427,21.487868],[39.249366,21.488129],[39.249364,21.488137]]]},"properties":{"duct_type":"Fiber Optic","status":"Planned","branch":"السليمانية","length_m":30.799,"duct_id":"UTL_TELECOM_DUCTS-000391"}},{"type":"Feature","id":"UTL_TELECOM_DUCTS-000392","geometry":{"type":"MultiLineString","coordinates":[[[39.249473,21.487671],[39.249471,21.487679],[39.249429,21.487862],[39.249428,21.487865]]]},"properties":{"duct_type":"Fiber Optic","status":"Planned","branch":"السليمانية","length_m":22.021,"duct_id":"UTL_TELECOM_DUCTS-000392"}},{"type":"Feature","id":"UTL_TELECOM_DUCTS-000393","geometry":{"type":"MultiLineString","coordinates":[[[39.249364,21.488137],[39.24936,21.488155],[39.249342,21.488282],[39.249341,21.488289]]]},"properties":{"duct_type":"Fiber Optic","status":"Planned","branch":"السليمانية","length_m":17.013,"duct_id":"UTL_TELECOM_DUCTS-000393"}},{"type":"Feature","id":"UTL_TELECOM_DUCTS-000394","geometry":{"type":"MultiLineString","coordinates":[[[39.246584,21.485793],[39.246581,21.485792],[39.246132,21.485738],[39.246128,21.485738]]]},"properties":{"duct_type":"Fiber Optic","status":"Planned","branch":"السليمانية","length_m":47.613,"duct_id":"UTL_TELECOM_DUCTS-000394"}},{"type":"Feature","id":"UTL_TELECOM_DUCTS-000395","geometry":{"type":"MultiLineString","coordinates":[[[39.257122,21.487058],[39.257125,21.487058],[39.258068,21.487215],[39.258069,21.487215],[39.258072,21.487215]]]},"properties":{"duct_type":"Fiber Optic","status":"Planned","branch":"السليمانية","length_m":99.969,"duct_id":"UTL_TELECOM_DUCTS-000395"}},{"type":"Feature","id":"UTL_TELECOM_DUCTS-000396","geometry":{"type":"MultiLineString","coordinates":[[[39.258072,21.487215],[39.258075,21.487216],[39.258967,21.487361],[39.25897,21.487362]]]},"properties":{"duct_type":"Fiber Optic","status":"Planned","branch":"السليمانية","length_m":94.493,"duct_id":"UTL_TELECOM_DUCTS-000396"}},{"type":"Feature","id":"UTL_TELECOM_DUCTS-000397","geometry":{"type":"MultiLineString","coordinates":[[[39.243927,21.48528],[39.243927,21.48528],[39.24393,21.485281],[39.244364,21.485315],[39.244368,21.485315]]]},"properties":{"duct_type":"Fiber Optic","status":"Planned","branch":"السليمانية","length_m":45.859,"duct_id":"UTL_TELECOM_DUCTS-000397"}},{"type":"Feature","id":"UTL_TELECOM_DUCTS-000398","geometry":{"type":"MultiLineString","coordinates":[[[39.24342,21.485503],[39.243418,21.485503],[39.24341,21.485516],[39.243408,21.485519]]]},"properties":{"duct_type":"Fiber Optic","status":"Planned","branch":"السليمانية","length_m":2.316,"duct_id":"UTL_TELECOM_DUCTS-000398"}},{"type":"Feature","id":"UTL_TELECOM_DUCTS-000399","geometry":{"type":"MultiLineString","coordinates":[[[39.246722,21.486512],[39.246721,21.486514],[39.246718,21.486515],[39.246713,21.486515],[39.246699,21.486513],[39.246699,21.486513],[39.246696,21.486512],[39.246691,21.486511]]]},"properties":{"duct_type":"Fiber Optic","status":"Planned","branch":"السليمانية","length_m":3.345,"duct_id":"UTL_TELECOM_DUCTS-000399"}},{"type":"Feature","id":"UTL_TELECOM_DUCTS-000400","geometry":{"type":"MultiLineString","coordinates":[[[39.249094,21.48761],[39.249096,21.48761],[39.249465,21.48767],[39.249473,21.487671]]]},"properties":{"duct_type":"Fiber Optic","status":"Planned","branch":"السليمانية","length_m":39.857,"duct_id":"UTL_TELECOM_DUCTS-000400"}},{"type":"Feature","id":"UTL_TELECOM_DUCTS-000401","geometry":{"type":"MultiLineString","coordinates":[[[39.247781,21.487394],[39.248787,21.487557],[39.248792,21.487558]]]},"properties":{"duct_type":"Fiber Optic","status":"Planned","branch":"السليمانية","length_m":106.3,"duct_id":"UTL_TELECOM_DUCTS-000401"}},{"type":"Feature","id":"UTL_TELECOM_DUCTS-000402","geometry":{"type":"MultiLineString","coordinates":[[[39.24887,21.487122],[39.248491,21.48706],[39.248485,21.487059]]]},"properties":{"duct_type":"Fiber Optic","status":"Planned","branch":"السليمانية","length_m":40.451,"duct_id":"UTL_TELECOM_DUCTS-000402"}},{"type":"Feature","id":"UTL_TELECOM_DUCTS-000403","geometry":{"type":"MultiLineString","coordinates":[[[39.247049,21.486669],[39.247057,21.486631]]]},"properties":{"duct_type":"Fiber Optic","status":"Planned","branch":"السليمانية","length_m":4.225,"duct_id":"UTL_TELECOM_DUCTS-000403"}},{"type":"Feature","id":"UTL_TELECOM_DUCTS-000404","geometry":{"type":"MultiLineString","coordinates":[[[39.243943,21.485195],[39.243928,21.485277],[39.243927,21.48528]]]},"properties":{"duct_type":"Fiber Optic","status":"Planned","branch":"السليمانية","length_m":9.555,"duct_id":"UTL_TELECOM_DUCTS-000404"}},{"type":"Feature","id":"UTL_TELECOM_DUCTS-000405","geometry":{"type":"MultiLineString","coordinates":[[[39.251992,21.487296],[39.252,21.487298],[39.252504,21.487378],[39.252513,21.48738]]]},"properties":{"duct_type":"Fiber Optic","status":"Planned","branch":"السليمانية","length_m":54.797,"duct_id":"UTL_TELECOM_DUCTS-000405"}},{"type":"Feature","id":"UTL_TELECOM_DUCTS-000406","geometry":{"type":"MultiLineString","coordinates":[[[39.251471,21.487292],[39.251462,21.487291],[39.250968,21.487209],[39.25096,21.487208]]]},"properties":{"duct_type":"Fiber Optic","status":"Planned","branch":"السليمانية","length_m":53.802,"duct_id":"UTL_TELECOM_DUCTS-000406"}},{"type":"Feature","id":"UTL_TELECOM_DUCTS-000407","geometry":{"type":"MultiLineString","coordinates":[[[39.251479,21.487243],[39.251478,21.487252],[39.251472,21.487285],[39.251471,21.487292]]]},"properties":{"duct_type":"Fiber Optic","status":"Planned","branch":"السليمانية","length_m":5.539,"duct_id":"UTL_TELECOM_DUCTS-000407"}},{"type":"Feature","id":"UTL_TELECOM_DUCTS-000408","geometry":{"type":"MultiLineString","coordinates":[[[39.250764,21.487369],[39.250728,21.487364],[39.25072,21.487361]]]},"properties":{"duct_type":"Fiber Optic","status":"Planned","branch":"السليمانية","length_m":4.678,"duct_id":"UTL_TELECOM_DUCTS-000408"}},{"type":"Feature","id":"UTL_TELECOM_DUCTS-000409","geometry":{"type":"MultiLineString","coordinates":[[[39.250467,21.488736],[39.250469,21.488729],[39.250511,21.488557],[39.250512,21.488555]]]},"properties":{"duct_type":"Fiber Optic","status":"Planned","branch":"السليمانية","length_m":20.585,"duct_id":"UTL_TELECOM_DUCTS-000409"}},{"type":"Feature","id":"UTL_TELECOM_DUCTS-000410","geometry":{"type":"MultiLineString","coordinates":[[[39.249433,21.487866],[39.24943,21.487866],[39.249428,21.487865]]]},"properties":{"duct_type":"Fiber Optic","status":"Planned","branch":"السليمانية","length_m":0.561,"duct_id":"UTL_TELECOM_DUCTS-000410"}},{"type":"Feature","id":"UTL_TELECOM_DUCTS-000411","geometry":{"type":"MultiLineString","coordinates":[[[39.25075,21.487173],[39.250741,21.487176],[39.250647,21.487223],[39.250637,21.487228]]]},"properties":{"duct_type":"Fiber Optic","status":"Planned","branch":"السليمانية","length_m":13.228,"duct_id":"UTL_TELECOM_DUCTS-000411"}},{"type":"Feature","id":"UTL_TELECOM_DUCTS-000412","geometry":{"type":"MultiLineString","coordinates":[[[39.249794,21.488421],[39.249786,21.488419],[39.249161,21.488332],[39.249152,21.488331]]]},"properties":{"duct_type":"Fiber Optic","status":"Planned","branch":"السليمانية","length_m":67.249,"duct_id":"UTL_TELECOM_DUCTS-000412"}},{"type":"Feature","id":"UTL_TELECOM_DUCTS-000413","geometry":{"type":"MultiLineString","coordinates":[[[39.248958,21.488398],[39.248967,21.4884],[39.25003,21.488574],[39.250039,21.488575]]]},"properties":{"duct_type":"Fiber Optic","status":"Planned","branch":"السليمانية","length_m":113.729,"duct_id":"UTL_TELECOM_DUCTS-000413"}},{"type":"Feature","id":"UTL_TELECOM_DUCTS-000414","geometry":{"type":"MultiLineString","coordinates":[[[39.247142,21.488093],[39.247149,21.488094],[39.247726,21.488191],[39.247735,21.488192]]]},"properties":{"duct_type":"Fiber Optic","status":"Planned","branch":"السليمانية","length_m":62.405,"duct_id":"UTL_TELECOM_DUCTS-000414"}},{"type":"Feature","id":"UTL_TELECOM_DUCTS-000415","geometry":{"type":"MultiLineString","coordinates":[[[39.250351,21.487964],[39.250481,21.487985],[39.250484,21.487985]]]},"properties":{"duct_type":"Fiber Optic","status":"Planned","branch":"السليمانية","length_m":13.931,"duct_id":"UTL_TELECOM_DUCTS-000415"}},{"type":"Feature","id":"UTL_TELECOM_DUCTS-000416","geometry":{"type":"MultiLineString","coordinates":[[[39.249698,21.486468],[39.249695,21.486477],[39.249567,21.487173],[39.249566,21.487181]]]},"properties":{"duct_type":"Fiber Optic","status":"Planned","branch":"السليمانية","length_m":80.028,"duct_id":"UTL_TELECOM_DUCTS-000416"}},{"type":"Feature","id":"UTL_TELECOM_DUCTS-000417","geometry":{"type":"MultiLineString","coordinates":[[[39.265026,21.491395],[39.265026,21.491402],[39.265023,21.491423],[39.265006,21.491693]]]},"properties":{"duct_type":"Fiber Optic","status":"Planned","branch":"السليمانية","length_m":33.121,"duct_id":"UTL_TELECOM_DUCTS-000417"}},{"type":"Feature","id":"UTL_TELECOM_DUCTS-000418","geometry":{"type":"MultiLineString","coordinates":[[[39.249416,21.488141],[39.249379,21.488138],[39.249364,21.488137]]]},"properties":{"duct_type":"Fiber Optic","status":"Planned","branch":"السليمانية","length_m":5.364,"duct_id":"UTL_TELECOM_DUCTS-000418"}},{"type":"Feature","id":"UTL_TELECOM_DUCTS-000419","geometry":{"type":"MultiLineString","coordinates":[[[39.249296,21.487386],[39.249295,21.487389],[39.24928,21.48747],[39.249242,21.487468],[39.249193,21.487537],[39.24918,21.487602],[39.2491,21.48761],[39.249094,21.48761]]]},"properties":{"status":"Planned","branch":"السليمانية","length_m":38.793,"duct_id":"UTL_TELECOM_DUCTS-000419"}},{"type":"Feature","id":"UTL_TELECOM_DUCTS-000420","geometry":{"type":"MultiLineString","coordinates":[[[39.249594,21.48645],[39.249546,21.486709],[39.249517,21.486871],[39.249509,21.48688],[39.249501,21.486885],[39.249475,21.486886],[39.249392,21.486876],[39.249372,21.486975],[39.249371,21.486978]]]},"properties":{"status":"Planned","branch":"السليمانية","length_m":72.362,"duct_id":"UTL_TELECOM_DUCTS-000420"}},{"type":"Feature","id":"UTL_TELECOM_DUCTS-000421","geometry":{"type":"MultiLineString","coordinates":[[[39.248031,21.4863],[39.248029,21.4863],[39.247329,21.486188],[39.247321,21.486186]]]},"properties":{"duct_type":"Fiber Optic","status":"Planned","branch":"السليمانية","length_m":74.626,"duct_id":"UTL_TELECOM_DUCTS-000421"}},{"type":"Feature","id":"UTL_TELECOM_DUCTS-000422","geometry":{"type":"MultiLineString","coordinates":[[[39.247364,21.485926],[39.247363,21.485929],[39.247323,21.486178],[39.247321,21.486186]]]},"properties":{"duct_type":"Fiber Optic","status":"Planned","branch":"السليمانية","length_m":29.191,"duct_id":"UTL_TELECOM_DUCTS-000422"}},{"type":"Feature","id":"UTL_TELECOM_DUCTS-000423","geometry":{"type":"MultiLineString","coordinates":[[[39.248031,21.4863],[39.248369,21.486356],[39.248374,21.486357],[39.248376,21.486357]]]},"properties":{"duct_type":"Fiber Optic","status":"Planned","branch":"السليمانية","length_m":36.244,"duct_id":"UTL_TELECOM_DUCTS-000423"}},{"type":"Feature","id":"UTL_TELECOM_DUCTS-000424","geometry":{"type":"MultiLineString","coordinates":[[[39.248376,21.486357],[39.248375,21.486364],[39.248361,21.486441],[39.24836,21.486444]]]},"properties":{"duct_type":"Fiber Optic","status":"Planned","branch":"السليمانية","length_m":9.731,"duct_id":"UTL_TELECOM_DUCTS-000424"}},{"type":"Feature","id":"UTL_TELECOM_DUCTS-000425","geometry":{"type":"MultiLineString","coordinates":[[[39.245922,21.485569],[39.245921,21.485569],[39.245627,21.485518],[39.245622,21.485517]]]},"properties":{"duct_type":"Fiber Optic","status":"Planned","branch":"السليمانية","length_m":31.633,"duct_id":"UTL_TELECOM_DUCTS-000425"}},{"type":"Feature","id":"UTL_TELECOM_DUCTS-000426","geometry":{"type":"MultiLineString","coordinates":[[[39.245501,21.485507],[39.245498,21.485507],[39.245152,21.485433],[39.245148,21.485433]]]},"properties":{"duct_type":"Fiber Optic","status":"Planned","branch":"السليمانية","length_m":37.478,"duct_id":"UTL_TELECOM_DUCTS-000426"}},{"type":"Feature","id":"UTL_TELECOM_DUCTS-000427","geometry":{"type":"MultiLineString","coordinates":[[[39.244651,21.485337],[39.244655,21.485338],[39.244766,21.485361],[39.244766,21.485362]]]},"properties":{"duct_type":"Fiber Optic","status":"Planned","branch":"السليمانية","length_m":12.266,"duct_id":"UTL_TELECOM_DUCTS-000427"}},{"type":"Feature","id":"UTL_TELECOM_DUCTS-000428","geometry":{"type":"MultiLineString","coordinates":[[[39.245647,21.485488],[39.245646,21.485489],[39.245624,21.485515],[39.245622,21.485517]]]},"properties":{"duct_type":"Fiber Optic","status":"Planned","branch":"السليمانية","length_m":4.113,"duct_id":"UTL_TELECOM_DUCTS-000428"}},{"type":"Feature","id":"UTL_TELECOM_DUCTS-000429","geometry":{"type":"MultiLineString","coordinates":[[[39.245649,21.485478],[39.245648,21.485483],[39.245647,21.485488]]]},"properties":{"duct_type":"Fiber Optic","status":"Planned","branch":"السليمانية","length_m":1.148,"duct_id":"UTL_TELECOM_DUCTS-000429"}},{"type":"Feature","id":"UTL_TELECOM_DUCTS-000430","geometry":{"type":"MultiLineString","coordinates":[[[39.243408,21.485519],[39.243407,21.485519],[39.243378,21.485512],[39.243375,21.485511]]]},"properties":{"duct_type":"Fiber Optic","status":"Planned","branch":"السليمانية","length_m":3.589,"duct_id":"UTL_TELECOM_DUCTS-000430"}},{"type":"Feature","id":"UTL_TELECOM_DUCTS-000431","geometry":{"type":"MultiLineString","coordinates":[[[39.24479,21.48542],[39.24479,21.485417],[39.244791,21.485412]]]},"properties":{"duct_type":"Fiber Optic","status":"Planned","branch":"السليمانية","length_m":0.894,"duct_id":"UTL_TELECOM_DUCTS-000431"}},{"type":"Feature","id":"UTL_TELECOM_DUCTS-000432","geometry":{"type":"MultiLineString","coordinates":[[[39.243609,21.487276],[39.243609,21.487273],[39.24361,21.48727]]]},"properties":{"duct_type":"Fiber Optic","status":"Planned","branch":"السليمانية","length_m":0.669,"duct_id":"UTL_TELECOM_DUCTS-000432"}},{"type":"Feature","id":"UTL_TELECOM_DUCTS-000433","geometry":{"type":"MultiLineString","coordinates":[[[39.254531,21.502177],[39.254734,21.502191],[39.254742,21.502191]]]},"properties":{"status":"Planned","branch":"السليمانية","length_m":21.85,"duct_id":"UTL_TELECOM_DUCTS-000433"}},{"type":"Feature","id":"UTL_TELECOM_DUCTS-000434","geometry":{"type":"MultiLineString","coordinates":[[[39.256673,21.502327],[39.256684,21.502328],[39.256709,21.50233],[39.256771,21.502334],[39.256791,21.502335],[39.256838,21.502339],[39.256982,21.502349],[39.256983,21.502349],[39.256991,21.502349]]]},"properties":{"status":"Planned","branch":"السليمانية","length_m":33.044,"duct_id":"UTL_TELECOM_DUCTS-000434"}},{"type":"Feature","id":"UTL_TELECOM_DUCTS-000435","geometry":{"type":"MultiLineString","coordinates":[[[39.259125,21.502463],[39.259117,21.502465],[39.259103,21.502468],[39.259091,21.50247],[39.25906,21.502474],[39.259027,21.502478],[39.259002,21.50248],[39.258992,21.50248],[39.258991,21.50248],[39.25896,21.502481],[39.258936,21.502482],[39.258913,21.502482],[39.258888,21.502481],[39.258807,21.502475],[39.258805,21.502475],[39.258783,21.502473],[39.258719,21.502469],[39.258695,21.502467],[39.258653,21.502464],[39.258559,21.502458],[39.258548,21.502457]]]},"properties":{"status":"Planned","branch":"السليمانية","length_m":59.965,"duct_id":"UTL_TELECOM_DUCTS-000435"}},{"type":"Feature","id":"UTL_TELECOM_DUCTS-000436","geometry":{"type":"MultiLineString","coordinates":[[[39.259829,21.50193],[39.259673,21.50213],[39.259636,21.502175],[39.259596,21.502218],[39.259553,21.502258],[39.259507,21.502295],[39.259458,21.50233],[39.259407,21.502361],[39.259354,21.502388],[39.259299,21.502413],[39.259242,21.502433],[39.259184,21.50245],[39.259125,21.502463]]]},"properties":{"status":"Planned","branch":"السليمانية","length_m":96.749,"duct_id":"UTL_TELECOM_DUCTS-000436"}},{"type":"Feature","id":"UTL_TELECOM_DUCTS-000437","geometry":{"type":"MultiLineString","coordinates":[[[39.249152,21.488331],[39.249144,21.488329],[39.248293,21.488176],[39.248284,21.488174]]]},"properties":{"duct_type":"Fiber Optic","status":"Planned","branch":"السليمانية","length_m":91.582,"duct_id":"UTL_TELECOM_DUCTS-000437"}},{"type":"Feature","id":"UTL_TELECOM_DUCTS-000438","geometry":{"type":"MultiLineString","coordinates":[[[39.245343,21.487687],[39.245349,21.48769],[39.246311,21.48786],[39.246315,21.487861],[39.246323,21.487863]]]},"properties":{"duct_type":"Fiber Optic","status":"Planned","branch":"السليمانية","length_m":103.426,"duct_id":"UTL_TELECOM_DUCTS-000438"}},{"type":"Feature","id":"UTL_TELECOM_DUCTS-000439","geometry":{"type":"MultiLineString","coordinates":[[[39.244564,21.487377],[39.244572,21.487378],[39.244778,21.487414],[39.244778,21.487415],[39.244787,21.487417]]]},"properties":{"duct_type":"Fiber Optic","status":"Planned","branch":"السليمانية","length_m":23.499,"duct_id":"UTL_TELECOM_DUCTS-000439"}},{"type":"Feature","id":"UTL_TELECOM_DUCTS-000440","geometry":{"type":"MultiLineString","coordinates":[[[39.244732,21.487285],[39.244733,21.48728],[39.244844,21.486758],[39.244845,21.486753]]]},"properties":{"status":"Planned","branch":"السليمانية","length_m":60.11,"duct_id":"UTL_TELECOM_DUCTS-000440"}},{"type":"Feature","id":"UTL_TELECOM_DUCTS-000441","geometry":{"type":"MultiLineString","coordinates":[[[39.244857,21.486676],[39.24486,21.486676],[39.244951,21.486692],[39.245234,21.48674],[39.245237,21.486741]]]},"properties":{"status":"Planned","branch":"السليمانية","length_m":39.977,"duct_id":"UTL_TELECOM_DUCTS-000441"}},{"type":"Feature","id":"UTL_TELECOM_DUCTS-000442","geometry":{"type":"MultiLineString","coordinates":[[[39.245237,21.486741],[39.245236,21.486744],[39.245174,21.487139],[39.245173,21.487142]]]},"properties":{"duct_type":"Fiber Optic","status":"Planned","branch":"السليمانية","length_m":44.926,"duct_id":"UTL_TELECOM_DUCTS-000442"}},{"type":"Feature","id":"UTL_TELECOM_DUCTS-000443","geometry":{"type":"MultiLineString","coordinates":[[[39.244845,21.486753],[39.244846,21.486748],[39.244857,21.486679],[39.244857,21.486676]]]},"properties":{"status":"Planned","branch":"السليمانية","length_m":8.614,"duct_id":"UTL_TELECOM_DUCTS-000443"}},{"type":"Feature","id":"UTL_TELECOM_DUCTS-000444","geometry":{"type":"MultiLineString","coordinates":[[[39.245959,21.48552],[39.245958,21.485521],[39.245925,21.485566],[39.245922,21.485569]]]},"properties":{"duct_type":"Fiber Optic","status":"Planned","branch":"السليمانية","length_m":6.532,"duct_id":"UTL_TELECOM_DUCTS-000444"}},{"type":"Feature","id":"UTL_TELECOM_DUCTS-000445","geometry":{"type":"MultiLineString","coordinates":[[[39.246023,21.485188],[39.246022,21.485195],[39.245961,21.485505],[39.245959,21.48552]]]},"properties":{"duct_type":"Fiber Optic","status":"Planned","branch":"السليمانية","length_m":37.388,"duct_id":"UTL_TELECOM_DUCTS-000445"}},{"type":"Feature","id":"UTL_TELECOM_DUCTS-000446","geometry":{"type":"MultiLineString","coordinates":[[[39.246691,21.486511],[39.246692,21.486515],[39.246747,21.486625],[39.246747,21.486628]]]},"properties":{"duct_type":"Fiber Optic","status":"Planned","branch":"السليمانية","length_m":14.145,"duct_id":"UTL_TELECOM_DUCTS-000446"}},{"type":"Feature","id":"UTL_TELECOM_DUCTS-000447","geometry":{"type":"MultiLineString","coordinates":[[[39.248371,21.486445],[39.248364,21.486444],[39.24836,21.486444]]]},"properties":{"duct_type":"Fiber Optic","status":"Planned","branch":"السليمانية","length_m":1.136,"duct_id":"UTL_TELECOM_DUCTS-000447"}},{"type":"Feature","id":"UTL_TELECOM_DUCTS-000448","geometry":{"type":"MultiLineString","coordinates":[[[39.249967,21.488333],[39.250009,21.488339],[39.250031,21.488342],[39.250158,21.488363],[39.250218,21.488377],[39.250224,21.488375],[39.250236,21.488339],[39.250247,21.488279],[39.250252,21.488273],[39.250336,21.488244],[39.250375,21.488249],[39.250445,21.48826],[39.250504,21.488274],[39.250513,21.488212],[39.250532,21.488076],[39.250567,21.487885],[39.250585,21.487795],[39.250598,21.487729],[39.250623,21.487581],[39.250638,21.48751],[39.25064,21.487503]]]},"properties":{"duct_type":"Fiber Optic","status":"Planned","branch":"السليمانية","length_m":152.409,"duct_id":"UTL_TELECOM_DUCTS-000448"}},{"type":"Feature","id":"UTL_TELECOM_DUCTS-000449","geometry":{"type":"MultiLineString","coordinates":[[[39.25072,21.487361],[39.250713,21.487371],[39.25068,21.48742],[39.250657,21.487458],[39.250643,21.487494],[39.25064,21.487503]]]},"properties":{"duct_type":"Fiber Optic","status":"Planned","branch":"السليمانية","length_m":17.85,"duct_id":"UTL_TELECOM_DUCTS-000449"}},{"type":"Feature","id":"UTL_TELECOM_DUCTS-000450","geometry":{"type":"MultiLineString","coordinates":[[[39.245159,21.485865],[39.245158,21.485868],[39.245109,21.486082],[39.245106,21.486097]]]},"properties":{"duct_type":"Fiber Optic","status":"Planned","branch":"السليمانية","length_m":26.259,"duct_id":"UTL_TELECOM_DUCTS-000450"}},{"type":"Feature","id":"UTL_TELECOM_DUCTS-000451","geometry":{"type":"MultiLineString","coordinates":[[[39.245127,21.486149],[39.245131,21.48615],[39.245203,21.486161],[39.245223,21.486164]]]},"properties":{"duct_type":"Fiber Optic","status":"Planned","branch":"السليمانية","length_m":10.025,"duct_id":"UTL_TELECOM_DUCTS-000451"}},{"type":"Feature","id":"UTL_TELECOM_DUCTS-000452","geometry":{"type":"MultiLineString","coordinates":[[[39.245434,21.485912],[39.245431,21.485911],[39.245162,21.485865],[39.245159,21.485865]]]},"properties":{"duct_type":"Fiber Optic","status":"Planned","branch":"السليمانية","length_m":28.999,"duct_id":"UTL_TELECOM_DUCTS-000452"}},{"type":"Feature","id":"UTL_TELECOM_DUCTS-000453","geometry":{"type":"MultiLineString","coordinates":[[[39.243439,21.485242],[39.243442,21.485241],[39.243498,21.485212],[39.243501,21.48521]]]},"properties":{"duct_type":"Fiber Optic","status":"Planned","branch":"السليمانية","length_m":7.334,"duct_id":"UTL_TELECOM_DUCTS-000453"}},{"type":"Feature","id":"UTL_TELECOM_DUCTS-000454","geometry":{"type":"MultiLineString","coordinates":[[[39.243375,21.485511],[39.243375,21.485508],[39.243438,21.485245],[39.243439,21.485242]]]},"properties":{"duct_type":"Fiber Optic","status":"Planned","branch":"السليمانية","length_m":30.446,"duct_id":"UTL_TELECOM_DUCTS-000454"}},{"type":"Feature","id":"UTL_TELECOM_DUCTS-000455","geometry":{"type":"MultiLineString","coordinates":[[[39.246151,21.487309],[39.246124,21.487292],[39.246121,21.48729]]]},"properties":{"duct_type":"Fiber Optic","status":"Planned","branch":"السليمانية","length_m":3.723,"duct_id":"UTL_TELECOM_DUCTS-000455"}},{"type":"Feature","id":"UTL_TELECOM_DUCTS-000456","geometry":{"type":"MultiLineString","coordinates":[[[39.244787,21.487417],[39.244795,21.487419],[39.244795,21.487419],[39.245208,21.487778],[39.247132,21.488091],[39.247142,21.488093]]]},"properties":{"duct_type":"Fiber Optic","status":"Planned","branch":"السليمانية","length_m":262.609,"duct_id":"UTL_TELECOM_DUCTS-000456"}},{"type":"Feature","id":"UTL_TELECOM_DUCTS-000457","geometry":{"type":"MultiLineString","coordinates":[[[39.247735,21.488192],[39.247743,21.488194],[39.24895,21.488396],[39.248958,21.488398]]]},"properties":{"duct_type":"Fiber Optic","status":"Planned","branch":"السليمانية","length_m":128.75,"duct_id":"UTL_TELECOM_DUCTS-000457"}},{"type":"Feature","id":"UTL_TELECOM_DUCTS-000458","geometry":{"type":"MultiLineString","coordinates":[[[39.250039,21.488575],[39.250049,21.488577],[39.250459,21.488733],[39.250467,21.488736]]]},"properties":{"duct_type":"Fiber Optic","status":"Planned","branch":"السليمانية","length_m":47.761,"duct_id":"UTL_TELECOM_DUCTS-000458"}},{"type":"Feature","id":"UTL_TELECOM_DUCTS-000459","geometry":{"type":"MultiLineString","coordinates":[[[39.250129,21.490354],[39.250122,21.490348],[39.250108,21.490337],[39.250101,21.490331]]]},"properties":{"duct_type":"Fiber Optic","status":"Planned","branch":"السليمانية","length_m":3.944,"duct_id":"UTL_TELECOM_DUCTS-000459"}},{"type":"Feature","id":"UTL_TELECOM_DUCTS-000460","geometry":{"type":"MultiLineString","coordinates":[[[39.250088,21.490372],[39.250098,21.490369],[39.25012,21.490363],[39.250129,21.490354]]]},"properties":{"duct_type":"Fiber Optic","status":"Planned","branch":"السليمانية","length_m":4.779,"duct_id":"UTL_TELECOM_DUCTS-000460"}},{"type":"Feature","id":"UTL_TELECOM_DUCTS-000461","geometry":{"type":"MultiLineString","coordinates":[[[39.250129,21.490354],[39.250131,21.490348],[39.250185,21.490098],[39.250242,21.48984],[39.250244,21.489832]]]},"properties":{"duct_type":"Fiber Optic","status":"Planned","branch":"السليمانية","length_m":58.983,"duct_id":"UTL_TELECOM_DUCTS-000461"}},{"type":"Feature","id":"UTL_TELECOM_DUCTS-000462","geometry":{"type":"MultiLineString","coordinates":[[[39.250327,21.489399],[39.250319,21.489397],[39.250251,21.489384],[39.250243,21.489383]]]},"properties":{"duct_type":"Fiber Optic","status":"Planned","branch":"السليمانية","length_m":8.922,"duct_id":"UTL_TELECOM_DUCTS-000462"}},{"type":"Feature","id":"UTL_TELECOM_DUCTS-000463","geometry":{"type":"MultiLineString","coordinates":[[[39.250243,21.489383],[39.250244,21.489375],[39.250302,21.489054],[39.250303,21.489046]]]},"properties":{"duct_type":"Fiber Optic","status":"Planned","branch":"السليمانية","length_m":37.845,"duct_id":"UTL_TELECOM_DUCTS-000463"}},{"type":"Feature","id":"UTL_TELECOM_DUCTS-000464","geometry":{"type":"MultiLineString","coordinates":[[[39.250303,21.489046],[39.250312,21.489047],[39.250392,21.489065],[39.250401,21.489066]]]},"properties":{"duct_type":"Fiber Optic","status":"Planned","branch":"السليمانية","length_m":10.358,"duct_id":"UTL_TELECOM_DUCTS-000464"}},{"type":"Feature","id":"UTL_TELECOM_DUCTS-000465","geometry":{"type":"MultiLineString","coordinates":[[[39.250401,21.489066],[39.250402,21.489058],[39.250465,21.488744],[39.250467,21.488736]]]},"properties":{"duct_type":"Fiber Optic","status":"Planned","branch":"السليمانية","length_m":37.185,"duct_id":"UTL_TELECOM_DUCTS-000465"}},{"type":"Feature","id":"UTL_TELECOM_DUCTS-000466","geometry":{"type":"MultiLineString","coordinates":[[[39.245895,21.489208],[39.245857,21.489326],[39.245855,21.489333]]]},"properties":{"duct_type":"Fiber Optic","status":"Planned","branch":"السليمانية","length_m":14.414,"duct_id":"UTL_TELECOM_DUCTS-000466"}},{"type":"Feature","id":"UTL_TELECOM_DUCTS-000467","geometry":{"type":"MultiLineString","coordinates":[[[39.245339,21.489527],[39.245544,21.489554],[39.245554,21.489555]]]},"properties":{"duct_type":"Fiber Optic","status":"Planned","branch":"السليمانية","length_m":22.503,"duct_id":"UTL_TELECOM_DUCTS-000467"}},{"type":"Feature","id":"UTL_TELECOM_DUCTS-000468","geometry":{"type":"MultiLineString","coordinates":[[[39.245291,21.489452],[39.245332,21.489518],[39.245339,21.489527]]]},"properties":{"duct_type":"Fiber Optic","status":"Planned","branch":"السليمانية","length_m":9.663,"duct_id":"UTL_TELECOM_DUCTS-000468"}},{"type":"Feature","id":"UTL_TELECOM_DUCTS-000469","geometry":{"type":"MultiLineString","coordinates":[[[39.247347,21.489544],[39.247339,21.489543],[39.247255,21.489537],[39.247246,21.489536]]]},"properties":{"duct_type":"Fiber Optic","status":"Planned","branch":"السليمانية","length_m":10.531,"duct_id":"UTL_TELECOM_DUCTS-000469"}},{"type":"Feature","id":"UTL_TELECOM_DUCTS-000470","geometry":{"type":"MultiLineString","coordinates":[[[39.244581,21.491392],[39.244582,21.491401],[39.244616,21.491652],[39.244615,21.491662]]]},"properties":{"duct_type":"Fiber Optic","status":"Planned","branch":"السليمانية","length_m":30.059,"duct_id":"UTL_TELECOM_DUCTS-000470"}},{"type":"Feature","id":"UTL_TELECOM_DUCTS-000471","geometry":{"type":"MultiLineString","coordinates":[[[39.243929,21.491359],[39.244055,21.49144],[39.244059,21.491443]]]},"properties":{"duct_type":"Fiber Optic","status":"Planned","branch":"السليمانية","length_m":16.307,"duct_id":"UTL_TELECOM_DUCTS-000471"}},{"type":"Feature","id":"UTL_TELECOM_DUCTS-000472","geometry":{"type":"MultiLineString","coordinates":[[[39.244059,21.491443],[39.244074,21.491441],[39.244571,21.491393],[39.244581,21.491392]]]},"properties":{"duct_type":"Fiber Optic","status":"Planned","branch":"السليمانية","length_m":54.415,"duct_id":"UTL_TELECOM_DUCTS-000472"}},{"type":"Feature","id":"UTL_TELECOM_DUCTS-000473","geometry":{"type":"MultiLineString","coordinates":[[[39.243925,21.50075],[39.243928,21.500749],[39.24421,21.500715],[39.244462,21.500761],[39.244624,21.500787],[39.244632,21.500788],[39.244802,21.500815],[39.244813,21.500817]]]},"properties":{"duct_type":"Fiber Optic","status":"Planned","branch":"السليمانية","length_m":93.179,"duct_id":"UTL_TELECOM_DUCTS-000473"}},{"type":"Feature","id":"UTL_TELECOM_DUCTS-000474","geometry":{"type":"MultiLineString","coordinates":[[[39.244563,21.491252],[39.24458,21.491383],[39.244581,21.491392]]]},"properties":{"duct_type":"Fiber Optic","status":"Planned","branch":"السليمانية","length_m":15.597,"duct_id":"UTL_TELECOM_DUCTS-000474"}},{"type":"Feature","id":"UTL_TELECOM_DUCTS-000475","geometry":{"type":"MultiLineString","coordinates":[[[39.245106,21.486147],[39.245103,21.486148],[39.2451,21.486148],[39.245097,21.486149],[39.245094,21.48615],[39.245091,21.486151],[39.245089,21.486152],[39.245086,21.486153],[39.245083,21.486155],[39.245081,21.486157],[39.245079,21.486159],[39.245077,21.486161],[39.245075,21.486163],[39.245073,21.486165],[39.245071,21.486167],[39.24507,21.48617],[39.245068,21.486172],[39.245067,21.486175],[39.245066,21.486177],[39.245065,21.48618],[39.244951,21.486692],[39.244791,21.487402],[39.244791,21.487404],[39.244787,21.487417]]]},"properties":{"duct_type":"Fiber Optic","status":"Planned","branch":"السليمانية","length_m":145.819,"duct_id":"UTL_TELECOM_DUCTS-000475"}},{"type":"Feature","id":"UTL_TELECOM_DUCTS-000476","geometry":{"type":"MultiLineString","coordinates":[[[39.240102,21.487873],[39.240091,21.487871],[39.240019,21.487862],[39.24001,21.487861]]]},"properties":{"duct_type":"Fiber Optic","status":"Planned","branch":"السليمانية","length_m":9.7,"duct_id":"UTL_TELECOM_DUCTS-000476"}},{"type":"Feature","id":"UTL_TELECOM_DUCTS-000477","geometry":{"type":"MultiLineString","coordinates":[[[39.24001,21.487861],[39.240008,21.487869],[39.239953,21.488152],[39.239951,21.48816]]]},"properties":{"duct_type":"Fiber Optic","status":"Planned","branch":"السليمانية","length_m":33.715,"duct_id":"UTL_TELECOM_DUCTS-000477"}},{"type":"Feature","id":"UTL_TELECOM_DUCTS-000478","geometry":{"type":"MultiLineString","coordinates":[[[39.239992,21.48717],[39.240046,21.48718],[39.240056,21.487181]]]},"properties":{"duct_type":"Fiber Optic","status":"Planned","branch":"السليمانية","length_m":6.749,"duct_id":"UTL_TELECOM_DUCTS-000478"}},{"type":"Feature","id":"UTL_TELECOM_DUCTS-000479","geometry":{"type":"MultiLineString","coordinates":[[[39.240804,21.488619],[39.240806,21.488611],[39.240842,21.48841],[39.240844,21.488402]]]},"properties":{"duct_type":"Fiber Optic","status":"Planned","branch":"السليمانية","length_m":24.443,"duct_id":"UTL_TELECOM_DUCTS-000479"}},{"type":"Feature","id":"UTL_TELECOM_DUCTS-000480","geometry":{"type":"MultiLineString","coordinates":[[[39.241304,21.488693],[39.241313,21.488695],[39.241898,21.48879],[39.241908,21.488792]]]},"properties":{"duct_type":"Fiber Optic","status":"Planned","branch":"السليمانية","length_m":63.534,"duct_id":"UTL_TELECOM_DUCTS-000480"}},{"type":"Feature","id":"UTL_TELECOM_DUCTS-000481","geometry":{"type":"MultiLineString","coordinates":[[[39.241304,21.488693],[39.241294,21.488691],[39.240813,21.488621],[39.240804,21.488619]]]},"properties":{"duct_type":"Fiber Optic","status":"Planned","branch":"السليمانية","length_m":52.429,"duct_id":"UTL_TELECOM_DUCTS-000481"}},{"type":"Feature","id":"UTL_TELECOM_DUCTS-000482","geometry":{"type":"MultiLineString","coordinates":[[[39.239715,21.488081],[39.239714,21.488086],[39.239712,21.488095]]]},"properties":{"duct_type":"Fiber Optic","status":"Planned","branch":"السليمانية","length_m":1.571,"duct_id":"UTL_TELECOM_DUCTS-000482"}},{"type":"Feature","id":"UTL_TELECOM_DUCTS-000483","geometry":{"type":"MultiLineString","coordinates":[[[39.239712,21.488095],[39.23971,21.488104],[39.239708,21.488118],[39.239706,21.488127]]]},"properties":{"duct_type":"Fiber Optic","status":"Planned","branch":"السليمانية","length_m":3.631,"duct_id":"UTL_TELECOM_DUCTS-000483"}},{"type":"Feature","id":"UTL_TELECOM_DUCTS-000484","geometry":{"type":"MultiLineString","coordinates":[[[39.239951,21.48816],[39.239949,21.48817],[39.239872,21.488437],[39.23987,21.488445]]]},"properties":{"duct_type":"Fiber Optic","status":"Planned","branch":"السليمانية","length_m":32.629,"duct_id":"UTL_TELECOM_DUCTS-000484"}},{"type":"Feature","id":"UTL_TELECOM_DUCTS-000485","geometry":{"type":"MultiLineString","coordinates":[[[39.240342,21.488226],[39.240332,21.488224],[39.240033,21.488157],[39.240025,21.488155]]]},"properties":{"duct_type":"Fiber Optic","status":"Planned","branch":"السليمانية","length_m":33.796,"duct_id":"UTL_TELECOM_DUCTS-000485"}},{"type":"Feature","id":"UTL_TELECOM_DUCTS-000486","geometry":{"type":"MultiLineString","coordinates":[[[39.240145,21.487197],[39.240147,21.487189],[39.240175,21.487074],[39.240177,21.487065]]]},"properties":{"duct_type":"Fiber Optic","status":"Planned","branch":"السليمانية","length_m":15.005,"duct_id":"UTL_TELECOM_DUCTS-000486"}},{"type":"Feature","id":"UTL_TELECOM_DUCTS-000487","geometry":{"type":"MultiLineString","coordinates":[[[39.240275,21.486544],[39.240278,21.486532],[39.240282,21.486507],[39.240283,21.486501]]]},"properties":{"duct_type":"Fiber Optic","status":"Planned","branch":"السليمانية","length_m":4.867,"duct_id":"UTL_TELECOM_DUCTS-000487"}},{"type":"Feature","id":"UTL_TELECOM_DUCTS-000488","geometry":{"type":"MultiLineString","coordinates":[[[39.240009,21.486678],[39.240009,21.486681],[39.240001,21.486719]]]},"properties":{"duct_type":"Fiber Optic","status":"Planned","branch":"السليمانية","length_m":4.667,"duct_id":"UTL_TELECOM_DUCTS-000488"}},{"type":"Feature","id":"UTL_TELECOM_DUCTS-000489","geometry":{"type":"MultiLineString","coordinates":[[[39.240046,21.486477],[39.240037,21.486475],[39.239794,21.486434],[39.23979,21.486433]]]},"properties":{"duct_type":"Fiber Optic","status":"Planned","branch":"السليمانية","length_m":26.966,"duct_id":"UTL_TELECOM_DUCTS-000489"}},{"type":"Feature","id":"UTL_TELECOM_DUCTS-000490","geometry":{"type":"MultiLineString","coordinates":[[[39.23976,21.485898],[39.23976,21.485901],[39.239723,21.486231]]]},"properties":{"duct_type":"Fiber Optic","status":"Planned","branch":"السليمانية","length_m":37.014,"duct_id":"UTL_TELECOM_DUCTS-000490"}},{"type":"Feature","id":"UTL_TELECOM_DUCTS-000491","geometry":{"type":"MultiLineString","coordinates":[[[39.239978,21.485844],[39.239988,21.485846],[39.240023,21.485852]]]},"properties":{"duct_type":"Fiber Optic","status":"Planned","branch":"السليمانية","length_m":4.726,"duct_id":"UTL_TELECOM_DUCTS-000491"}},{"type":"Feature","id":"UTL_TELECOM_DUCTS-000492","geometry":{"type":"MultiLineString","coordinates":[[[39.247343,21.489566],[39.247345,21.489553],[39.247347,21.489544]]]},"properties":{"duct_type":"Fiber Optic","status":"Planned","branch":"السليمانية","length_m":2.569,"duct_id":"UTL_TELECOM_DUCTS-000492"}},{"type":"Feature","id":"UTL_TELECOM_DUCTS-000493","geometry":{"type":"MultiLineString","coordinates":[[[39.243861,21.488129],[39.243835,21.488251],[39.243833,21.488259]]]},"properties":{"duct_type":"Fiber Optic","status":"Planned","branch":"السليمانية","length_m":14.7,"duct_id":"UTL_TELECOM_DUCTS-000493"}},{"type":"Feature","id":"UTL_TELECOM_DUCTS-000494","geometry":{"type":"MultiLineString","coordinates":[[[39.25142,21.490109],[39.251421,21.490105],[39.251435,21.49004],[39.251437,21.490033]]]},"properties":{"status":"Planned","branch":"السليمانية","length_m":8.634,"duct_id":"UTL_TELECOM_DUCTS-000494"}},{"type":"Feature","id":"UTL_TELECOM_DUCTS-000495","geometry":{"type":"MultiLineString","coordinates":[[[39.248823,21.487364],[39.248823,21.487368],[39.248793,21.487554],[39.248792,21.487558]]]},"properties":{"duct_type":"Fiber Optic","status":"Planned","branch":"السليمانية","length_m":21.688,"duct_id":"UTL_TELECOM_DUCTS-000495"}},{"type":"Feature","id":"UTL_TELECOM_DUCTS-000496","geometry":{"type":"MultiLineString","coordinates":[[[39.251384,21.490185],[39.251418,21.490113],[39.25142,21.490109]]]},"properties":{"status":"Planned","branch":"السليمانية","length_m":9.203,"duct_id":"UTL_TELECOM_DUCTS-000496"}},{"type":"Feature","id":"UTL_TELECOM_DUCTS-000497","geometry":{"type":"MultiLineString","coordinates":[[[39.251029,21.489012],[39.251026,21.489012],[39.250866,21.488985],[39.250863,21.488985]]]},"properties":{"duct_type":"Fiber Optic","status":"Planned","branch":"السليمانية","length_m":17.41,"duct_id":"UTL_TELECOM_DUCTS-000497"}},{"type":"Feature","id":"UTL_TELECOM_DUCTS-000498","geometry":{"type":"MultiLineString","coordinates":[[[39.25015,21.48959],[39.250167,21.489517],[39.250169,21.489509]]]},"properties":{"duct_type":"Fiber Optic","status":"Planned","branch":"السليمانية","length_m":9.193,"duct_id":"UTL_TELECOM_DUCTS-000498"}},{"type":"Feature","id":"UTL_TELECOM_DUCTS-000499","geometry":{"type":"MultiLineString","coordinates":[[[39.24431,21.488678],[39.244326,21.488604],[39.244328,21.488595]]]},"properties":{"duct_type":"Fiber Optic","status":"Planned","branch":"السليمانية","length_m":9.423,"duct_id":"UTL_TELECOM_DUCTS-000499"}},{"type":"Feature","id":"UTL_TELECOM_DUCTS-000500","geometry":{"type":"MultiLineString","coordinates":[[[39.246487,21.489782],[39.246496,21.489783],[39.246505,21.489784]]]},"properties":{"duct_type":"Fiber Optic","status":"Planned","branch":"السليمانية","length_m":1.833,"duct_id":"UTL_TELECOM_DUCTS-000500"}},{"type":"Feature","id":"UTL_TELECOM_DUCTS-000501","geometry":{"type":"MultiLineString","coordinates":[[[39.246502,21.489767],[39.246503,21.489776],[39.246505,21.489784]]]},"properties":{"duct_type":"Fiber Optic","status":"Planned","branch":"السليمانية","length_m":1.833,"duct_id":"UTL_TELECOM_DUCTS-000501"}},{"type":"Feature","id":"UTL_TELECOM_DUCTS-000502","geometry":{"type":"MultiLineString","coordinates":[[[39.244399,21.488625],[39.244392,21.488622],[39.244336,21.488598],[39.244328,21.488595]]]},"properties":{"duct_type":"Fiber Optic","status":"Planned","branch":"السليمانية","length_m":8.153,"duct_id":"UTL_TELECOM_DUCTS-000502"}},{"type":"Feature","id":"UTL_TELECOM_DUCTS-000503","geometry":{"type":"MultiLineString","coordinates":[[[39.24446,21.488358],[39.244458,21.488366],[39.244401,21.488617],[39.244399,21.488625]]]},"properties":{"duct_type":"Fiber Optic","status":"Planned","branch":"السليمانية","length_m":30.227,"duct_id":"UTL_TELECOM_DUCTS-000503"}},{"type":"Feature","id":"UTL_TELECOM_DUCTS-000504","geometry":{"type":"MultiLineString","coordinates":[[[39.233645,21.489221],[39.233643,21.489224],[39.23321,21.490027],[39.23321,21.490027]]]},"properties":{"duct_type":"Fiber Optic","status":"Planned","branch":"السليمانية","length_m":99.974,"duct_id":"UTL_TELECOM_DUCTS-000504"}},{"type":"Feature","id":"UTL_TELECOM_DUCTS-000505","geometry":{"type":"MultiLineString","coordinates":[[[39.232777,21.490835],[39.232776,21.490837],[39.232529,21.491293],[39.232527,21.491295]]]},"properties":{"duct_type":"Fiber Optic","status":"Planned","branch":"السليمانية","length_m":57.154,"duct_id":"UTL_TELECOM_DUCTS-000505"}},{"type":"Feature","id":"UTL_TELECOM_DUCTS-000506","geometry":{"type":"MultiLineString","coordinates":[[[39.24606,21.489851],[39.246051,21.48985],[39.245777,21.489805],[39.245489,21.489758],[39.245479,21.489756]]]},"properties":{"duct_type":"Fiber Optic","status":"Planned","branch":"السليمانية","length_m":61.091,"duct_id":"UTL_TELECOM_DUCTS-000506"}},{"type":"Feature","id":"UTL_TELECOM_DUCTS-000507","geometry":{"type":"MultiLineString","coordinates":[[[39.246202,21.489893],[39.246193,21.489891],[39.245779,21.489845],[39.245771,21.489844]]]},"properties":{"duct_type":"Fiber Optic","status":"Planned","branch":"السليمانية","length_m":45.007,"duct_id":"UTL_TELECOM_DUCTS-000507"}},{"type":"Feature","id":"UTL_TELECOM_DUCTS-000508","geometry":{"type":"MultiLineString","coordinates":[[[39.24623,21.489891],[39.246222,21.48989],[39.246068,21.489853],[39.24606,21.489851]]]},"properties":{"duct_type":"Fiber Optic","status":"Planned","branch":"السليمانية","length_m":18.198,"duct_id":"UTL_TELECOM_DUCTS-000508"}},{"type":"Feature","id":"UTL_TELECOM_DUCTS-000509","geometry":{"type":"MultiLineString","coordinates":[[[39.24623,21.489891],[39.246239,21.489893],[39.246447,21.489932],[39.246455,21.489934]]]},"properties":{"duct_type":"Fiber Optic","status":"Planned","branch":"السليمانية","length_m":23.754,"duct_id":"UTL_TELECOM_DUCTS-000509"}},{"type":"Feature","id":"UTL_TELECOM_DUCTS-000510","geometry":{"type":"MultiLineString","coordinates":[[[39.248207,21.490224],[39.248216,21.490226],[39.248494,21.490254],[39.248503,21.490255]]]},"properties":{"duct_type":"Fiber Optic","status":"Planned","branch":"السليمانية","length_m":30.792,"duct_id":"UTL_TELECOM_DUCTS-000510"}},{"type":"Feature","id":"UTL_TELECOM_DUCTS-000511","geometry":{"type":"MultiLineString","coordinates":[[[39.248968,21.490362],[39.248977,21.490363],[39.250057,21.490543],[39.25008,21.490547],[39.250088,21.490548]]]},"properties":{"duct_type":"Fiber Optic","status":"Planned","branch":"السليمانية","length_m":117.781,"duct_id":"UTL_TELECOM_DUCTS-000511"}},{"type":"Feature","id":"UTL_TELECOM_DUCTS-000512","geometry":{"type":"MultiLineString","coordinates":[[[39.248503,21.490255],[39.248511,21.490257],[39.249225,21.490391],[39.249233,21.490393]]]},"properties":{"duct_type":"Fiber Optic","status":"Planned","branch":"السليمانية","length_m":77.17,"duct_id":"UTL_TELECOM_DUCTS-000512"}},{"type":"Feature","id":"UTL_TELECOM_DUCTS-000513","geometry":{"type":"MultiLineString","coordinates":[[[39.24446,21.488358],[39.244468,21.48836],[39.245001,21.488414],[39.245014,21.488415]]]},"properties":{"duct_type":"Fiber Optic","status":"Planned","branch":"السليمانية","length_m":57.734,"duct_id":"UTL_TELECOM_DUCTS-000513"}},{"type":"Feature","id":"UTL_TELECOM_DUCTS-000514","geometry":{"type":"MultiLineString","coordinates":[[[39.243468,21.489447],[39.24346,21.489445],[39.243401,21.489436],[39.243393,21.489434],[39.243384,21.489432]]]},"properties":{"duct_type":"Fiber Optic","status":"Planned","branch":"السليمانية","length_m":8.817,"duct_id":"UTL_TELECOM_DUCTS-000514"}},{"type":"Feature","id":"UTL_TELECOM_DUCTS-000515","geometry":{"type":"MultiLineString","coordinates":[[[39.243857,21.489505],[39.243848,21.489503],[39.243476,21.489448],[39.243468,21.489447]]]},"properties":{"duct_type":"Fiber Optic","status":"Planned","branch":"السليمانية","length_m":40.76,"duct_id":"UTL_TELECOM_DUCTS-000515"}},{"type":"Feature","id":"UTL_TELECOM_DUCTS-000516","geometry":{"type":"MultiLineString","coordinates":[[[39.245771,21.489844],[39.245762,21.489843],[39.245511,21.489777],[39.245502,21.489776]]]},"properties":{"duct_type":"Fiber Optic","status":"Planned","branch":"السليمانية","length_m":28.8,"duct_id":"UTL_TELECOM_DUCTS-000516"}},{"type":"Feature","id":"UTL_TELECOM_DUCTS-000517","geometry":{"type":"MultiLineString","coordinates":[[[39.237017,21.499638],[39.237023,21.499678],[39.237023,21.49968]]]},"properties":{"status":"Planned","branch":"السليمانية","length_m":4.698,"duct_id":"UTL_TELECOM_DUCTS-000517"}},{"type":"Feature","id":"UTL_TELECOM_DUCTS-000518","geometry":{"type":"MultiLineString","coordinates":[[[39.237422,21.499635],[39.237425,21.499635],[39.237948,21.499556],[39.237951,21.499555]]]},"properties":{"status":"Planned","branch":"السليمانية","length_m":55.494,"duct_id":"UTL_TELECOM_DUCTS-000518"}},{"type":"Feature","id":"UTL_TELECOM_DUCTS-000519","geometry":{"type":"MultiLineString","coordinates":[[[39.238298,21.499511],[39.238294,21.499481]]]},"properties":{"status":"Planned","branch":"السليمانية","length_m":3.333,"duct_id":"UTL_TELECOM_DUCTS-000519"}},{"type":"Feature","id":"UTL_TELECOM_DUCTS-000520","geometry":{"type":"MultiLineString","coordinates":[[[39.237023,21.49968],[39.237026,21.49968],[39.237419,21.499635],[39.237422,21.499635]]]},"properties":{"status":"Planned","branch":"السليمانية","length_m":41.628,"duct_id":"UTL_TELECOM_DUCTS-000520"}},{"type":"Feature","id":"UTL_TELECOM_DUCTS-000521","geometry":{"type":"MultiLineString","coordinates":[[[39.237951,21.499555],[39.237954,21.499555],[39.238295,21.499512],[39.238298,21.499511]]]},"properties":{"status":"Planned","branch":"السليمانية","length_m":36.23,"duct_id":"UTL_TELECOM_DUCTS-000521"}},{"type":"Feature","id":"UTL_TELECOM_DUCTS-000522","geometry":{"type":"MultiLineString","coordinates":[[[39.250019,21.490516],[39.250021,21.490517],[39.250058,21.490536],[39.250074,21.490544],[39.250088,21.490548]]]},"properties":{"duct_type":"Fiber Optic","status":"Planned","branch":"السليمانية","length_m":7.968,"duct_id":"UTL_TELECOM_DUCTS-000522"}},{"type":"Feature","id":"UTL_TELECOM_DUCTS-000523","geometry":{"type":"MultiLineString","coordinates":[[[39.250146,21.490091],[39.250155,21.490093],[39.250185,21.490098],[39.250502,21.490153]]]},"properties":{"status":"Planned","branch":"السليمانية","length_m":37.501,"duct_id":"UTL_TELECOM_DUCTS-000523"}},{"type":"Feature","id":"UTL_TELECOM_DUCTS-000524","geometry":{"type":"MultiLineString","coordinates":[[[39.250244,21.489832],[39.250252,21.489834],[39.250952,21.489931],[39.251394,21.490004],[39.251434,21.490009],[39.251435,21.490018],[39.251437,21.490033]]]},"properties":{"status":"Planned","branch":"السليمانية","length_m":127.494,"duct_id":"UTL_TELECOM_DUCTS-000524"}},{"type":"Feature","id":"UTL_TELECOM_DUCTS-000525","geometry":{"type":"MultiLineString","coordinates":[[[39.250131,21.491801],[39.250129,21.491792],[39.250052,21.491259],[39.250048,21.491233]]]},"properties":{"duct_type":"Fiber Optic","status":"Planned","branch":"السليمانية","length_m":63.342,"duct_id":"UTL_TELECOM_DUCTS-000525"}},{"type":"Feature","id":"UTL_TELECOM_DUCTS-000526","geometry":{"type":"MultiLineString","coordinates":[[[39.250067,21.491085],[39.250067,21.491094],[39.250049,21.491232],[39.250048,21.491233]]]},"properties":{"duct_type":"Fiber Optic","status":"Planned","branch":"السليمانية","length_m":16.549,"duct_id":"UTL_TELECOM_DUCTS-000526"}},{"type":"Feature","id":"UTL_TELECOM_DUCTS-000527","geometry":{"type":"MultiLineString","coordinates":[[[39.249774,21.492026],[39.249781,21.492025],[39.24979,21.492025]]]},"properties":{"duct_type":"Fiber Optic","status":"Planned","branch":"السليمانية","length_m":1.654,"duct_id":"UTL_TELECOM_DUCTS-000527"}},{"type":"Feature","id":"UTL_TELECOM_DUCTS-000528","geometry":{"type":"MultiLineString","coordinates":[[[39.249773,21.49184],[39.249782,21.491839],[39.250121,21.491802],[39.250131,21.491801]]]},"properties":{"duct_type":"Fiber Optic","status":"Planned","branch":"السليمانية","length_m":37.384,"duct_id":"UTL_TELECOM_DUCTS-000528"}},{"type":"Feature","id":"UTL_TELECOM_DUCTS-000529","geometry":{"type":"MultiLineString","coordinates":[[[39.23953,21.492075],[39.23954,21.492075],[39.24016,21.492085],[39.240169,21.492085]]]},"properties":{"duct_type":"Fiber Optic","status":"Planned","branch":"السليمانية","length_m":66.166,"duct_id":"UTL_TELECOM_DUCTS-000529"}},{"type":"Feature","id":"UTL_TELECOM_DUCTS-000530","geometry":{"type":"MultiLineString","coordinates":[[[39.240169,21.492085],[39.24018,21.492084],[39.241111,21.491948],[39.24112,21.491947]]]},"properties":{"duct_type":"Fiber Optic","status":"Planned","branch":"السليمانية","length_m":99.729,"duct_id":"UTL_TELECOM_DUCTS-000530"}},{"type":"Feature","id":"UTL_TELECOM_DUCTS-000531","geometry":{"type":"MultiLineString","coordinates":[[[39.248619,21.491829],[39.248629,21.491828],[39.248604,21.491811],[39.248598,21.491808]]]},"properties":{"duct_type":"Fiber Optic","status":"Planned","branch":"السليمانية","length_m":5.018,"duct_id":"UTL_TELECOM_DUCTS-000531"}},{"type":"Feature","id":"UTL_TELECOM_DUCTS-000532","geometry":{"type":"MultiLineString","coordinates":[[[39.238959,21.492196],[39.238974,21.492194],[39.239521,21.492075],[39.23953,21.492075]]]},"properties":{"duct_type":"Fiber Optic","status":"Planned","branch":"السليمانية","length_m":60.731,"duct_id":"UTL_TELECOM_DUCTS-000532"}},{"type":"Feature","id":"UTL_TELECOM_DUCTS-000533","geometry":{"type":"MultiLineString","coordinates":[[[39.241591,21.491873],[39.241582,21.491873],[39.24113,21.491945],[39.24112,21.491947]]]},"properties":{"duct_type":"Fiber Optic","status":"Planned","branch":"السليمانية","length_m":49.458,"duct_id":"UTL_TELECOM_DUCTS-000533"}},{"type":"Feature","id":"UTL_TELECOM_DUCTS-000534","geometry":{"type":"MultiLineString","coordinates":[[[39.233064,21.494019],[39.23305,21.494021],[39.232732,21.494059],[39.232717,21.494061]]]},"properties":{"duct_type":"Fiber Optic","status":"Planned","branch":"السليمانية","length_m":36.202,"duct_id":"UTL_TELECOM_DUCTS-000534"}},{"type":"Feature","id":"UTL_TELECOM_DUCTS-000535","geometry":{"type":"MultiLineString","coordinates":[[[39.233639,21.493947],[39.233624,21.493949],[39.233078,21.494018],[39.233064,21.494019]]]},"properties":{"duct_type":"Fiber Optic","status":"Planned","branch":"السليمانية","length_m":60.049,"duct_id":"UTL_TELECOM_DUCTS-000535"}},{"type":"Feature","id":"UTL_TELECOM_DUCTS-000536","geometry":{"type":"MultiLineString","coordinates":[[[39.233235,21.493293],[39.233221,21.493295],[39.232972,21.493331],[39.232958,21.493333]]]},"properties":{"duct_type":"Fiber Optic","status":"Planned","branch":"السليمانية","length_m":29.063,"duct_id":"UTL_TELECOM_DUCTS-000536"}},{"type":"Feature","id":"UTL_TELECOM_DUCTS-000537","geometry":{"type":"MultiLineString","coordinates":[[[39.244615,21.491662],[39.244615,21.491671],[39.24462,21.491745]]]},"properties":{"duct_type":"Fiber Optic","status":"Planned","branch":"السليمانية","length_m":9.276,"duct_id":"UTL_TELECOM_DUCTS-000537"}},{"type":"Feature","id":"UTL_TELECOM_DUCTS-000538","geometry":{"type":"MultiLineString","coordinates":[[[39.233235,21.493293],[39.233231,21.493279],[39.233215,21.493164],[39.233247,21.493127],[39.233246,21.493117],[39.233253,21.493097]]]},"properties":{"duct_type":"Fiber Optic","status":"Planned","branch":"السليمانية","length_m":23.162,"duct_id":"UTL_TELECOM_DUCTS-000538"}},{"type":"Feature","id":"UTL_TELECOM_DUCTS-000539","geometry":{"type":"MultiLineString","coordinates":[[[39.239588,21.499911],[39.239583,21.499549],[39.239581,21.499523]]]},"properties":{"duct_type":"Fiber Optic","status":"Planned","branch":"السليمانية","length_m":42.918,"duct_id":"UTL_TELECOM_DUCTS-000539"}},{"type":"Feature","id":"UTL_TELECOM_DUCTS-000540","geometry":{"type":"MultiLineString","coordinates":[[[39.232625,21.493376],[39.232617,21.493391],[39.232705,21.494049],[39.232717,21.494061]]]},"properties":{"duct_type":"Fiber Optic","status":"Planned","branch":"السليمانية","length_m":77.103,"duct_id":"UTL_TELECOM_DUCTS-000540"}},{"type":"Feature","id":"UTL_TELECOM_DUCTS-000541","geometry":{"type":"MultiLineString","coordinates":[[[39.233235,21.493293],[39.233219,21.493286],[39.23297,21.493322],[39.232958,21.493333]]]},"properties":{"duct_type":"Fiber Optic","status":"Planned","branch":"السليمانية","length_m":29.644,"duct_id":"UTL_TELECOM_DUCTS-000541"}},{"type":"Feature","id":"UTL_TELECOM_DUCTS-000542","geometry":{"type":"MultiLineString","coordinates":[[[39.252641,21.498356],[39.252639,21.498368],[39.252638,21.498379]]]},"properties":{"status":"Planned","branch":"السليمانية","length_m":2.598,"duct_id":"UTL_TELECOM_DUCTS-000542"}},{"type":"Feature","id":"UTL_TELECOM_DUCTS-000543","geometry":{"type":"MultiLineString","coordinates":[[[39.249194,21.487109],[39.249208,21.487111],[39.249339,21.487137],[39.249552,21.487178],[39.249566,21.487181]]]},"properties":{"duct_type":"Fiber Optic","status":"Planned","branch":"السليمانية","length_m":39.301,"duct_id":"UTL_TELECOM_DUCTS-000543"}},{"type":"Feature","id":"UTL_TELECOM_DUCTS-000544","geometry":{"type":"MultiLineString","coordinates":[[[39.249142,21.487098],[39.24918,21.487106],[39.249194,21.487109]]]},"properties":{"duct_type":"Fiber Optic","status":"Planned","branch":"السليمانية","length_m":5.498,"duct_id":"UTL_TELECOM_DUCTS-000544"}},{"type":"Feature","id":"UTL_TELECOM_DUCTS-000545","geometry":{"type":"MultiLineString","coordinates":[[[39.244368,21.485315],[39.244364,21.485266]]]},"properties":{"duct_type":"Fiber Optic","status":"Planned","branch":"السليمانية","length_m":5.488,"duct_id":"UTL_TELECOM_DUCTS-000545"}},{"type":"Feature","id":"UTL_TELECOM_DUCTS-000546","geometry":{"type":"MultiLineString","coordinates":[[[39.252818,21.486609],[39.252875,21.486616],[39.252882,21.486617]]]},"properties":{"duct_type":"Fiber Optic","status":"Planned","branch":"السليمانية","length_m":6.641,"duct_id":"UTL_TELECOM_DUCTS-000546"}},{"type":"Feature","id":"UTL_TELECOM_DUCTS-000547","geometry":{"type":"MultiLineString","coordinates":[[[39.252882,21.486617],[39.252878,21.486638],[39.252834,21.486898],[39.252756,21.487346],[39.252737,21.487562],[39.252735,21.487574]]]},"properties":{"duct_type":"Fiber Optic","status":"Planned","branch":"السليمانية","length_m":107.071,"duct_id":"UTL_TELECOM_DUCTS-000547"}},{"type":"Feature","id":"UTL_TELECOM_DUCTS-000548","geometry":{"type":"MultiLineString","coordinates":[[[39.242198,21.489193],[39.242217,21.489195],[39.242351,21.489223],[39.242585,21.489266],[39.243682,21.489466],[39.243691,21.489468]]]},"properties":{"duct_type":"Fiber Optic","status":"Planned","branch":"السليمانية","length_m":157.638,"duct_id":"UTL_TELECOM_DUCTS-000548"}},{"type":"Feature","id":"UTL_TELECOM_DUCTS-000549","geometry":{"type":"MultiLineString","coordinates":[[[39.242578,21.489314],[39.242569,21.489313],[39.242217,21.489196],[39.242198,21.489193]]]},"properties":{"duct_type":"Fiber Optic","status":"Planned","branch":"السليمانية","length_m":41.628,"duct_id":"UTL_TELECOM_DUCTS-000549"}},{"type":"Feature","id":"UTL_TELECOM_DUCTS-000550","geometry":{"type":"MultiLineString","coordinates":[[[39.242361,21.489536],[39.242209,21.48958],[39.242199,21.489583]]]},"properties":{"duct_type":"Fiber Optic","status":"Planned","branch":"السليمانية","length_m":17.651,"duct_id":"UTL_TELECOM_DUCTS-000550"}},{"type":"Feature","id":"UTL_TELECOM_DUCTS-000551","geometry":{"type":"MultiLineString","coordinates":[[[39.242197,21.48989],[39.242149,21.489885],[39.242144,21.489885]]]},"properties":{"duct_type":"Fiber Optic","status":"Planned","branch":"السليمانية","length_m":5.476,"duct_id":"UTL_TELECOM_DUCTS-000551"}},{"type":"Feature","id":"UTL_TELECOM_DUCTS-000552","geometry":{"type":"MultiLineString","coordinates":[[[39.242199,21.489583],[39.242199,21.489581],[39.242198,21.489572],[39.242198,21.489557],[39.242198,21.489554],[39.242198,21.489202],[39.242198,21.489193]]]},"properties":{"duct_type":"Fiber Optic","status":"Planned","branch":"السليمانية","length_m":43.175,"duct_id":"UTL_TELECOM_DUCTS-000552"}},{"type":"Feature","id":"UTL_TELECOM_DUCTS-000553","geometry":{"type":"MultiLineString","coordinates":[[[39.242144,21.489885],[39.242145,21.489882],[39.242197,21.48959],[39.242199,21.489584],[39.242199,21.489583]]]},"properties":{"duct_type":"Fiber Optic","status":"Planned","branch":"السليمانية","length_m":33.837,"duct_id":"UTL_TELECOM_DUCTS-000553"}},{"type":"Feature","id":"UTL_TELECOM_DUCTS-000554","geometry":{"type":"MultiLineString","coordinates":[[[39.241445,21.489106],[39.241446,21.489096],[39.241447,21.48908],[39.241452,21.489025]]]},"properties":{"duct_type":"Fiber Optic","status":"Planned","branch":"السليمانية","length_m":9.072,"duct_id":"UTL_TELECOM_DUCTS-000554"}},{"type":"Feature","id":"UTL_TELECOM_DUCTS-000555","geometry":{"type":"MultiLineString","coordinates":[[[39.241445,21.489106],[39.241455,21.489106],[39.242189,21.489192],[39.242198,21.489193]]]},"properties":{"duct_type":"Fiber Optic","status":"Planned","branch":"السليمانية","length_m":78.622,"duct_id":"UTL_TELECOM_DUCTS-000555"}},{"type":"Feature","id":"UTL_TELECOM_DUCTS-000556","geometry":{"type":"MultiLineString","coordinates":[[[39.241014,21.487586],[39.241012,21.487597],[39.241003,21.48764]]]},"properties":{"duct_type":"Fiber Optic","status":"Planned","branch":"السليمانية","length_m":6.025,"duct_id":"UTL_TELECOM_DUCTS-000556"}},{"type":"Feature","id":"UTL_TELECOM_DUCTS-000557","geometry":{"type":"MultiLineString","coordinates":[[[39.241059,21.487037],[39.241113,21.487048],[39.24112,21.487049]]]},"properties":{"duct_type":"Fiber Optic","status":"Planned","branch":"السليمانية","length_m":6.504,"duct_id":"UTL_TELECOM_DUCTS-000557"}},{"type":"Feature","id":"UTL_TELECOM_DUCTS-000558","geometry":{"type":"MultiLineString","coordinates":[[[39.241089,21.48723],[39.241091,21.487221],[39.241119,21.487058],[39.24112,21.487049]]]},"properties":{"duct_type":"Fiber Optic","status":"Planned","branch":"السليمانية","length_m":20.27,"duct_id":"UTL_TELECOM_DUCTS-000558"}},{"type":"Feature","id":"UTL_TELECOM_DUCTS-000559","geometry":{"type":"MultiLineString","coordinates":[[[39.23991,21.485348],[39.239486,21.485354]]]},"properties":{"duct_type":"Fiber Optic","status":"Planned","branch":"السليمانية","length_m":43.884,"duct_id":"UTL_TELECOM_DUCTS-000559"}},{"type":"Feature","id":"UTL_TELECOM_DUCTS-000560","geometry":{"type":"MultiLineString","coordinates":[[[39.241074,21.487434],[39.241049,21.48743]]]},"properties":{"duct_type":"Fiber Optic","status":"Planned","branch":"السليمانية","length_m":2.588,"duct_id":"UTL_TELECOM_DUCTS-000560"}},{"type":"Feature","id":"UTL_TELECOM_DUCTS-000561","geometry":{"type":"MultiLineString","coordinates":[[[39.2425,21.487561],[39.242498,21.48757],[39.242315,21.488525],[39.242314,21.488535]]]},"properties":{"duct_type":"Fiber Optic","status":"Planned","branch":"السليمانية","length_m":109.507,"duct_id":"UTL_TELECOM_DUCTS-000561"}},{"type":"Feature","id":"UTL_TELECOM_DUCTS-000562","geometry":{"type":"MultiLineString","coordinates":[[[39.242685,21.486604],[39.242684,21.486613],[39.242575,21.48717],[39.242573,21.487182]]]},"properties":{"duct_type":"Fiber Optic","status":"Planned","branch":"السليمانية","length_m":64.99,"duct_id":"UTL_TELECOM_DUCTS-000562"}},{"type":"Feature","id":"UTL_TELECOM_DUCTS-000563","geometry":{"type":"MultiLineString","coordinates":[[[39.242685,21.486604],[39.242676,21.486603],[39.242618,21.486593],[39.242575,21.486586]]]},"properties":{"duct_type":"Fiber Optic","status":"Planned","branch":"السليمانية","length_m":11.645,"duct_id":"UTL_TELECOM_DUCTS-000563"}},{"type":"Feature","id":"UTL_TELECOM_DUCTS-000564","geometry":{"type":"MultiLineString","coordinates":[[[39.242609,21.486637],[39.242675,21.486605],[39.242685,21.486604]]]},"properties":{"duct_type":"Fiber Optic","status":"Planned","branch":"السليمانية","length_m":8.757,"duct_id":"UTL_TELECOM_DUCTS-000564"}},{"type":"Feature","id":"UTL_TELECOM_DUCTS-000565","geometry":{"type":"MultiLineString","coordinates":[[[39.232958,21.493333],[39.232943,21.493335],[39.23264,21.493374],[39.232625,21.493376]]]},"properties":{"duct_type":"Fiber Optic","status":"Planned","branch":"السليمانية","length_m":34.765,"duct_id":"UTL_TELECOM_DUCTS-000565"}},{"type":"Feature","id":"UTL_TELECOM_DUCTS-000566","geometry":{"type":"MultiLineString","coordinates":[[[39.232976,21.493466],[39.232959,21.493346],[39.232958,21.493333]]]},"properties":{"duct_type":"Fiber Optic","status":"Planned","branch":"السليمانية","length_m":14.91,"duct_id":"UTL_TELECOM_DUCTS-000566"}},{"type":"Feature","id":"UTL_TELECOM_DUCTS-000567","geometry":{"type":"MultiLineString","coordinates":[[[39.233535,21.493261],[39.23352,21.493263],[39.233249,21.493291],[39.233235,21.493293]]]},"properties":{"duct_type":"Fiber Optic","status":"Planned","branch":"السليمانية","length_m":31.235,"duct_id":"UTL_TELECOM_DUCTS-000567"}},{"type":"Feature","id":"UTL_TELECOM_DUCTS-000568","geometry":{"type":"MultiLineString","coordinates":[[[39.233553,21.493395],[39.233536,21.493275],[39.233535,21.493261]]]},"properties":{"duct_type":"Fiber Optic","status":"Planned","branch":"السليمانية","length_m":14.907,"duct_id":"UTL_TELECOM_DUCTS-000568"}},{"type":"Feature","id":"UTL_TELECOM_DUCTS-000569","geometry":{"type":"MultiLineString","coordinates":[[[39.23405,21.493196],[39.234036,21.493198],[39.233549,21.493259],[39.233535,21.493261]]]},"properties":{"duct_type":"Fiber Optic","status":"Planned","branch":"السليمانية","length_m":53.899,"duct_id":"UTL_TELECOM_DUCTS-000569"}},{"type":"Feature","id":"UTL_TELECOM_DUCTS-000570","geometry":{"type":"MultiLineString","coordinates":[[[39.234736,21.493113],[39.23475,21.493111],[39.234801,21.493104],[39.234803,21.493103],[39.234805,21.493103],[39.234807,21.493102],[39.234809,21.493102],[39.23481,21.493101],[39.234812,21.4931],[39.234814,21.493099],[39.234815,21.493098],[39.234817,21.493097],[39.234818,21.493095],[39.234819,21.493094],[39.23482,21.493092],[39.234822,21.493091],[39.234822,21.493089],[39.234823,21.493088],[39.234824,21.493086],[39.234825,21.493084],[39.234825,21.493082],[39.234825,21.493081],[39.234826,21.493079],[39.234826,21.493077],[39.234826,21.493075],[39.234825,21.493073],[39.234824,21.493061]]]},"properties":{"duct_type":"Fiber Optic","status":"Planned","branch":"السليمانية","length_m":12.836,"duct_id":"UTL_TELECOM_DUCTS-000570"}},{"type":"Feature","id":"UTL_TELECOM_DUCTS-000571","geometry":{"type":"MultiLineString","coordinates":[[[39.234453,21.493148],[39.234467,21.493146],[39.234722,21.493115],[39.234736,21.493113]]]},"properties":{"duct_type":"Fiber Optic","status":"Planned","branch":"السليمانية","length_m":29.608,"duct_id":"UTL_TELECOM_DUCTS-000571"}},{"type":"Feature","id":"UTL_TELECOM_DUCTS-000572","geometry":{"type":"MultiLineString","coordinates":[[[39.234154,21.493185],[39.23414,21.493187],[39.234065,21.493194],[39.23405,21.493196]]]},"properties":{"duct_type":"Fiber Optic","status":"Planned","branch":"السليمانية","length_m":10.832,"duct_id":"UTL_TELECOM_DUCTS-000572"}},{"type":"Feature","id":"UTL_TELECOM_DUCTS-000573","geometry":{"type":"MultiLineString","coordinates":[[[39.234045,21.493157],[39.234048,21.493182],[39.23405,21.493196]]]},"properties":{"duct_type":"Fiber Optic","status":"Planned","branch":"السليمانية","length_m":4.373,"duct_id":"UTL_TELECOM_DUCTS-000573"}},{"type":"Feature","id":"UTL_TELECOM_DUCTS-000574","geometry":{"type":"MultiLineString","coordinates":[[[39.241503,21.487291],[39.241512,21.487292],[39.242023,21.487382],[39.242032,21.487384]]]},"properties":{"duct_type":"Fiber Optic","status":"Planned","branch":"السليمانية","length_m":55.844,"duct_id":"UTL_TELECOM_DUCTS-000574"}},{"type":"Feature","id":"UTL_TELECOM_DUCTS-000575","geometry":{"type":"MultiLineString","coordinates":[[[39.24106,21.487382],[39.241062,21.487373],[39.241087,21.487239],[39.241089,21.48723]]]},"properties":{"duct_type":"Fiber Optic","status":"Planned","branch":"السليمانية","length_m":17.097,"duct_id":"UTL_TELECOM_DUCTS-000575"}},{"type":"Feature","id":"UTL_TELECOM_DUCTS-000576","geometry":{"type":"MultiLineString","coordinates":[[[39.241411,21.487415],[39.241464,21.487425],[39.241474,21.487427]]]},"properties":{"duct_type":"Fiber Optic","status":"Planned","branch":"السليمانية","length_m":6.685,"duct_id":"UTL_TELECOM_DUCTS-000576"}},{"type":"Feature","id":"UTL_TELECOM_DUCTS-000577","geometry":{"type":"MultiLineString","coordinates":[[[39.241089,21.48723],[39.241099,21.487232],[39.241493,21.487289],[39.241503,21.487291]]]},"properties":{"duct_type":"Fiber Optic","status":"Planned","branch":"السليمانية","length_m":43.351,"duct_id":"UTL_TELECOM_DUCTS-000577"}},{"type":"Feature","id":"UTL_TELECOM_DUCTS-000578","geometry":{"type":"MultiLineString","coordinates":[[[39.240747,21.488998],[39.240748,21.48899],[39.240746,21.488936]]]},"properties":{"duct_type":"Fiber Optic","status":"Planned","branch":"السليمانية","length_m":6.794,"duct_id":"UTL_TELECOM_DUCTS-000578"}},{"type":"Feature","id":"UTL_TELECOM_DUCTS-000579","geometry":{"type":"MultiLineString","coordinates":[[[39.242314,21.488535],[39.242312,21.488543],[39.242199,21.489183],[39.242198,21.489193]]]},"properties":{"duct_type":"Fiber Optic","status":"Planned","branch":"السليمانية","length_m":73.84,"duct_id":"UTL_TELECOM_DUCTS-000579"}},{"type":"Feature","id":"UTL_TELECOM_DUCTS-000580","geometry":{"type":"MultiLineString","coordinates":[[[39.242573,21.487182],[39.242501,21.487552],[39.2425,21.487561]]]},"properties":{"duct_type":"Fiber Optic","status":"Planned","branch":"السليمانية","length_m":42.611,"duct_id":"UTL_TELECOM_DUCTS-000580"}},{"type":"Feature","id":"UTL_TELECOM_DUCTS-000581","geometry":{"type":"MultiLineString","coordinates":[[[39.238392,21.49955],[39.238306,21.499557],[39.238304,21.499557]]]},"properties":{"status":"Planned","branch":"السليمانية","length_m":9.172,"duct_id":"UTL_TELECOM_DUCTS-000581"}},{"type":"Feature","id":"UTL_TELECOM_DUCTS-000582","geometry":{"type":"MultiLineString","coordinates":[[[39.233645,21.489221],[39.234041,21.488471],[39.234136,21.488401]]]},"properties":{"duct_type":"Fiber Optic","status":"Planned","branch":"السليمانية","length_m":105.121,"duct_id":"UTL_TELECOM_DUCTS-000582"}},{"type":"Feature","id":"UTL_TELECOM_DUCTS-000583","geometry":{"type":"MultiLineString","coordinates":[[[39.243384,21.489432],[39.243325,21.489486],[39.243319,21.489493],[39.243318,21.489494],[39.243317,21.489495],[39.243316,21.489496],[39.243315,21.489497],[39.243314,21.489498],[39.243313,21.489499],[39.243313,21.4895]]]},"properties":{"duct_type":"Fiber Optic","status":"Planned","branch":"السليمانية","length_m":10.57,"duct_id":"UTL_TELECOM_DUCTS-000583"}},{"type":"Feature","id":"UTL_TELECOM_DUCTS-000584","geometry":{"type":"MultiLineString","coordinates":[[[39.246769,21.491793],[39.246771,21.491793],[39.246772,21.491792],[39.246773,21.491792],[39.246774,21.491792],[39.246775,21.491791],[39.246776,21.49179],[39.246777,21.49179],[39.246778,21.491789],[39.246779,21.491788],[39.246973,21.49162],[39.246974,21.491619],[39.246975,21.491618],[39.246976,21.491618],[39.246977,21.491617],[39.246979,21.491616],[39.24698,21.491616],[39.246981,21.491615],[39.246983,21.491615],[39.246984,21.491615],[39.247004,21.491613],[39.247012,21.491604]]]},"properties":{"duct_type":"Fiber Optic","status":"Planned","branch":"السليمانية","length_m":33.197,"duct_id":"UTL_TELECOM_DUCTS-000584"}},{"type":"Feature","id":"UTL_TELECOM_DUCTS-000585","geometry":{"type":"MultiLineString","coordinates":[[[39.243648,21.497247],[39.243592,21.497561],[39.243591,21.497568]]]},"properties":{"duct_type":"Fiber Optic","status":"Planned","branch":"السليمانية","length_m":36.018,"duct_id":"UTL_TELECOM_DUCTS-000585"}},{"type":"Feature","id":"UTL_TELECOM_DUCTS-000586","geometry":{"type":"MultiLineString","coordinates":[[[39.234453,21.493148],[39.234438,21.49315],[39.234168,21.493183],[39.234154,21.493185]]]},"properties":{"duct_type":"Fiber Optic","status":"Planned","branch":"السليمانية","length_m":31.194,"duct_id":"UTL_TELECOM_DUCTS-000586"}},{"type":"Feature","id":"UTL_TELECOM_DUCTS-000587","geometry":{"type":"MultiLineString","coordinates":[[[39.234755,21.493247],[39.234738,21.493127],[39.234736,21.493113]]]},"properties":{"duct_type":"Fiber Optic","status":"Planned","branch":"السليمانية","length_m":14.896,"duct_id":"UTL_TELECOM_DUCTS-000587"}},{"type":"Feature","id":"UTL_TELECOM_DUCTS-000588","geometry":{"type":"MultiLineString","coordinates":[[[39.234173,21.493319],[39.234156,21.493199],[39.234154,21.493185]]]},"properties":{"duct_type":"Fiber Optic","status":"Planned","branch":"السليمانية","length_m":14.913,"duct_id":"UTL_TELECOM_DUCTS-000588"}},{"type":"Feature","id":"UTL_TELECOM_DUCTS-000589","geometry":{"type":"MultiLineString","coordinates":[[[39.234814,21.493678],[39.23483,21.493789],[39.234832,21.493803]]]},"properties":{"duct_type":"Fiber Optic","status":"Planned","branch":"السليمانية","length_m":13.901,"duct_id":"UTL_TELECOM_DUCTS-000589"}},{"type":"Feature","id":"UTL_TELECOM_DUCTS-000590","geometry":{"type":"MultiLineString","coordinates":[[[39.234832,21.493803],[39.234817,21.493804],[39.234272,21.493871],[39.234257,21.493872]]]},"properties":{"duct_type":"Fiber Optic","status":"Planned","branch":"السليمانية","length_m":59.993,"duct_id":"UTL_TELECOM_DUCTS-000590"}},{"type":"Feature","id":"UTL_TELECOM_DUCTS-000591","geometry":{"type":"MultiLineString","coordinates":[[[39.242329,21.487192],[39.242353,21.487178],[39.242356,21.487176]]]},"properties":{"duct_type":"Fiber Optic","status":"Planned","branch":"السليمانية","length_m":3.293,"duct_id":"UTL_TELECOM_DUCTS-000591"}},{"type":"Feature","id":"UTL_TELECOM_DUCTS-000592","geometry":{"type":"MultiLineString","coordinates":[[[39.241904,21.486978],[39.241901,21.486987],[39.241865,21.487168],[39.242114,21.487209],[39.242128,21.487216]]]},"properties":{"duct_type":"Fiber Optic","status":"Planned","branch":"السليمانية","length_m":49.115,"duct_id":"UTL_TELECOM_DUCTS-000592"}},{"type":"Feature","id":"UTL_TELECOM_DUCTS-000593","geometry":{"type":"MultiLineString","coordinates":[[[39.243705,21.496929],[39.243702,21.496945],[39.243662,21.497172],[39.243648,21.497247]]]},"properties":{"duct_type":"Fiber Optic","status":"Planned","branch":"السليمانية","length_m":35.697,"duct_id":"UTL_TELECOM_DUCTS-000593"}},{"type":"Feature","id":"UTL_TELECOM_DUCTS-000594","geometry":{"type":"MultiLineString","coordinates":[[[39.253076,21.488847],[39.253074,21.488845],[39.252731,21.488408],[39.252731,21.488408],[39.25272,21.488393],[39.252709,21.488379],[39.2527,21.488364],[39.252691,21.488348],[39.252684,21.488332],[39.252677,21.488316],[39.252672,21.488299]]]},"properties":{"duct_type":"Fiber Optic","status":"Planned","branch":"السليمانية","length_m":73.968,"duct_id":"UTL_TELECOM_DUCTS-000594"}},{"type":"Feature","id":"UTL_TELECOM_DUCTS-000595","geometry":{"type":"MultiLineString","coordinates":[[[39.253076,21.488847],[39.253074,21.488848],[39.253036,21.48887],[39.252996,21.488888],[39.252956,21.488904],[39.252914,21.488917],[39.252871,21.488927],[39.252827,21.488934],[39.252783,21.488938],[39.252739,21.48894],[39.252695,21.488938]]]},"properties":{"duct_type":"Fiber Optic","status":"Planned","branch":"السليمانية","length_m":41.499,"duct_id":"UTL_TELECOM_DUCTS-000595"}},{"type":"Feature","id":"UTL_TELECOM_DUCTS-000596","geometry":{"type":"MultiLineString","coordinates":[[[39.25425,21.493236],[39.254254,21.493256],[39.254258,21.493277],[39.254262,21.493297],[39.254266,21.493318],[39.254269,21.493338],[39.254273,21.493359],[39.254276,21.493379],[39.254309,21.493585],[39.25431,21.49359]]]},"properties":{"duct_type":"Fiber Optic","status":"Planned","branch":"السليمانية","length_m":39.663,"duct_id":"UTL_TELECOM_DUCTS-000596"}},{"type":"Feature","id":"UTL_TELECOM_DUCTS-000597","geometry":{"type":"MultiLineString","coordinates":[[[39.248823,21.487364],[39.248824,21.48736],[39.24887,21.487122]]]},"properties":{"duct_type":"Fiber Optic","status":"Planned","branch":"السليمانية","length_m":27.274,"duct_id":"UTL_TELECOM_DUCTS-000597"}},{"type":"Feature","id":"UTL_TELECOM_DUCTS-000598","geometry":{"type":"MultiLineString","coordinates":[[[39.247806,21.487256],[39.247781,21.487394]]]},"properties":{"duct_type":"Fiber Optic","status":"Planned","branch":"السليمانية","length_m":15.427,"duct_id":"UTL_TELECOM_DUCTS-000598"}},{"type":"Feature","id":"UTL_TELECOM_DUCTS-000599","geometry":{"type":"MultiLineString","coordinates":[[[39.247811,21.48723],[39.247806,21.487256]]]},"properties":{"duct_type":"Fiber Optic","status":"Planned","branch":"السليمانية","length_m":2.928,"duct_id":"UTL_TELECOM_DUCTS-000599"}},{"type":"Feature","id":"UTL_TELECOM_DUCTS-000600","geometry":{"type":"MultiLineString","coordinates":[[[39.24807,21.486098],[39.248031,21.4863]]]},"properties":{"duct_type":"Fiber Optic","status":"Planned","branch":"السليمانية","length_m":22.767,"duct_id":"UTL_TELECOM_DUCTS-000600"}},{"type":"Feature","id":"UTL_TELECOM_DUCTS-000601","geometry":{"type":"MultiLineString","coordinates":[[[39.243367,21.485157],[39.243317,21.485488],[39.243315,21.485499]]]},"properties":{"duct_type":"Fiber Optic","status":"Planned","branch":"السليمانية","length_m":38.286,"duct_id":"UTL_TELECOM_DUCTS-000601"}},{"type":"Feature","id":"UTL_TELECOM_DUCTS-000602","geometry":{"type":"MultiLineString","coordinates":[[[39.244142,21.494834],[39.244134,21.494846],[39.244076,21.494932],[39.244049,21.495091]]]},"properties":{"duct_type":"Fiber Optic","status":"Planned","branch":"السليمانية","length_m":30.686,"duct_id":"UTL_TELECOM_DUCTS-000602"}},{"type":"Feature","id":"UTL_TELECOM_DUCTS-000603","geometry":{"type":"MultiLineString","coordinates":[[[39.243923,21.495799],[39.243873,21.496073],[39.243871,21.496087]]]},"properties":{"duct_type":"Fiber Optic","status":"Planned","branch":"السليمانية","length_m":32.304,"duct_id":"UTL_TELECOM_DUCTS-000603"}},{"type":"Feature","id":"UTL_TELECOM_DUCTS-000604","geometry":{"type":"MultiLineString","coordinates":[[[39.243871,21.496087],[39.243868,21.496101],[39.243793,21.496485]]]},"properties":{"duct_type":"Fiber Optic","status":"Planned","branch":"السليمانية","length_m":44.824,"duct_id":"UTL_TELECOM_DUCTS-000604"}},{"type":"Feature","id":"UTL_TELECOM_DUCTS-000605","geometry":{"type":"MultiLineString","coordinates":[[[39.246906,21.499728],[39.246885,21.499722],[39.246405,21.499587],[39.246398,21.499585],[39.246395,21.499583]]]},"properties":{"duct_type":"Fiber Optic","status":"Planned","branch":"السليمانية","length_m":55.325,"duct_id":"UTL_TELECOM_DUCTS-000605"}},{"type":"Feature","id":"UTL_TELECOM_DUCTS-000606","geometry":{"type":"MultiLineString","coordinates":[[[39.248341,21.499961],[39.248332,21.499959],[39.248282,21.49996],[39.248232,21.499961],[39.248182,21.499965],[39.248132,21.49997],[39.248082,21.499977],[39.248033,21.499985],[39.247984,21.499995],[39.247981,21.499996],[39.247978,21.499996],[39.247975,21.499997],[39.247972,21.499998],[39.247969,21.499998],[39.247966,21.499999],[39.247963,21.5],[39.247957,21.500002],[39.24795,21.500004],[39.247944,21.500006],[39.247938,21.500008],[39.247932,21.50001],[39.247927,21.500013],[39.247921,21.500015]]]},"properties":{"duct_type":"Fiber Optic","status":"Planned","branch":"السليمانية","length_m":44.266,"duct_id":"UTL_TELECOM_DUCTS-000606"}},{"type":"Feature","id":"UTL_TELECOM_DUCTS-000607","geometry":{"type":"MultiLineString","coordinates":[[[39.244917,21.497653],[39.244926,21.497654],[39.244941,21.497657]]]},"properties":{"status":"Planned","branch":"السليمانية","length_m":2.62,"duct_id":"UTL_TELECOM_DUCTS-000607"}},{"type":"Feature","id":"UTL_TELECOM_DUCTS-000608","geometry":{"type":"MultiLineString","coordinates":[[[39.244599,21.497601],[39.244615,21.497604],[39.24491,21.497651],[39.244917,21.497653]]]},"properties":{"status":"Planned","branch":"السليمانية","length_m":33.406,"duct_id":"UTL_TELECOM_DUCTS-000608"}},{"type":"Feature","id":"UTL_TELECOM_DUCTS-000609","geometry":{"type":"MultiLineString","coordinates":[[[39.246991,21.497996],[39.247012,21.497882],[39.247093,21.497471]]]},"properties":{"status":"Planned","branch":"السليمانية","length_m":58.997,"duct_id":"UTL_TELECOM_DUCTS-000609"}},{"type":"Feature","id":"UTL_TELECOM_DUCTS-000610","geometry":{"type":"MultiLineString","coordinates":[[[39.247536,21.498086],[39.247545,21.498087],[39.247851,21.498138],[39.247859,21.498139]]]},"properties":{"status":"Planned","branch":"السليمانية","length_m":34.04,"duct_id":"UTL_TELECOM_DUCTS-000610"}},{"type":"Feature","id":"UTL_TELECOM_DUCTS-000611","geometry":{"type":"MultiLineString","coordinates":[[[39.247499,21.500817],[39.247499,21.500822],[39.247463,21.501277],[39.247463,21.50128]]]},"properties":{"duct_type":"Fiber Optic","status":"Planned","branch":"السليمانية","length_m":51.451,"duct_id":"UTL_TELECOM_DUCTS-000611"}},{"type":"Feature","id":"UTL_TELECOM_DUCTS-000612","geometry":{"type":"MultiLineString","coordinates":[[[39.257899,21.500114],[39.257898,21.50022],[39.257898,21.500237]]]},"properties":{"status":"Planned","branch":"السليمانية","length_m":13.521,"duct_id":"UTL_TELECOM_DUCTS-000612"}},{"type":"Feature","id":"UTL_TELECOM_DUCTS-000613","geometry":{"type":"MultiLineString","coordinates":[[[39.257653,21.500623],[39.25765,21.500623],[39.257639,21.500625],[39.257627,21.500626],[39.257616,21.500627],[39.257604,21.500628],[39.257593,21.500628],[39.257582,21.500628],[39.25757,21.500627],[39.256824,21.500573]]]},"properties":{"status":"Planned","branch":"السليمانية","length_m":86.062,"duct_id":"UTL_TELECOM_DUCTS-000613"}},{"type":"Feature","id":"UTL_TELECOM_DUCTS-000614","geometry":{"type":"MultiLineString","coordinates":[[[39.255841,21.500505],[39.255826,21.500505],[39.255572,21.500483]]]},"properties":{"status":"Planned","branch":"السليمانية","length_m":27.958,"duct_id":"UTL_TELECOM_DUCTS-000614"}},{"type":"Feature","id":"UTL_TELECOM_DUCTS-000615","geometry":{"type":"MultiLineString","coordinates":[[[39.253881,21.500254],[39.253908,21.500272],[39.253936,21.50029],[39.253964,21.500308],[39.253993,21.500325],[39.254021,21.500342],[39.25405,21.500359],[39.254079,21.500376],[39.25408,21.500376]]]},"properties":{"status":"Planned","branch":"السليمانية","length_m":24.722,"duct_id":"UTL_TELECOM_DUCTS-000615"}},{"type":"Feature","id":"UTL_TELECOM_DUCTS-000616","geometry":{"type":"MultiLineString","coordinates":[[[39.253486,21.4997],[39.253489,21.499689],[39.25357,21.49925],[39.253572,21.499242]]]},"properties":{"status":"Planned","branch":"السليمانية","length_m":51.459,"duct_id":"UTL_TELECOM_DUCTS-000616"}},{"type":"Feature","id":"UTL_TELECOM_DUCTS-000617","geometry":{"type":"MultiLineString","coordinates":[[[39.253466,21.498419],[39.253511,21.498426],[39.253707,21.498458],[39.253717,21.49846]]]},"properties":{"status":"Planned","branch":"السليمانية","length_m":26.459,"duct_id":"UTL_TELECOM_DUCTS-000617"}},{"type":"Feature","id":"UTL_TELECOM_DUCTS-000618","geometry":{"type":"MultiLineString","coordinates":[[[39.253805,21.497983],[39.253804,21.497992],[39.253718,21.498455],[39.253717,21.49846]]]},"properties":{"status":"Planned","branch":"السليمانية","length_m":53.566,"duct_id":"UTL_TELECOM_DUCTS-000618"}},{"type":"Feature","id":"UTL_TELECOM_DUCTS-000619","geometry":{"type":"MultiLineString","coordinates":[[[39.253909,21.497433],[39.25391,21.497425],[39.253954,21.497181]]]},"properties":{"status":"Planned","branch":"السليمانية","length_m":28.298,"duct_id":"UTL_TELECOM_DUCTS-000619"}},{"type":"Feature","id":"UTL_TELECOM_DUCTS-000620","geometry":{"type":"MultiLineString","coordinates":[[[39.254261,21.495524],[39.254196,21.495874],[39.254194,21.495886]]]},"properties":{"status":"Planned","branch":"السليمانية","length_m":40.622,"duct_id":"UTL_TELECOM_DUCTS-000620"}},{"type":"Feature","id":"UTL_TELECOM_DUCTS-000621","geometry":{"type":"MultiLineString","coordinates":[[[39.243117,21.491767],[39.242629,21.49181],[39.24261,21.491809]]]},"properties":{"duct_type":"Fiber Optic","status":"Planned","branch":"السليمانية","length_m":52.802,"duct_id":"UTL_TELECOM_DUCTS-000621"}},{"type":"Feature","id":"UTL_TELECOM_DUCTS-000622","geometry":{"type":"MultiLineString","coordinates":[[[39.244615,21.491662],[39.244605,21.491661],[39.244104,21.491681],[39.244028,21.491688]]]},"properties":{"duct_type":"Fiber Optic","status":"Planned","branch":"السليمانية","length_m":60.854,"duct_id":"UTL_TELECOM_DUCTS-000622"}},{"type":"Feature","id":"UTL_TELECOM_DUCTS-000623","geometry":{"type":"MultiLineString","coordinates":[[[39.253027,21.49072],[39.253028,21.490724],[39.253031,21.490735],[39.253034,21.490746],[39.253037,21.490757],[39.253041,21.490768],[39.253044,21.490779],[39.253048,21.490789],[39.253052,21.4908]]]},"properties":{"duct_type":"Fiber Optic","status":"Planned","branch":"السليمانية","length_m":9.215,"duct_id":"UTL_TELECOM_DUCTS-000623"}},{"type":"Feature","id":"UTL_TELECOM_DUCTS-000624","geometry":{"type":"MultiLineString","coordinates":[[[39.252855,21.489359],[39.252856,21.489356],[39.252856,21.489354],[39.252857,21.489352],[39.252857,21.48935],[39.252857,21.489348],[39.252858,21.489346],[39.252858,21.489344],[39.252859,21.489342],[39.252865,21.48931],[39.252872,21.489279],[39.252881,21.489248],[39.25289,21.489217],[39.2529,21.489187],[39.25291,21.489156],[39.252922,21.489126]]]},"properties":{"duct_type":"Fiber Optic","status":"Planned","branch":"السليمانية","length_m":26.76,"duct_id":"UTL_TELECOM_DUCTS-000624"}},{"type":"Feature","id":"UTL_TELECOM_DUCTS-000625","geometry":{"type":"MultiLineString","coordinates":[[[39.253076,21.488847],[39.253078,21.488845],[39.253089,21.48883],[39.253101,21.488815],[39.253113,21.4888],[39.253125,21.488785],[39.253137,21.488771],[39.25315,21.488757],[39.253163,21.488743]]]},"properties":{"duct_type":"Fiber Optic","status":"Planned","branch":"السليمانية","length_m":14.644,"duct_id":"UTL_TELECOM_DUCTS-000625"}},{"type":"Feature","id":"UTL_TELECOM_DUCTS-000626","geometry":{"type":"MultiLineString","coordinates":[[[39.239683,21.498405],[39.239679,21.49841],[39.239678,21.498411],[39.239677,21.498412],[39.239676,21.498413],[39.239675,21.498414],[39.239674,21.498416],[39.239673,21.498417],[39.239672,21.498418],[39.239655,21.49844],[39.23964,21.498464],[39.239626,21.498488],[39.239613,21.498513],[39.239601,21.498538],[39.239592,21.498564],[39.239583,21.498591],[39.239581,21.498599],[39.239579,21.498606],[39.239578,21.498614],[39.239576,21.498622],[39.239574,21.49863],[39.239573,21.498638],[39.239572,21.498645],[39.239573,21.49873],[39.239573,21.498753],[39.239576,21.499063],[39.239578,21.499197],[39.239578,21.499241],[39.239581,21.499502],[39.239581,21.499523]]]},"properties":{"duct_type":"Fiber Optic","status":"Planned","branch":"السليمانية","length_m":126.479,"duct_id":"UTL_TELECOM_DUCTS-000626"}},{"type":"Feature","id":"UTL_TELECOM_DUCTS-000627","geometry":{"type":"MultiLineString","coordinates":[[[39.249096,21.500014],[39.248348,21.49996],[39.248341,21.499961]]]},"properties":{"duct_type":"Fiber Optic","status":"Planned","branch":"السليمانية","length_m":78.445,"duct_id":"UTL_TELECOM_DUCTS-000627"}},{"type":"Feature","id":"UTL_TELECOM_DUCTS-000628","geometry":{"type":"MultiLineString","coordinates":[[[39.251757,21.500207],[39.251743,21.500206],[39.250988,21.500151],[39.250983,21.500151]]]},"properties":{"duct_type":"Fiber Optic","status":"Planned","branch":"السليمانية","length_m":80.377,"duct_id":"UTL_TELECOM_DUCTS-000628"}},{"type":"Feature","id":"UTL_TELECOM_DUCTS-000629","geometry":{"type":"MultiLineString","coordinates":[[[39.264022,21.492288],[39.263896,21.491884]]]},"properties":{"status":"Planned","branch":"السليمانية","length_m":46.537,"duct_id":"UTL_TELECOM_DUCTS-000629"}},{"type":"Feature","id":"UTL_TELECOM_DUCTS-000630","geometry":{"type":"MultiLineString","coordinates":[[[39.263731,21.491358],[39.26385,21.491738]]]},"properties":{"status":"Planned","branch":"السليمانية","length_m":43.888,"duct_id":"UTL_TELECOM_DUCTS-000630"}},{"type":"Feature","id":"UTL_TELECOM_DUCTS-000631","geometry":{"type":"MultiLineString","coordinates":[[[39.263189,21.489871],[39.26325,21.489854],[39.263261,21.489851],[39.263265,21.48985]]]},"properties":{"duct_type":"Fiber Optic","status":"Planned","branch":"السليمانية","length_m":8.225,"duct_id":"UTL_TELECOM_DUCTS-000631"}},{"type":"Feature","id":"UTL_TELECOM_DUCTS-000632","geometry":{"type":"MultiLineString","coordinates":[[[39.265643,21.492235],[39.265696,21.492239],[39.265687,21.492258],[39.265529,21.492589],[39.265523,21.492602]]]},"properties":{"duct_type":"Fiber Optic","status":"Planned","branch":"السليمانية","length_m":49.381,"duct_id":"UTL_TELECOM_DUCTS-000632"}},{"type":"Feature","id":"UTL_TELECOM_DUCTS-000633","geometry":{"type":"MultiLineString","coordinates":[[[39.265306,21.493057],[39.265312,21.493044],[39.265517,21.492614],[39.265523,21.492602]]]},"properties":{"duct_type":"Fiber Optic","status":"Planned","branch":"السليمانية","length_m":55.15,"duct_id":"UTL_TELECOM_DUCTS-000633"}},{"type":"Feature","id":"UTL_TELECOM_DUCTS-000634","geometry":{"type":"MultiLineString","coordinates":[[[39.265436,21.49311],[39.265319,21.493062],[39.265306,21.493057]]]},"properties":{"duct_type":"Fiber Optic","status":"Planned","branch":"السليمانية","length_m":14.693,"duct_id":"UTL_TELECOM_DUCTS-000634"}},{"type":"Feature","id":"UTL_TELECOM_DUCTS-000635","geometry":{"type":"MultiLineString","coordinates":[[[39.255461,21.486782],[39.255475,21.486785],[39.256224,21.486908],[39.256237,21.486912]]]},"properties":{"duct_type":"Fiber Optic","status":"Planned","branch":"السليمانية","length_m":81.682,"duct_id":"UTL_TELECOM_DUCTS-000635"}},{"type":"Feature","id":"UTL_TELECOM_DUCTS-000636","geometry":{"type":"MultiLineString","coordinates":[[[39.254599,21.48668],[39.254583,21.486677],[39.253782,21.486822],[39.253768,21.486819]]]},"properties":{"duct_type":"Fiber Optic","status":"Planned","branch":"السليمانية","length_m":87.662,"duct_id":"UTL_TELECOM_DUCTS-000636"}},{"type":"Feature","id":"UTL_TELECOM_DUCTS-000637","geometry":{"type":"MultiLineString","coordinates":[[[39.254599,21.48668],[39.254612,21.486682],[39.255447,21.486779],[39.255461,21.486782]]]},"properties":{"duct_type":"Fiber Optic","status":"Planned","branch":"السليمانية","length_m":90.05,"duct_id":"UTL_TELECOM_DUCTS-000637"}},{"type":"Feature","id":"UTL_TELECOM_DUCTS-000638","geometry":{"type":"MultiLineString","coordinates":[[[39.253768,21.486819],[39.253754,21.486817],[39.253538,21.486877],[39.253455,21.486889],[39.253417,21.486894],[39.253314,21.486911],[39.252983,21.486909]]]},"properties":{"duct_type":"Fiber Optic","status":"Planned","branch":"السليمانية","length_m":82.639,"duct_id":"UTL_TELECOM_DUCTS-000638"}},{"type":"Feature","id":"UTL_TELECOM_DUCTS-000639","geometry":{"type":"MultiLineString","coordinates":[[[39.255964,21.502276],[39.256257,21.502296]]]},"properties":{"status":"Planned","branch":"السليمانية","length_m":30.333,"duct_id":"UTL_TELECOM_DUCTS-000639"}},{"type":"Feature","id":"UTL_TELECOM_DUCTS-000640","geometry":{"type":"MultiLineString","coordinates":[[[39.239894,21.485433],[39.239896,21.485423],[39.23991,21.485348]]]},"properties":{"duct_type":"Fiber Optic","status":"Planned","branch":"السليمانية","length_m":9.56,"duct_id":"UTL_TELECOM_DUCTS-000640"}},{"type":"Feature","id":"UTL_TELECOM_DUCTS-000641","geometry":{"type":"MultiLineString","coordinates":[[[39.240879,21.488334],[39.24087,21.488332],[39.240808,21.488302],[39.2408,21.4883]]]},"properties":{"duct_type":"Fiber Optic","status":"Planned","branch":"السليمانية","length_m":8.997,"duct_id":"UTL_TELECOM_DUCTS-000641"}},{"type":"Feature","id":"UTL_TELECOM_DUCTS-000642","geometry":{"type":"MultiLineString","coordinates":[[[39.241136,21.488378],[39.241124,21.488376],[39.240889,21.488337],[39.240879,21.488334]]]},"properties":{"status":"Planned","branch":"السليمانية","length_m":27.102,"duct_id":"UTL_TELECOM_DUCTS-000642"}},{"type":"Feature","id":"UTL_TELECOM_DUCTS-000643","geometry":{"type":"MultiLineString","coordinates":[[[39.241947,21.488509],[39.241955,21.488511],[39.242298,21.488538],[39.242302,21.488539],[39.242314,21.488535]]]},"properties":{"status":"Planned","branch":"السليمانية","length_m":38.182,"duct_id":"UTL_TELECOM_DUCTS-000643"}},{"type":"Feature","id":"UTL_TELECOM_DUCTS-000644","geometry":{"type":"MultiLineString","coordinates":[[[39.241806,21.488504],[39.241815,21.488505],[39.241937,21.488507],[39.241947,21.488509]]]},"properties":{"status":"Planned","branch":"السليمانية","length_m":14.71,"duct_id":"UTL_TELECOM_DUCTS-000644"}},{"type":"Feature","id":"UTL_TELECOM_DUCTS-000645","geometry":{"type":"MultiLineString","coordinates":[[[39.241965,21.488435],[39.241963,21.488444],[39.241951,21.4885],[39.241947,21.488509]]]},"properties":{"duct_type":"Fiber Optic","status":"Planned","branch":"السليمانية","length_m":8.419,"duct_id":"UTL_TELECOM_DUCTS-000645"}},{"type":"Feature","id":"UTL_TELECOM_DUCTS-000646","geometry":{"type":"MultiLineString","coordinates":[[[39.242132,21.487951],[39.24213,21.48796],[39.242083,21.488114],[39.242081,21.488122]]]},"properties":{"duct_type":"Fiber Optic","status":"Planned","branch":"السليمانية","length_m":19.609,"duct_id":"UTL_TELECOM_DUCTS-000646"}},{"type":"Feature","id":"UTL_TELECOM_DUCTS-000647","geometry":{"type":"MultiLineString","coordinates":[[[39.242132,21.487951],[39.242141,21.487953],[39.242163,21.487967]]]},"properties":{"duct_type":"Fiber Optic","status":"Planned","branch":"السليمانية","length_m":3.809,"duct_id":"UTL_TELECOM_DUCTS-000647"}},{"type":"Feature","id":"UTL_TELECOM_DUCTS-000648","geometry":{"type":"MultiLineString","coordinates":[[[39.242137,21.487925],[39.242134,21.487942],[39.242132,21.487951]]]},"properties":{"duct_type":"Fiber Optic","status":"Planned","branch":"السليمانية","length_m":2.904,"duct_id":"UTL_TELECOM_DUCTS-000648"}},{"type":"Feature","id":"UTL_TELECOM_DUCTS-000649","geometry":{"type":"MultiLineString","coordinates":[[[39.242032,21.487384],[39.24203,21.487393],[39.241956,21.487778],[39.241954,21.487787]]]},"properties":{"duct_type":"Fiber Optic","status":"Planned","branch":"السليمانية","length_m":45.34,"duct_id":"UTL_TELECOM_DUCTS-000649"}},{"type":"Feature","id":"UTL_TELECOM_DUCTS-000650","geometry":{"type":"MultiLineString","coordinates":[[[39.239894,21.485433],[39.239904,21.485433],[39.239995,21.485438],[39.240004,21.48544]]]},"properties":{"duct_type":"Fiber Optic","status":"Planned","branch":"السليمانية","length_m":11.448,"duct_id":"UTL_TELECOM_DUCTS-000650"}},{"type":"Feature","id":"UTL_TELECOM_DUCTS-000651","geometry":{"type":"MultiLineString","coordinates":[[[39.24046,21.485512],[39.240462,21.485504],[39.240472,21.485448]]]},"properties":{"duct_type":"Fiber Optic","status":"Planned","branch":"السليمانية","length_m":7.257,"duct_id":"UTL_TELECOM_DUCTS-000651"}},{"type":"Feature","id":"UTL_TELECOM_DUCTS-000652","geometry":{"type":"MultiLineString","coordinates":[[[39.240656,21.485631],[39.240656,21.485551],[39.240658,21.485542]]]},"properties":{"duct_type":"Fiber Optic","status":"Planned","branch":"السليمانية","length_m":9.844,"duct_id":"UTL_TELECOM_DUCTS-000652"}},{"type":"Feature","id":"UTL_TELECOM_DUCTS-000653","geometry":{"type":"MultiLineString","coordinates":[[[39.24046,21.485512],[39.24047,21.485514],[39.240649,21.48554],[39.240658,21.485542]]]},"properties":{"duct_type":"Fiber Optic","status":"Planned","branch":"السليمانية","length_m":20.731,"duct_id":"UTL_TELECOM_DUCTS-000653"}},{"type":"Feature","id":"UTL_TELECOM_DUCTS-000654","geometry":{"type":"MultiLineString","coordinates":[[[39.241392,21.485649],[39.241402,21.485651],[39.241489,21.485668]]]},"properties":{"duct_type":"Fiber Optic","status":"Planned","branch":"السليمانية","length_m":10.269,"duct_id":"UTL_TELECOM_DUCTS-000654"}},{"type":"Feature","id":"UTL_TELECOM_DUCTS-000655","geometry":{"type":"MultiLineString","coordinates":[[[39.241404,21.485587],[39.241394,21.485641],[39.241392,21.485649]]]},"properties":{"duct_type":"Fiber Optic","status":"Planned","branch":"السليمانية","length_m":7.051,"duct_id":"UTL_TELECOM_DUCTS-000655"}},{"type":"Feature","id":"UTL_TELECOM_DUCTS-000656","geometry":{"type":"MultiLineString","coordinates":[[[39.241563,21.489044],[39.241467,21.489027],[39.241452,21.489025]]]},"properties":{"duct_type":"Fiber Optic","status":"Planned","branch":"السليمانية","length_m":11.668,"duct_id":"UTL_TELECOM_DUCTS-000656"}},{"type":"Feature","id":"UTL_TELECOM_DUCTS-000657","geometry":{"type":"MultiLineString","coordinates":[[[39.241185,21.486164],[39.241192,21.48617],[39.241281,21.48618],[39.241291,21.486181]]]},"properties":{"duct_type":"Fiber Optic","status":"Planned","branch":"السليمانية","length_m":11.312,"duct_id":"UTL_TELECOM_DUCTS-000657"}},{"type":"Feature","id":"UTL_TELECOM_DUCTS-000658","geometry":{"type":"MultiLineString","coordinates":[[[39.241392,21.485649],[39.24139,21.485658],[39.241292,21.486174],[39.241291,21.486181]]]},"properties":{"duct_type":"Fiber Optic","status":"Planned","branch":"السليمانية","length_m":59.783,"duct_id":"UTL_TELECOM_DUCTS-000658"}},{"type":"Feature","id":"UTL_TELECOM_DUCTS-000659","geometry":{"type":"MultiLineString","coordinates":[[[39.242777,21.485967],[39.243191,21.486033],[39.243258,21.486044]]]},"properties":{"duct_type":"Fiber Optic","status":"Planned","branch":"السليمانية","length_m":50.569,"duct_id":"UTL_TELECOM_DUCTS-000659"}},{"type":"Feature","id":"UTL_TELECOM_DUCTS-000660","geometry":{"type":"MultiLineString","coordinates":[[[39.240719,21.489061],[39.240718,21.489064],[39.240623,21.489171],[39.240613,21.489181]]]},"properties":{"duct_type":"Fiber Optic","status":"Planned","branch":"السليمانية","length_m":17.286,"duct_id":"UTL_TELECOM_DUCTS-000660"}},{"type":"Feature","id":"UTL_TELECOM_DUCTS-000661","geometry":{"type":"MultiLineString","coordinates":[[[39.264254,21.493027],[39.264122,21.492608]]]},"properties":{"status":"Planned","branch":"السليمانية","length_m":48.32,"duct_id":"UTL_TELECOM_DUCTS-000661"}},{"type":"Feature","id":"UTL_TELECOM_DUCTS-000662","geometry":{"type":"MultiLineString","coordinates":[[[39.264104,21.49255],[39.264022,21.492288]]]},"properties":{"status":"Planned","branch":"السليمانية","length_m":30.264,"duct_id":"UTL_TELECOM_DUCTS-000662"}},{"type":"Feature","id":"UTL_TELECOM_DUCTS-000663","geometry":{"type":"MultiLineString","coordinates":[[[39.264386,21.493448],[39.264254,21.493027]]]},"properties":{"status":"Planned","branch":"السليمانية","length_m":48.608,"duct_id":"UTL_TELECOM_DUCTS-000663"}},{"type":"Feature","id":"UTL_TELECOM_DUCTS-000664","geometry":{"type":"MultiLineString","coordinates":[[[39.26467,21.494437],[39.264673,21.494444],[39.264685,21.494471],[39.264698,21.494498],[39.264713,21.494524],[39.264729,21.494549],[39.264747,21.494573],[39.264766,21.494596],[39.264787,21.494618],[39.264791,21.494622]]]},"properties":{"status":"Planned","branch":"السليمانية","length_m":24.119,"duct_id":"UTL_TELECOM_DUCTS-000664"}},{"type":"Feature","id":"UTL_TELECOM_DUCTS-000665","geometry":{"type":"MultiLineString","coordinates":[[[39.243375,21.485511],[39.243397,21.485549]]]},"properties":{"duct_type":"Fiber Optic","status":"Planned","branch":"السليمانية","length_m":4.781,"duct_id":"UTL_TELECOM_DUCTS-000665"}},{"type":"Feature","id":"UTL_TELECOM_DUCTS-000666","geometry":{"type":"MultiLineString","coordinates":[[[39.243367,21.485157],[39.243364,21.485155],[39.243361,21.485154],[39.243358,21.485152],[39.243356,21.48515],[39.243353,21.485148],[39.24335,21.485146],[39.243348,21.485144],[39.243346,21.485141],[39.243344,21.485139],[39.243342,21.485136],[39.243341,21.485133],[39.243339,21.48513],[39.243338,21.485127],[39.243337,21.485124],[39.243337,21.485121],[39.243336,21.485118],[39.243336,21.485114],[39.243336,21.485111],[39.243336,21.485108],[39.24335,21.484973],[39.243351,21.48496]]]},"properties":{"duct_type":"Fiber Optic","status":"Planned","branch":"السليمانية","length_m":23.149,"duct_id":"UTL_TELECOM_DUCTS-000666"}},{"type":"Feature","id":"UTL_TELECOM_DUCTS-000667","geometry":{"type":"MultiLineString","coordinates":[[[39.245106,21.486147],[39.245108,21.486147],[39.245115,21.486147],[39.245119,21.486148]]]},"properties":{"duct_type":"Fiber Optic","status":"Planned","branch":"السليمانية","length_m":1.363,"duct_id":"UTL_TELECOM_DUCTS-000667"}},{"type":"Feature","id":"UTL_TELECOM_DUCTS-000668","geometry":{"type":"MultiLineString","coordinates":[[[39.245119,21.486148],[39.245123,21.486148],[39.245124,21.486148],[39.245127,21.486149]]]},"properties":{"duct_type":"Fiber Optic","status":"Planned","branch":"السليمانية","length_m":0.899,"duct_id":"UTL_TELECOM_DUCTS-000668"}},{"type":"Feature","id":"UTL_TELECOM_DUCTS-000669","geometry":{"type":"MultiLineString","coordinates":[[[39.245223,21.486164],[39.24522,21.486151],[39.245159,21.485865]]]},"properties":{"duct_type":"Fiber Optic","status":"Planned","branch":"السليمانية","length_m":33.834,"duct_id":"UTL_TELECOM_DUCTS-000669"}},{"type":"Feature","id":"UTL_TELECOM_DUCTS-000670","geometry":{"type":"MultiLineString","coordinates":[[[39.252579,21.487045],[39.252601,21.48688]]]},"properties":{"duct_type":"Fiber Optic","status":"Planned","branch":"السليمانية","length_m":18.436,"duct_id":"UTL_TELECOM_DUCTS-000670"}},{"type":"Feature","id":"UTL_TELECOM_DUCTS-000671","geometry":{"type":"MultiLineString","coordinates":[[[39.243188,21.48492],[39.243337,21.484957],[39.243351,21.48496]]]},"properties":{"duct_type":"Fiber Optic","status":"Planned","branch":"السليمانية","length_m":17.476,"duct_id":"UTL_TELECOM_DUCTS-000671"}},{"type":"Feature","id":"UTL_TELECOM_DUCTS-000672","geometry":{"type":"MultiLineString","coordinates":[[[39.248708,21.492523],[39.248747,21.492555],[39.249032,21.492656],[39.249068,21.492666]]]},"properties":{"status":"Planned","branch":"السليمانية","length_m":40.832,"duct_id":"UTL_TELECOM_DUCTS-000672"}},{"type":"Feature","id":"UTL_TELECOM_DUCTS-000673","geometry":{"type":"MultiLineString","coordinates":[[[39.248616,21.49281],[39.248699,21.492572],[39.248707,21.492526],[39.248708,21.492523]]]},"properties":{"status":"Planned","branch":"السليمانية","length_m":33.277,"duct_id":"UTL_TELECOM_DUCTS-000673"}},{"type":"Feature","id":"UTL_TELECOM_DUCTS-000674","geometry":{"type":"MultiLineString","coordinates":[[[39.249068,21.492666],[39.2491,21.49268],[39.25,21.492997],[39.250007,21.492999],[39.250014,21.493002],[39.25002,21.493005],[39.250027,21.493008],[39.250033,21.493011],[39.25004,21.493014],[39.250046,21.493018],[39.250259,21.493146],[39.250286,21.493161]]]},"properties":{"status":"Planned","branch":"السليمانية","length_m":138.141,"duct_id":"UTL_TELECOM_DUCTS-000674"}},{"type":"Feature","id":"UTL_TELECOM_DUCTS-000675","geometry":{"type":"MultiLineString","coordinates":[[[39.250286,21.493161],[39.25032,21.493183],[39.250792,21.493467],[39.250822,21.493484]]]},"properties":{"status":"Planned","branch":"السليمانية","length_m":65.95,"duct_id":"UTL_TELECOM_DUCTS-000675"}},{"type":"Feature","id":"UTL_TELECOM_DUCTS-000676","geometry":{"type":"MultiLineString","coordinates":[[[39.250822,21.493484],[39.250861,21.493487],[39.25203,21.493505],[39.252063,21.493502]]]},"properties":{"status":"Planned","branch":"السليمانية","length_m":128.606,"duct_id":"UTL_TELECOM_DUCTS-000676"}},{"type":"Feature","id":"UTL_TELECOM_DUCTS-000677","geometry":{"type":"MultiLineString","coordinates":[[[39.250321,21.493109],[39.250292,21.493152],[39.250286,21.493161]]]},"properties":{"status":"Planned","branch":"السليمانية","length_m":6.85,"duct_id":"UTL_TELECOM_DUCTS-000677"}},{"type":"Feature","id":"UTL_TELECOM_DUCTS-000678","geometry":{"type":"MultiLineString","coordinates":[[[39.252063,21.493502],[39.252102,21.493504],[39.25308,21.493504]]]},"properties":{"status":"Planned","branch":"السليمانية","length_m":105.387,"duct_id":"UTL_TELECOM_DUCTS-000678"}},{"type":"Feature","id":"UTL_TELECOM_DUCTS-000679","geometry":{"type":"MultiLineString","coordinates":[[[39.25431,21.49359],[39.254305,21.49359],[39.254154,21.493613],[39.25384,21.49366],[39.25308,21.493504]]]},"properties":{"status":"Planned","branch":"السليمانية","length_m":129.883,"duct_id":"UTL_TELECOM_DUCTS-000679"}},{"type":"Feature","id":"UTL_TELECOM_DUCTS-000680","geometry":{"type":"MultiLineString","coordinates":[[[39.252065,21.493436],[39.252063,21.493494],[39.252063,21.493502]]]},"properties":{"status":"Planned","branch":"السليمانية","length_m":7.3,"duct_id":"UTL_TELECOM_DUCTS-000680"}},{"type":"Feature","id":"UTL_TELECOM_DUCTS-000681","geometry":{"type":"MultiLineString","coordinates":[[[39.247114,21.487945],[39.246035,21.487747],[39.246021,21.487744]]]},"properties":{"duct_type":"Fiber Optic","status":"Planned","branch":"السليمانية","length_m":115.333,"duct_id":"UTL_TELECOM_DUCTS-000681"}},{"type":"Feature","id":"UTL_TELECOM_DUCTS-000682","geometry":{"type":"MultiLineString","coordinates":[[[39.246121,21.48729],[39.246024,21.487731],[39.246021,21.487744]]]},"properties":{"duct_type":"Fiber Optic","status":"Planned","branch":"السليمانية","length_m":51.332,"duct_id":"UTL_TELECOM_DUCTS-000682"}},{"type":"Feature","id":"UTL_TELECOM_DUCTS-000683","geometry":{"type":"MultiLineString","coordinates":[[[39.246691,21.486511],[39.246667,21.486508],[39.246644,21.486503],[39.246621,21.486497],[39.246599,21.48649],[39.246577,21.486482],[39.246555,21.486473],[39.246534,21.486462],[39.246532,21.486457]]]},"properties":{"duct_type":"Fiber Optic","status":"Planned","branch":"السليمانية","length_m":17.876,"duct_id":"UTL_TELECOM_DUCTS-000683"}},{"type":"Feature","id":"UTL_TELECOM_DUCTS-000684","geometry":{"type":"MultiLineString","coordinates":[[[39.248823,21.487364],[39.248635,21.487342],[39.248621,21.48734]]]},"properties":{"duct_type":"Fiber Optic","status":"Planned","branch":"السليمانية","length_m":21.139,"duct_id":"UTL_TELECOM_DUCTS-000684"}},{"type":"Feature","id":"UTL_TELECOM_DUCTS-000685","geometry":{"type":"MultiLineString","coordinates":[[[39.248626,21.487313],[39.248624,21.487326],[39.248621,21.48734]]]},"properties":{"duct_type":"Fiber Optic","status":"Planned","branch":"السليمانية","length_m":3.048,"duct_id":"UTL_TELECOM_DUCTS-000685"}},{"type":"Feature","id":"UTL_TELECOM_DUCTS-000686","geometry":{"type":"MultiLineString","coordinates":[[[39.25072,21.487361],[39.250637,21.487228]]]},"properties":{"duct_type":"Fiber Optic","status":"Planned","branch":"السليمانية","length_m":16.982,"duct_id":"UTL_TELECOM_DUCTS-000686"}},{"type":"Feature","id":"UTL_TELECOM_DUCTS-000687","geometry":{"type":"MultiLineString","coordinates":[[[39.250512,21.488555],[39.250513,21.48855],[39.250544,21.488475],[39.250545,21.488467]]]},"properties":{"duct_type":"Fiber Optic","status":"Planned","branch":"السليمانية","length_m":10.321,"duct_id":"UTL_TELECOM_DUCTS-000687"}},{"type":"Feature","id":"UTL_TELECOM_DUCTS-000688","geometry":{"type":"MultiLineString","coordinates":[[[39.244246,21.494117],[39.244225,21.494211]]]},"properties":{"duct_type":"Fiber Optic","status":"Planned","branch":"السليمانية","length_m":10.666,"duct_id":"UTL_TELECOM_DUCTS-000688"}},{"type":"Feature","id":"UTL_TELECOM_DUCTS-000689","geometry":{"type":"MultiLineString","coordinates":[[[39.232767,21.494506],[39.232809,21.494378]]]},"properties":{"duct_type":"Fiber Optic","status":"Planned","branch":"السليمانية","length_m":14.798,"duct_id":"UTL_TELECOM_DUCTS-000689"}},{"type":"Feature","id":"UTL_TELECOM_DUCTS-000690","geometry":{"type":"MultiLineString","coordinates":[[[39.235127,21.494206],[39.235135,21.494205],[39.235668,21.494138]]]},"properties":{"duct_type":"Fiber Optic","status":"Planned","branch":"السليمانية","length_m":56.529,"duct_id":"UTL_TELECOM_DUCTS-000690"}},{"type":"Feature","id":"UTL_TELECOM_DUCTS-000691","geometry":{"type":"MultiLineString","coordinates":[[[39.232527,21.491295],[39.232525,21.491298],[39.232519,21.491314],[39.232513,21.491337],[39.232507,21.491359],[39.232503,21.491382],[39.232501,21.491405],[39.2325,21.491429],[39.2325,21.491452],[39.232502,21.491475],[39.232507,21.491509],[39.232512,21.491567],[39.232523,21.491627],[39.232543,21.491761],[39.232567,21.491951],[39.232532,21.492086],[39.232478,21.492299],[39.232544,21.492818]]]},"properties":{"duct_type":"Fiber Optic","status":"Planned","branch":"السليمانية","length_m":170.87,"duct_id":"UTL_TELECOM_DUCTS-000691"}},{"type":"Feature","id":"UTL_TELECOM_DUCTS-000692","geometry":{"type":"MultiLineString","coordinates":[[[39.256991,21.502349],[39.256999,21.50235],[39.257001,21.50235],[39.257012,21.502351],[39.257031,21.502352],[39.257252,21.502367],[39.257273,21.502369],[39.257492,21.502384],[39.257513,21.502385],[39.257616,21.502393],[39.257627,21.502393]]]},"properties":{"status":"Planned","branch":"السليمانية","length_m":66.069,"duct_id":"UTL_TELECOM_DUCTS-000692"}},{"type":"Feature","id":"UTL_TELECOM_DUCTS-000693","geometry":{"type":"MultiLineString","coordinates":[[[39.255121,21.502217],[39.255441,21.50224]]]},"properties":{"status":"Planned","branch":"السليمانية","length_m":33.25,"duct_id":"UTL_TELECOM_DUCTS-000693"}},{"type":"Feature","id":"UTL_TELECOM_DUCTS-000694","geometry":{"type":"MultiLineString","coordinates":[[[39.255441,21.50224],[39.255566,21.502248],[39.25559,21.50225],[39.255672,21.502256],[39.255679,21.502256]]]},"properties":{"status":"Planned","branch":"السليمانية","length_m":24.724,"duct_id":"UTL_TELECOM_DUCTS-000694"}},{"type":"Feature","id":"UTL_TELECOM_DUCTS-000695","geometry":{"type":"MultiLineString","coordinates":[[[39.240746,21.488936],[39.240745,21.488876],[39.240744,21.488866]]]},"properties":{"duct_type":"Fiber Optic","status":"Planned","branch":"السليمانية","length_m":7.82,"duct_id":"UTL_TELECOM_DUCTS-000695"}},{"type":"Feature","id":"UTL_TELECOM_DUCTS-000696","geometry":{"type":"MultiLineString","coordinates":[[[39.239644,21.490216],[39.239644,21.490206],[39.23964,21.489853],[39.23964,21.489845]]]},"properties":{"duct_type":"Fiber Optic","status":"Planned","branch":"السليمانية","length_m":41.004,"duct_id":"UTL_TELECOM_DUCTS-000696"}},{"type":"Feature","id":"UTL_TELECOM_DUCTS-000697","geometry":{"type":"MultiLineString","coordinates":[[[39.239644,21.490216],[39.239644,21.490225],[39.239646,21.49025],[39.239629,21.490251]]]},"properties":{"duct_type":"Fiber Optic","status":"Planned","branch":"السليمانية","length_m":5.666,"duct_id":"UTL_TELECOM_DUCTS-000697"}},{"type":"Feature","id":"UTL_TELECOM_DUCTS-000698","geometry":{"type":"MultiLineString","coordinates":[[[39.239834,21.490559],[39.239856,21.490559],[39.239868,21.490559]]]},"properties":{"duct_type":"Fiber Optic","status":"Planned","branch":"السليمانية","length_m":3.534,"duct_id":"UTL_TELECOM_DUCTS-000698"}},{"type":"Feature","id":"UTL_TELECOM_DUCTS-000699","geometry":{"type":"MultiLineString","coordinates":[[[39.240003,21.488951],[39.239996,21.488952],[39.239922,21.488954],[39.239913,21.488955]]]},"properties":{"duct_type":"Fiber Optic","status":"Planned","branch":"السليمانية","length_m":9.368,"duct_id":"UTL_TELECOM_DUCTS-000699"}},{"type":"Feature","id":"UTL_TELECOM_DUCTS-000700","geometry":{"type":"MultiLineString","coordinates":[[[39.261012,21.500401],[39.260757,21.50073]]]},"properties":{"status":"Planned","branch":"السليمانية","length_m":44.97,"duct_id":"UTL_TELECOM_DUCTS-000700"}},{"type":"Feature","id":"UTL_TELECOM_DUCTS-000701","geometry":{"type":"MultiLineString","coordinates":[[[39.257627,21.502393],[39.257639,21.502394],[39.257731,21.5024],[39.257753,21.502402],[39.257973,21.502417],[39.257994,21.502419],[39.25813,21.502428],[39.258173,21.502431],[39.258181,21.502432]]]},"properties":{"status":"Planned","branch":"السليمانية","length_m":57.521,"duct_id":"UTL_TELECOM_DUCTS-000701"}},{"type":"Feature","id":"UTL_TELECOM_DUCTS-000702","geometry":{"type":"MultiLineString","coordinates":[[[39.254742,21.502191],[39.25475,21.502192],[39.254845,21.502198],[39.254868,21.5022],[39.255086,21.502215],[39.255107,21.502216],[39.255109,21.502217],[39.255114,21.502217],[39.255121,21.502217]]]},"properties":{"status":"Planned","branch":"السليمانية","length_m":39.373,"duct_id":"UTL_TELECOM_DUCTS-000702"}},{"type":"Feature","id":"UTL_TELECOM_DUCTS-000703","geometry":{"type":"MultiLineString","coordinates":[[[39.240067,21.488832],[39.240027,21.488908],[39.240007,21.488945],[39.240003,21.488951]]]},"properties":{"duct_type":"Fiber Optic","status":"Planned","branch":"السليمانية","length_m":14.773,"duct_id":"UTL_TELECOM_DUCTS-000703"}},{"type":"Feature","id":"UTL_TELECOM_DUCTS-000704","geometry":{"type":"MultiLineString","coordinates":[[[39.239922,21.489834],[39.239931,21.489834],[39.240018,21.489826],[39.240283,21.489802],[39.240291,21.489801]]]},"properties":{"duct_type":"Fiber Optic","status":"Planned","branch":"السليمانية","length_m":38.483,"duct_id":"UTL_TELECOM_DUCTS-000704"}},{"type":"Feature","id":"UTL_TELECOM_DUCTS-000705","geometry":{"type":"MultiLineString","coordinates":[[[39.239796,21.488878],[39.239797,21.488888],[39.239798,21.488908],[39.239903,21.48895],[39.239913,21.488955]]]},"properties":{"duct_type":"Fiber Optic","status":"Planned","branch":"السليمانية","length_m":16.257,"duct_id":"UTL_TELECOM_DUCTS-000705"}},{"type":"Feature","id":"UTL_TELECOM_DUCTS-000706","geometry":{"type":"MultiLineString","coordinates":[[[39.240613,21.489181],[39.240602,21.489178],[39.24008,21.48898],[39.240014,21.488955],[39.240003,21.488951]]]},"properties":{"duct_type":"Fiber Optic","status":"Planned","branch":"السليمانية","length_m":68.094,"duct_id":"UTL_TELECOM_DUCTS-000706"}},{"type":"Feature","id":"UTL_TELECOM_DUCTS-000707","geometry":{"type":"MultiLineString","coordinates":[[[39.240747,21.488998],[39.240736,21.488997],[39.240089,21.488916],[39.240027,21.488908],[39.239808,21.488881],[39.239796,21.488878]]]},"properties":{"duct_type":"Fiber Optic","status":"Planned","branch":"السليمانية","length_m":99.466,"duct_id":"UTL_TELECOM_DUCTS-000707"}},{"type":"Feature","id":"UTL_TELECOM_DUCTS-000708","geometry":{"type":"MultiLineString","coordinates":[[[39.240292,21.48972],[39.240291,21.48979],[39.240291,21.489801]]]},"properties":{"duct_type":"Fiber Optic","status":"Planned","branch":"السليمانية","length_m":8.98,"duct_id":"UTL_TELECOM_DUCTS-000708"}},{"type":"Feature","id":"UTL_TELECOM_DUCTS-000709","geometry":{"type":"MultiLineString","coordinates":[[[39.240053,21.48918],[39.240053,21.489184],[39.240018,21.489826],[39.240017,21.489832],[39.240016,21.489842]]]},"properties":{"status":"Planned","branch":"السليمانية","length_m":73.398,"duct_id":"UTL_TELECOM_DUCTS-000709"}},{"type":"Feature","id":"UTL_TELECOM_DUCTS-000710","geometry":{"type":"MultiLineString","coordinates":[[[39.240144,21.489841],[39.240024,21.489843],[39.240016,21.489842]]]},"properties":{"duct_type":"Fiber Optic","status":"Planned","branch":"السليمانية","length_m":13.3,"duct_id":"UTL_TELECOM_DUCTS-000710"}},{"type":"Feature","id":"UTL_TELECOM_DUCTS-000711","geometry":{"type":"MultiLineString","coordinates":[[[39.239856,21.489121],[39.240049,21.489178],[39.240053,21.48918]]]},"properties":{"status":"Planned","branch":"السليمانية","length_m":21.418,"duct_id":"UTL_TELECOM_DUCTS-000711"}},{"type":"Feature","id":"UTL_TELECOM_DUCTS-000712","geometry":{"type":"MultiLineString","coordinates":[[[39.239868,21.490559],[39.239868,21.49055],[39.239866,21.490456],[39.239866,21.490446]]]},"properties":{"duct_type":"Fiber Optic","status":"Planned","branch":"السليمانية","length_m":12.471,"duct_id":"UTL_TELECOM_DUCTS-000712"}},{"type":"Feature","id":"UTL_TELECOM_DUCTS-000713","geometry":{"type":"MultiLineString","coordinates":[[[39.239924,21.490269],[39.239924,21.49026],[39.239922,21.489845],[39.239922,21.489834]]]},"properties":{"duct_type":"Fiber Optic","status":"Planned","branch":"السليمانية","length_m":48.079,"duct_id":"UTL_TELECOM_DUCTS-000713"}},{"type":"Feature","id":"UTL_TELECOM_DUCTS-000714","geometry":{"type":"MultiLineString","coordinates":[[[39.239866,21.490446],[39.239875,21.490446],[39.23992,21.490445],[39.23993,21.490445]]]},"properties":{"duct_type":"Fiber Optic","status":"Planned","branch":"السليمانية","length_m":6.584,"duct_id":"UTL_TELECOM_DUCTS-000714"}},{"type":"Feature","id":"UTL_TELECOM_DUCTS-000715","geometry":{"type":"MultiLineString","coordinates":[[[39.240053,21.48918],[39.240053,21.489169],[39.240003,21.488962],[39.240003,21.488951]]]},"properties":{"duct_type":"Fiber Optic","status":"Planned","branch":"السليمانية","length_m":25.85,"duct_id":"UTL_TELECOM_DUCTS-000715"}},{"type":"Feature","id":"UTL_TELECOM_DUCTS-000716","geometry":{"type":"MultiLineString","coordinates":[[[39.240619,21.489726],[39.240631,21.489724],[39.240635,21.489723]]]},"properties":{"duct_type":"Fiber Optic","status":"Planned","branch":"السليمانية","length_m":1.679,"duct_id":"UTL_TELECOM_DUCTS-000716"}},{"type":"Feature","id":"UTL_TELECOM_DUCTS-000717","geometry":{"type":"MultiLineString","coordinates":[[[39.240632,21.48977],[39.240641,21.48977],[39.240655,21.489793],[39.240658,21.489829],[39.240647,21.489859],[39.240645,21.489861],[39.240644,21.489864],[39.240639,21.489867],[39.240627,21.489867]]]},"properties":{"duct_type":"Fiber Optic","status":"Planned","branch":"السليمانية","length_m":13.888,"duct_id":"UTL_TELECOM_DUCTS-000717"}},{"type":"Feature","id":"UTL_TELECOM_DUCTS-000718","geometry":{"type":"MultiLineString","coordinates":[[[39.237752,21.493892],[39.237741,21.493724]]]},"properties":{"duct_type":"Fiber Optic","status":"Planned","branch":"السليمانية","length_m":18.652,"duct_id":"UTL_TELECOM_DUCTS-000718"}},{"type":"Feature","id":"UTL_TELECOM_DUCTS-000719","geometry":{"type":"MultiLineString","coordinates":[[[39.240632,21.48977],[39.240632,21.48976],[39.240631,21.489724],[39.240613,21.489187],[39.240613,21.489181]]]},"properties":{"duct_type":"Fiber Optic","status":"Planned","branch":"السليمانية","length_m":65.141,"duct_id":"UTL_TELECOM_DUCTS-000719"}},{"type":"Feature","id":"UTL_TELECOM_DUCTS-000720","geometry":{"type":"MultiLineString","coordinates":[[[39.240747,21.488998],[39.240747,21.489006],[39.24072,21.489058],[39.240719,21.489061]]]},"properties":{"duct_type":"Fiber Optic","status":"Planned","branch":"السليمانية","length_m":7.687,"duct_id":"UTL_TELECOM_DUCTS-000720"}},{"type":"Feature","id":"UTL_TELECOM_DUCTS-000721","geometry":{"type":"MultiLineString","coordinates":[[[39.240747,21.488998],[39.240757,21.488998],[39.241436,21.489105],[39.241445,21.489106]]]},"properties":{"duct_type":"Fiber Optic","status":"Planned","branch":"السليمانية","length_m":73.247,"duct_id":"UTL_TELECOM_DUCTS-000721"}},{"type":"Feature","id":"UTL_TELECOM_DUCTS-000722","geometry":{"type":"MultiLineString","coordinates":[[[39.241972,21.487865],[39.242122,21.487949],[39.242132,21.487951]]]},"properties":{"duct_type":"Fiber Optic","status":"Planned","branch":"السليمانية","length_m":19.098,"duct_id":"UTL_TELECOM_DUCTS-000722"}},{"type":"Feature","id":"UTL_TELECOM_DUCTS-000723","geometry":{"type":"MultiLineString","coordinates":[[[39.241965,21.488435],[39.241967,21.488426],[39.242079,21.488131],[39.242081,21.488122]]]},"properties":{"duct_type":"Fiber Optic","status":"Planned","branch":"السليمانية","length_m":36.72,"duct_id":"UTL_TELECOM_DUCTS-000723"}},{"type":"Feature","id":"UTL_TELECOM_DUCTS-000724","geometry":{"type":"MultiLineString","coordinates":[[[39.242227,21.488164],[39.24209,21.488124],[39.242081,21.488122]]]},"properties":{"duct_type":"Fiber Optic","status":"Planned","branch":"السليمانية","length_m":15.843,"duct_id":"UTL_TELECOM_DUCTS-000724"}},{"type":"Feature","id":"UTL_TELECOM_DUCTS-000725","geometry":{"type":"MultiLineString","coordinates":[[[39.241815,21.488409],[39.241825,21.48841],[39.241956,21.488433],[39.241965,21.488435]]]},"properties":{"duct_type":"Fiber Optic","status":"Planned","branch":"السليمانية","length_m":15.816,"duct_id":"UTL_TELECOM_DUCTS-000725"}},{"type":"Feature","id":"UTL_TELECOM_DUCTS-000726","geometry":{"type":"MultiLineString","coordinates":[[[39.24071,21.486105],[39.24072,21.486116],[39.241173,21.486168],[39.241185,21.486164]]]},"properties":{"duct_type":"Fiber Optic","status":"Planned","branch":"السليمانية","length_m":50.126,"duct_id":"UTL_TELECOM_DUCTS-000726"}},{"type":"Feature","id":"UTL_TELECOM_DUCTS-000727","geometry":{"type":"MultiLineString","coordinates":[[[39.240762,21.485821],[39.240754,21.485829],[39.240706,21.486096],[39.24071,21.486105]]]},"properties":{"duct_type":"Fiber Optic","status":"Planned","branch":"السليمانية","length_m":32.274,"duct_id":"UTL_TELECOM_DUCTS-000727"}},{"type":"Feature","id":"UTL_TELECOM_DUCTS-000728","geometry":{"type":"MultiLineString","coordinates":[[[39.241972,21.487865],[39.242275,21.487776],[39.242291,21.487771]]]},"properties":{"duct_type":"Fiber Optic","status":"Planned","branch":"السليمانية","length_m":34.626,"duct_id":"UTL_TELECOM_DUCTS-000728"}},{"type":"Feature","id":"UTL_TELECOM_DUCTS-000729","geometry":{"type":"MultiLineString","coordinates":[[[39.242342,21.487514],[39.242292,21.487771],[39.242291,21.487771]]]},"properties":{"duct_type":"Fiber Optic","status":"Planned","branch":"السليمانية","length_m":28.986,"duct_id":"UTL_TELECOM_DUCTS-000729"}},{"type":"Feature","id":"UTL_TELECOM_DUCTS-000730","geometry":{"type":"MultiLineString","coordinates":[[[39.23976,21.485898],[39.239771,21.485894],[39.239969,21.485842],[39.239978,21.485844]]]},"properties":{"duct_type":"Fiber Optic","status":"Planned","branch":"السليمانية","length_m":23.485,"duct_id":"UTL_TELECOM_DUCTS-000730"}},{"type":"Feature","id":"UTL_TELECOM_DUCTS-000731","geometry":{"type":"MultiLineString","coordinates":[[[39.240716,21.48613],[39.240713,21.486115],[39.24071,21.486105]]]},"properties":{"duct_type":"Fiber Optic","status":"Planned","branch":"السليمانية","length_m":2.757,"duct_id":"UTL_TELECOM_DUCTS-000731"}},{"type":"Feature","id":"UTL_TELECOM_DUCTS-000732","geometry":{"type":"MultiLineString","coordinates":[[[39.24112,21.487049],[39.241122,21.48704],[39.241158,21.486798],[39.24116,21.486784]]]},"properties":{"duct_type":"Fiber Optic","status":"Planned","branch":"السليمانية","length_m":29.669,"duct_id":"UTL_TELECOM_DUCTS-000732"}},{"type":"Feature","id":"UTL_TELECOM_DUCTS-000733","geometry":{"type":"MultiLineString","coordinates":[[[39.241187,21.486732],[39.241185,21.486734],[39.241162,21.48678],[39.24116,21.486784]]]},"properties":{"duct_type":"Fiber Optic","status":"Planned","branch":"السليمانية","length_m":6.307,"duct_id":"UTL_TELECOM_DUCTS-000733"}},{"type":"Feature","id":"UTL_TELECOM_DUCTS-000734","geometry":{"type":"MultiLineString","coordinates":[[[39.242329,21.487192],[39.242133,21.487215],[39.242128,21.487216]]]},"properties":{"duct_type":"Fiber Optic","status":"Planned","branch":"السليمانية","length_m":21.067,"duct_id":"UTL_TELECOM_DUCTS-000734"}},{"type":"Feature","id":"UTL_TELECOM_DUCTS-000735","geometry":{"type":"MultiLineString","coordinates":[[[39.242575,21.486586],[39.242573,21.486595],[39.242464,21.487171],[39.242463,21.487177]]]},"properties":{"duct_type":"Fiber Optic","status":"Planned","branch":"السليمانية","length_m":66.377,"duct_id":"UTL_TELECOM_DUCTS-000735"}},{"type":"Feature","id":"UTL_TELECOM_DUCTS-000736","geometry":{"type":"MultiLineString","coordinates":[[[39.241669,21.487149],[39.241679,21.487151],[39.242112,21.487222],[39.242128,21.487216]]]},"properties":{"duct_type":"Fiber Optic","status":"Planned","branch":"السليمانية","length_m":48.319,"duct_id":"UTL_TELECOM_DUCTS-000736"}},{"type":"Feature","id":"UTL_TELECOM_DUCTS-000737","geometry":{"type":"MultiLineString","coordinates":[[[39.241096,21.487399],[39.241069,21.487386],[39.24106,21.487382]]]},"properties":{"duct_type":"Fiber Optic","status":"Planned","branch":"السليمانية","length_m":4.164,"duct_id":"UTL_TELECOM_DUCTS-000737"}},{"type":"Feature","id":"UTL_TELECOM_DUCTS-000738","geometry":{"type":"MultiLineString","coordinates":[[[39.240088,21.487939],[39.240089,21.48793],[39.2401,21.487883],[39.240102,21.487873]]]},"properties":{"duct_type":"Fiber Optic","status":"Planned","branch":"السليمانية","length_m":7.45,"duct_id":"UTL_TELECOM_DUCTS-000738"}},{"type":"Feature","id":"UTL_TELECOM_DUCTS-000739","geometry":{"type":"MultiLineString","coordinates":[[[39.240386,21.48799],[39.240376,21.487988],[39.240098,21.48794],[39.240088,21.487939]]]},"properties":{"duct_type":"Fiber Optic","status":"Planned","branch":"السليمانية","length_m":31.407,"duct_id":"UTL_TELECOM_DUCTS-000739"}},{"type":"Feature","id":"UTL_TELECOM_DUCTS-000740","geometry":{"type":"MultiLineString","coordinates":[[[39.239706,21.488127],[39.239704,21.488136],[39.239695,21.48818]]]},"properties":{"duct_type":"Fiber Optic","status":"Planned","branch":"السليمانية","length_m":5.981,"duct_id":"UTL_TELECOM_DUCTS-000740"}},{"type":"Feature","id":"UTL_TELECOM_DUCTS-000741","geometry":{"type":"MultiLineString","coordinates":[[[39.239706,21.488127],[39.239715,21.488128],[39.239859,21.488142],[39.239869,21.488144]]]},"properties":{"duct_type":"Fiber Optic","status":"Planned","branch":"السليمانية","length_m":17.017,"duct_id":"UTL_TELECOM_DUCTS-000741"}},{"type":"Feature","id":"UTL_TELECOM_DUCTS-000742","geometry":{"type":"MultiLineString","coordinates":[[[39.239951,21.48816],[39.239941,21.488159],[39.239878,21.488145],[39.239873,21.488144],[39.239869,21.488144]]]},"properties":{"duct_type":"Fiber Optic","status":"Planned","branch":"السليمانية","length_m":8.655,"duct_id":"UTL_TELECOM_DUCTS-000742"}},{"type":"Feature","id":"UTL_TELECOM_DUCTS-000743","geometry":{"type":"MultiLineString","coordinates":[[[39.241923,21.487854],[39.24194,21.487858],[39.241954,21.487861],[39.241972,21.487865]]]},"properties":{"duct_type":"Fiber Optic","status":"Planned","branch":"السليمانية","length_m":5.243,"duct_id":"UTL_TELECOM_DUCTS-000743"}},{"type":"Feature","id":"UTL_TELECOM_DUCTS-000744","geometry":{"type":"MultiLineString","coordinates":[[[39.23993,21.490445],[39.239929,21.490437],[39.239925,21.490278],[39.239924,21.490269]]]},"properties":{"duct_type":"Fiber Optic","status":"Planned","branch":"السليمانية","length_m":19.545,"duct_id":"UTL_TELECOM_DUCTS-000744"}},{"type":"Feature","id":"UTL_TELECOM_DUCTS-000745","geometry":{"type":"MultiLineString","coordinates":[[[39.23964,21.489845],[39.23964,21.489835],[39.239635,21.48975],[39.239618,21.489751]]]},"properties":{"duct_type":"Fiber Optic","status":"Planned","branch":"السليمانية","length_m":12.333,"duct_id":"UTL_TELECOM_DUCTS-000745"}},{"type":"Feature","id":"UTL_TELECOM_DUCTS-000746","geometry":{"type":"MultiLineString","coordinates":[[[39.23964,21.489845],[39.239649,21.489845],[39.239912,21.489835],[39.239922,21.489834]]]},"properties":{"duct_type":"Fiber Optic","status":"Planned","branch":"السليمانية","length_m":29.214,"duct_id":"UTL_TELECOM_DUCTS-000746"}},{"type":"Feature","id":"UTL_TELECOM_DUCTS-000747","geometry":{"type":"MultiLineString","coordinates":[[[39.240016,21.489842],[39.240005,21.489841],[39.239931,21.489842],[39.239922,21.489834]]]},"properties":{"duct_type":"Fiber Optic","status":"Planned","branch":"السليمانية","length_m":10.066,"duct_id":"UTL_TELECOM_DUCTS-000747"}},{"type":"Feature","id":"UTL_TELECOM_DUCTS-000748","geometry":{"type":"MultiLineString","coordinates":[[[39.240016,21.489842],[39.240015,21.48985],[39.24001,21.489964]]]},"properties":{"status":"Planned","branch":"السليمانية","length_m":13.565,"duct_id":"UTL_TELECOM_DUCTS-000748"}},{"type":"Feature","id":"UTL_TELECOM_DUCTS-000749","geometry":{"type":"MultiLineString","coordinates":[[[39.240291,21.489801],[39.240302,21.4898],[39.240618,21.489771],[39.240632,21.48977]]]},"properties":{"duct_type":"Fiber Optic","status":"Planned","branch":"السليمانية","length_m":35.471,"duct_id":"UTL_TELECOM_DUCTS-000749"}},{"type":"Feature","id":"UTL_TELECOM_DUCTS-000750","geometry":{"type":"MultiLineString","coordinates":[[[39.240053,21.48918],[39.240055,21.489175],[39.24008,21.48898],[39.240089,21.488916],[39.240137,21.488554],[39.240139,21.488551]]]},"properties":{"status":"Planned","branch":"السليمانية","length_m":70.183,"duct_id":"UTL_TELECOM_DUCTS-000750"}},{"type":"Feature","id":"UTL_TELECOM_DUCTS-000751","geometry":{"type":"MultiLineString","coordinates":[[[39.24033,21.488283],[39.24034,21.488236],[39.240342,21.488226]]]},"properties":{"duct_type":"Fiber Optic","status":"Planned","branch":"السليمانية","length_m":6.393,"duct_id":"UTL_TELECOM_DUCTS-000751"}},{"type":"Feature","id":"UTL_TELECOM_DUCTS-000752","geometry":{"type":"MultiLineString","coordinates":[[[39.240417,21.486524],[39.240405,21.486532],[39.240285,21.486543],[39.240275,21.486544]]]},"properties":{"duct_type":"Fiber Optic","status":"Planned","branch":"السليمانية","length_m":15.06,"duct_id":"UTL_TELECOM_DUCTS-000752"}},{"type":"Feature","id":"UTL_TELECOM_DUCTS-000753","geometry":{"type":"MultiLineString","coordinates":[[[39.240417,21.486524],[39.240407,21.486523],[39.240282,21.486507],[39.240056,21.486479],[39.240046,21.486477]]]},"properties":{"duct_type":"Fiber Optic","status":"Planned","branch":"السليمانية","length_m":38.76,"duct_id":"UTL_TELECOM_DUCTS-000753"}},{"type":"Feature","id":"UTL_TELECOM_DUCTS-000754","geometry":{"type":"MultiLineString","coordinates":[[[39.23979,21.486433],[39.239786,21.486423],[39.239719,21.486249],[39.239723,21.486231]]]},"properties":{"duct_type":"Fiber Optic","status":"Planned","branch":"السليمانية","length_m":23.735,"duct_id":"UTL_TELECOM_DUCTS-000754"}},{"type":"Feature","id":"UTL_TELECOM_DUCTS-000755","geometry":{"type":"MultiLineString","coordinates":[[[39.239677,21.486258],[39.239711,21.486238],[39.239723,21.486231]]]},"properties":{"duct_type":"Fiber Optic","status":"Planned","branch":"السليمانية","length_m":5.659,"duct_id":"UTL_TELECOM_DUCTS-000755"}},{"type":"Feature","id":"UTL_TELECOM_DUCTS-000756","geometry":{"type":"MultiLineString","coordinates":[[[39.239636,21.485781],[39.239752,21.485891],[39.23976,21.485898]]]},"properties":{"duct_type":"Fiber Optic","status":"Planned","branch":"السليمانية","length_m":18.289,"duct_id":"UTL_TELECOM_DUCTS-000756"}},{"type":"Feature","id":"UTL_TELECOM_DUCTS-000757","geometry":{"type":"MultiLineString","coordinates":[[[39.242711,21.485876],[39.24271,21.485885],[39.242577,21.486578],[39.242575,21.486586]]]},"properties":{"duct_type":"Fiber Optic","status":"Planned","branch":"السليمانية","length_m":79.883,"duct_id":"UTL_TELECOM_DUCTS-000757"}},{"type":"Feature","id":"UTL_TELECOM_DUCTS-000758","geometry":{"type":"MultiLineString","coordinates":[[[39.242287,21.487387],[39.242042,21.487386],[39.242032,21.487384]]]},"properties":{"duct_type":"Fiber Optic","status":"Planned","branch":"السليمانية","length_m":26.425,"duct_id":"UTL_TELECOM_DUCTS-000758"}},{"type":"Feature","id":"UTL_TELECOM_DUCTS-000759","geometry":{"type":"MultiLineString","coordinates":[[[39.241931,21.48862],[39.241909,21.488783],[39.241908,21.488792]]]},"properties":{"duct_type":"Fiber Optic","status":"Planned","branch":"السليمانية","length_m":19.101,"duct_id":"UTL_TELECOM_DUCTS-000759"}},{"type":"Feature","id":"UTL_TELECOM_DUCTS-000760","geometry":{"type":"MultiLineString","coordinates":[[[39.240056,21.487181],[39.240065,21.487183],[39.240135,21.487195],[39.240145,21.487197]]]},"properties":{"duct_type":"Fiber Optic","status":"Planned","branch":"السليمانية","length_m":9.424,"duct_id":"UTL_TELECOM_DUCTS-000760"}},{"type":"Feature","id":"UTL_TELECOM_DUCTS-000761","geometry":{"type":"MultiLineString","coordinates":[[[39.240145,21.487197],[39.240154,21.487199],[39.240193,21.487213],[39.240194,21.487213]]]},"properties":{"duct_type":"Fiber Optic","status":"Planned","branch":"السليمانية","length_m":5.378,"duct_id":"UTL_TELECOM_DUCTS-000761"}},{"type":"Feature","id":"UTL_TELECOM_DUCTS-000762","geometry":{"type":"MultiLineString","coordinates":[[[39.239804,21.488397],[39.239861,21.488444],[39.23987,21.488445]]]},"properties":{"duct_type":"Fiber Optic","status":"Planned","branch":"السليمانية","length_m":8.789,"duct_id":"UTL_TELECOM_DUCTS-000762"}},{"type":"Feature","id":"UTL_TELECOM_DUCTS-000763","geometry":{"type":"MultiLineString","coordinates":[[[39.240139,21.488551],[39.240138,21.488549],[39.240115,21.488509],[39.240117,21.4885]]]},"properties":{"duct_type":"Fiber Optic","status":"Planned","branch":"السليمانية","length_m":6.387,"duct_id":"UTL_TELECOM_DUCTS-000763"}},{"type":"Feature","id":"UTL_TELECOM_DUCTS-000764","geometry":{"type":"MultiLineString","coordinates":[[[39.240804,21.488619],[39.240795,21.488618],[39.240126,21.488502],[39.240117,21.4885]]]},"properties":{"duct_type":"Fiber Optic","status":"Planned","branch":"السليمانية","length_m":72.346,"duct_id":"UTL_TELECOM_DUCTS-000764"}},{"type":"Feature","id":"UTL_TELECOM_DUCTS-000765","geometry":{"type":"MultiLineString","coordinates":[[[39.240117,21.4885],[39.240107,21.488498],[39.23988,21.488447],[39.23987,21.488445]]]},"properties":{"duct_type":"Fiber Optic","status":"Planned","branch":"السليمانية","length_m":26.328,"duct_id":"UTL_TELECOM_DUCTS-000765"}},{"type":"Feature","id":"UTL_TELECOM_DUCTS-000766","geometry":{"type":"MultiLineString","coordinates":[[[39.242111,21.487157],[39.242121,21.48721],[39.242128,21.487216]]]},"properties":{"duct_type":"Fiber Optic","status":"Planned","branch":"السليمانية","length_m":6.823,"duct_id":"UTL_TELECOM_DUCTS-000766"}},{"type":"Feature","id":"UTL_TELECOM_DUCTS-000767","geometry":{"type":"MultiLineString","coordinates":[[[39.240009,21.486678],[39.24001,21.486674],[39.240045,21.486486],[39.240046,21.486477]]]},"properties":{"duct_type":"Fiber Optic","status":"Planned","branch":"السليمانية","length_m":22.554,"duct_id":"UTL_TELECOM_DUCTS-000767"}},{"type":"Feature","id":"UTL_TELECOM_DUCTS-000768","geometry":{"type":"MultiLineString","coordinates":[[[39.24004,21.4874],[39.240089,21.487412],[39.240098,21.487415]]]},"properties":{"duct_type":"Fiber Optic","status":"Planned","branch":"السليمانية","length_m":6.315,"duct_id":"UTL_TELECOM_DUCTS-000768"}},{"type":"Feature","id":"UTL_TELECOM_DUCTS-000769","geometry":{"type":"MultiLineString","coordinates":[[[39.240162,21.48742],[39.240108,21.487416],[39.240098,21.487415]]]},"properties":{"duct_type":"Fiber Optic","status":"Planned","branch":"السليمانية","length_m":6.668,"duct_id":"UTL_TELECOM_DUCTS-000769"}},{"type":"Feature","id":"UTL_TELECOM_DUCTS-000770","geometry":{"type":"MultiLineString","coordinates":[[[39.24001,21.487861],[39.24,21.487859],[39.239904,21.48784]]]},"properties":{"duct_type":"Fiber Optic","status":"Planned","branch":"السليمانية","length_m":11.174,"duct_id":"UTL_TELECOM_DUCTS-000770"}},{"type":"Feature","id":"UTL_TELECOM_DUCTS-000771","geometry":{"type":"MultiLineString","coordinates":[[[39.241831,21.486966],[39.241894,21.486977],[39.241904,21.486978]]]},"properties":{"duct_type":"Fiber Optic","status":"Planned","branch":"السليمانية","length_m":7.59,"duct_id":"UTL_TELECOM_DUCTS-000771"}},{"type":"Feature","id":"UTL_TELECOM_DUCTS-000772","geometry":{"type":"MultiLineString","coordinates":[[[39.241089,21.48723],[39.24108,21.487228],[39.240187,21.487067],[39.240177,21.487065]]]},"properties":{"duct_type":"Fiber Optic","status":"Planned","branch":"السليمانية","length_m":96.211,"duct_id":"UTL_TELECOM_DUCTS-000772"}},{"type":"Feature","id":"UTL_TELECOM_DUCTS-000773","geometry":{"type":"MultiLineString","coordinates":[[[39.240098,21.487415],[39.240101,21.487405],[39.240143,21.487206],[39.240145,21.487197]]]},"properties":{"duct_type":"Fiber Optic","status":"Planned","branch":"السليمانية","length_m":24.631,"duct_id":"UTL_TELECOM_DUCTS-000773"}},{"type":"Feature","id":"UTL_TELECOM_DUCTS-000774","geometry":{"type":"MultiLineString","coordinates":[[[39.240762,21.485821],[39.240764,21.485831],[39.24072,21.486098],[39.24071,21.486105]]]},"properties":{"duct_type":"Fiber Optic","status":"Planned","branch":"السليمانية","length_m":32.337,"duct_id":"UTL_TELECOM_DUCTS-000774"}},{"type":"Feature","id":"UTL_TELECOM_DUCTS-000775","geometry":{"type":"MultiLineString","coordinates":[[[39.24071,21.486105],[39.240723,21.486101],[39.241175,21.486159],[39.241185,21.486164]]]},"properties":{"duct_type":"Fiber Optic","status":"Planned","branch":"السليمانية","length_m":49.782,"duct_id":"UTL_TELECOM_DUCTS-000775"}},{"type":"Feature","id":"UTL_TELECOM_DUCTS-000776","geometry":{"type":"MultiLineString","coordinates":[[[39.241049,21.48743],[39.241016,21.487579],[39.241014,21.487586]]]},"properties":{"duct_type":"Fiber Optic","status":"Planned","branch":"السليمانية","length_m":17.655,"duct_id":"UTL_TELECOM_DUCTS-000776"}},{"type":"Feature","id":"UTL_TELECOM_DUCTS-000777","geometry":{"type":"MultiLineString","coordinates":[[[39.240373,21.487272],[39.240375,21.487258],[39.240377,21.487248]]]},"properties":{"duct_type":"Fiber Optic","status":"Planned","branch":"السليمانية","length_m":2.66,"duct_id":"UTL_TELECOM_DUCTS-000777"}},{"type":"Feature","id":"UTL_TELECOM_DUCTS-000778","geometry":{"type":"MultiLineString","coordinates":[[[39.242485,21.485838],[39.242702,21.485875],[39.242711,21.485876]]]},"properties":{"duct_type":"Fiber Optic","status":"Planned","branch":"السليمانية","length_m":23.782,"duct_id":"UTL_TELECOM_DUCTS-000778"}},{"type":"Feature","id":"UTL_TELECOM_DUCTS-000779","geometry":{"type":"MultiLineString","coordinates":[[[39.240408,21.486566],[39.240415,21.486536],[39.240417,21.486524]]]},"properties":{"duct_type":"Fiber Optic","status":"Planned","branch":"السليمانية","length_m":4.774,"duct_id":"UTL_TELECOM_DUCTS-000779"}},{"type":"Feature","id":"UTL_TELECOM_DUCTS-000780","geometry":{"type":"MultiLineString","coordinates":[[[39.240194,21.487213],[39.240212,21.487216],[39.24037,21.487247],[39.240377,21.487248]]]},"properties":{"duct_type":"Fiber Optic","status":"Planned","branch":"السليمانية","length_m":19.399,"duct_id":"UTL_TELECOM_DUCTS-000780"}},{"type":"Feature","id":"UTL_TELECOM_DUCTS-000781","geometry":{"type":"MultiLineString","coordinates":[[[39.240098,21.487415],[39.240097,21.487423],[39.240012,21.487852],[39.24001,21.487861]]]},"properties":{"duct_type":"Fiber Optic","status":"Planned","branch":"السليمانية","length_m":50.126,"duct_id":"UTL_TELECOM_DUCTS-000781"}},{"type":"Feature","id":"UTL_TELECOM_DUCTS-000782","geometry":{"type":"MultiLineString","coordinates":[[[39.240177,21.487065],[39.240179,21.487056],[39.240274,21.48655],[39.240275,21.486544]]]},"properties":{"duct_type":"Fiber Optic","status":"Planned","branch":"السليمانية","length_m":58.532,"duct_id":"UTL_TELECOM_DUCTS-000782"}},{"type":"Feature","id":"UTL_TELECOM_DUCTS-000783","geometry":{"type":"MultiLineString","coordinates":[[[39.240004,21.48544],[39.240014,21.485442],[39.240451,21.485511],[39.24046,21.485512]]]},"properties":{"duct_type":"Fiber Optic","status":"Planned","branch":"السليمانية","length_m":47.926,"duct_id":"UTL_TELECOM_DUCTS-000783"}},{"type":"Feature","id":"UTL_TELECOM_DUCTS-000784","geometry":{"type":"MultiLineString","coordinates":[[[39.24112,21.487049],[39.241132,21.487051],[39.241206,21.487067]]]},"properties":{"duct_type":"Fiber Optic","status":"Planned","branch":"السليمانية","length_m":9.072,"duct_id":"UTL_TELECOM_DUCTS-000784"}},{"type":"Feature","id":"UTL_TELECOM_DUCTS-000785","geometry":{"type":"MultiLineString","coordinates":[[[39.240658,21.485542],[39.240668,21.485544],[39.241383,21.485648],[39.241392,21.485649]]]},"properties":{"duct_type":"Fiber Optic","status":"Planned","branch":"السليمانية","length_m":76.982,"duct_id":"UTL_TELECOM_DUCTS-000785"}},{"type":"Feature","id":"UTL_TELECOM_DUCTS-000786","geometry":{"type":"MultiLineString","coordinates":[[[39.240658,21.485542],[39.24066,21.485533],[39.240675,21.48545]]]},"properties":{"duct_type":"Fiber Optic","status":"Planned","branch":"السليمانية","length_m":10.403,"duct_id":"UTL_TELECOM_DUCTS-000786"}},{"type":"Feature","id":"UTL_TELECOM_DUCTS-000787","geometry":{"type":"MultiLineString","coordinates":[[[39.240444,21.485601],[39.240458,21.485521],[39.24046,21.485512]]]},"properties":{"duct_type":"Fiber Optic","status":"Planned","branch":"السليمانية","length_m":9.978,"duct_id":"UTL_TELECOM_DUCTS-000787"}},{"type":"Feature","id":"UTL_TELECOM_DUCTS-000788","geometry":{"type":"MultiLineString","coordinates":[[[39.23976,21.485898],[39.239764,21.485884],[39.239892,21.48544],[39.239894,21.485433]]]},"properties":{"duct_type":"Fiber Optic","status":"Planned","branch":"السليمانية","length_m":53.336,"duct_id":"UTL_TELECOM_DUCTS-000788"}},{"type":"Feature","id":"UTL_TELECOM_DUCTS-000789","geometry":{"type":"MultiLineString","coordinates":[[[39.241136,21.488378],[39.241143,21.48838],[39.241796,21.488502],[39.241806,21.488504]]]},"properties":{"status":"Planned","branch":"السليمانية","length_m":70.754,"duct_id":"UTL_TELECOM_DUCTS-000789"}},{"type":"Feature","id":"UTL_TELECOM_DUCTS-000790","geometry":{"type":"MultiLineString","coordinates":[[[39.241806,21.488504],[39.241808,21.488495],[39.241825,21.48841],[39.24194,21.487858],[39.241952,21.487795],[39.241954,21.487787]]]},"properties":{"status":"Planned","branch":"السليمانية","length_m":80.833,"duct_id":"UTL_TELECOM_DUCTS-000790"}},{"type":"Feature","id":"UTL_TELECOM_DUCTS-000791","geometry":{"type":"MultiLineString","coordinates":[[[39.241992,21.487828],[39.241964,21.487788],[39.241954,21.487787]]]},"properties":{"duct_type":"Fiber Optic","status":"Planned","branch":"السليمانية","length_m":6.288,"duct_id":"UTL_TELECOM_DUCTS-000791"}},{"type":"Feature","id":"UTL_TELECOM_DUCTS-000792","geometry":{"type":"MultiLineString","coordinates":[[[39.241474,21.487427],[39.241476,21.487418],[39.241501,21.487301],[39.241503,21.487291]]]},"properties":{"duct_type":"Fiber Optic","status":"Planned","branch":"السليمانية","length_m":15.337,"duct_id":"UTL_TELECOM_DUCTS-000792"}},{"type":"Feature","id":"UTL_TELECOM_DUCTS-000793","geometry":{"type":"MultiLineString","coordinates":[[[39.241474,21.487427],[39.241483,21.487428],[39.241541,21.487439]]]},"properties":{"duct_type":"Fiber Optic","status":"Planned","branch":"السليمانية","length_m":7.094,"duct_id":"UTL_TELECOM_DUCTS-000793"}},{"type":"Feature","id":"UTL_TELECOM_DUCTS-000794","geometry":{"type":"MultiLineString","coordinates":[[[39.241877,21.487622],[39.241953,21.487772],[39.241954,21.487787]]]},"properties":{"duct_type":"Fiber Optic","status":"Planned","branch":"السليمانية","length_m":20.013,"duct_id":"UTL_TELECOM_DUCTS-000794"}},{"type":"Feature","id":"UTL_TELECOM_DUCTS-000795","geometry":{"type":"MultiLineString","coordinates":[[[39.240894,21.488435],[39.240851,21.488407],[39.240844,21.488402]]]},"properties":{"duct_type":"Fiber Optic","status":"Planned","branch":"السليمانية","length_m":6.406,"duct_id":"UTL_TELECOM_DUCTS-000795"}},{"type":"Feature","id":"UTL_TELECOM_DUCTS-000796","geometry":{"type":"MultiLineString","coordinates":[[[39.241904,21.486978],[39.241906,21.486969],[39.24191,21.486782]]]},"properties":{"duct_type":"Fiber Optic","status":"Planned","branch":"السليمانية","length_m":21.739,"duct_id":"UTL_TELECOM_DUCTS-000796"}},{"type":"Feature","id":"UTL_TELECOM_DUCTS-000797","geometry":{"type":"MultiLineString","coordinates":[[[39.240389,21.487974],[39.240387,21.487981],[39.240386,21.48799]]]},"properties":{"duct_type":"Fiber Optic","status":"Planned","branch":"السليمانية","length_m":1.834,"duct_id":"UTL_TELECOM_DUCTS-000797"}},{"type":"Feature","id":"UTL_TELECOM_DUCTS-000798","geometry":{"type":"MultiLineString","coordinates":[[[39.239793,21.485691],[39.239714,21.485767]]]},"properties":{"duct_type":"Fiber Optic","status":"Planned","branch":"السليمانية","length_m":11.763,"duct_id":"UTL_TELECOM_DUCTS-000798"}},{"type":"Feature","id":"UTL_TELECOM_DUCTS-000799","geometry":{"type":"MultiLineString","coordinates":[[[39.2408,21.4883],[39.24079,21.488296],[39.240351,21.488228],[39.240342,21.488226]]]},"properties":{"duct_type":"Fiber Optic","status":"Planned","branch":"السليمانية","length_m":48.141,"duct_id":"UTL_TELECOM_DUCTS-000799"}},{"type":"Feature","id":"UTL_TELECOM_DUCTS-000800","geometry":{"type":"MultiLineString","coordinates":[[[39.239951,21.48816],[39.239961,21.48816],[39.240013,21.488156],[39.240025,21.488155]]]},"properties":{"duct_type":"Fiber Optic","status":"Planned","branch":"السليمانية","length_m":7.722,"duct_id":"UTL_TELECOM_DUCTS-000800"}},{"type":"Feature","id":"UTL_TELECOM_DUCTS-000801","geometry":{"type":"MultiLineString","coordinates":[[[39.240744,21.488866],[39.240749,21.488858],[39.240802,21.488628],[39.240804,21.488619]]]},"properties":{"duct_type":"Fiber Optic","status":"Planned","branch":"السليمانية","length_m":27.963,"duct_id":"UTL_TELECOM_DUCTS-000801"}},{"type":"Feature","id":"UTL_TELECOM_DUCTS-000802","geometry":{"type":"MultiLineString","coordinates":[[[39.2408,21.4883],[39.240804,21.488309],[39.240826,21.488361],[39.240839,21.488391],[39.240844,21.488402]]]},"properties":{"duct_type":"Fiber Optic","status":"Planned","branch":"السليمانية","length_m":12.168,"duct_id":"UTL_TELECOM_DUCTS-000802"}},{"type":"Feature","id":"UTL_TELECOM_DUCTS-000803","geometry":{"type":"MultiLineString","coordinates":[[[39.240844,21.488402],[39.240847,21.488393],[39.240874,21.488341],[39.240879,21.488334]]]},"properties":{"duct_type":"Fiber Optic","status":"Planned","branch":"السليمانية","length_m":8.292,"duct_id":"UTL_TELECOM_DUCTS-000803"}},{"type":"Feature","id":"UTL_TELECOM_DUCTS-000804","geometry":{"type":"MultiLineString","coordinates":[[[39.242356,21.487176],[39.24236,21.487174],[39.242404,21.487147]]]},"properties":{"duct_type":"Fiber Optic","status":"Planned","branch":"السليمانية","length_m":5.935,"duct_id":"UTL_TELECOM_DUCTS-000804"}},{"type":"Feature","id":"UTL_TELECOM_DUCTS-000805","geometry":{"type":"MultiLineString","coordinates":[[[39.240126,21.488557],[39.240137,21.488553],[39.240139,21.488551]]]},"properties":{"duct_type":"Fiber Optic","status":"Planned","branch":"السليمانية","length_m":1.491,"duct_id":"UTL_TELECOM_DUCTS-000805"}},{"type":"Feature","id":"UTL_TELECOM_DUCTS-000806","geometry":{"type":"MultiLineString","coordinates":[[[39.241954,21.487787],[39.241945,21.487785],[39.241024,21.487588],[39.241014,21.487586]]]},"properties":{"status":"Planned","branch":"السليمانية","length_m":99.886,"duct_id":"UTL_TELECOM_DUCTS-000806"}},{"type":"Feature","id":"UTL_TELECOM_DUCTS-000807","geometry":{"type":"MultiLineString","coordinates":[[[39.240791,21.488378],[39.240826,21.488361],[39.240868,21.48834],[39.240879,21.488334]]]},"properties":{"duct_type":"Fiber Optic","status":"Planned","branch":"السليمانية","length_m":10.288,"duct_id":"UTL_TELECOM_DUCTS-000807"}},{"type":"Feature","id":"UTL_TELECOM_DUCTS-000808","geometry":{"type":"MultiLineString","coordinates":[[[39.241128,21.488421],[39.241134,21.488389],[39.241136,21.488378]]]},"properties":{"duct_type":"Fiber Optic","status":"Planned","branch":"السليمانية","length_m":4.825,"duct_id":"UTL_TELECOM_DUCTS-000808"}},{"type":"Feature","id":"UTL_TELECOM_DUCTS-000809","geometry":{"type":"MultiLineString","coordinates":[[[39.241702,21.488541],[39.2418,21.488512],[39.241806,21.488504]]]},"properties":{"status":"Planned","branch":"السليمانية","length_m":11.732,"duct_id":"UTL_TELECOM_DUCTS-000809"}},{"type":"Feature","id":"UTL_TELECOM_DUCTS-000810","geometry":{"type":"MultiLineString","coordinates":[[[39.241291,21.486181],[39.241288,21.486191],[39.241189,21.486717],[39.241187,21.486732]]]},"properties":{"duct_type":"Fiber Optic","status":"Planned","branch":"السليمانية","length_m":61.951,"duct_id":"UTL_TELECOM_DUCTS-000810"}},{"type":"Feature","id":"UTL_TELECOM_DUCTS-000811","geometry":{"type":"MultiLineString","coordinates":[[[39.24065,21.488857],[39.240737,21.488865],[39.240744,21.488866]]]},"properties":{"duct_type":"Fiber Optic","status":"Planned","branch":"السليمانية","length_m":9.778,"duct_id":"UTL_TELECOM_DUCTS-000811"}},{"type":"Feature","id":"UTL_TELECOM_DUCTS-000812","geometry":{"type":"MultiLineString","coordinates":[[[39.243995,21.500168],[39.243958,21.500272],[39.243921,21.500445],[39.243913,21.500573],[39.243913,21.50064],[39.243925,21.500747],[39.243925,21.50075]]]},"properties":{"duct_type":"Fiber Optic","status":"Planned","branch":"السليمانية","length_m":65.537,"duct_id":"UTL_TELECOM_DUCTS-000812"}},{"type":"Feature","id":"UTL_TELECOM_DUCTS-000813","geometry":{"type":"MultiLineString","coordinates":[[[39.244118,21.499942],[39.244056,21.50004],[39.244,21.500154],[39.243995,21.500168]]]},"properties":{"duct_type":"Fiber Optic","status":"Planned","branch":"السليمانية","length_m":28.08,"duct_id":"UTL_TELECOM_DUCTS-000813"}},{"type":"Feature","id":"UTL_TELECOM_DUCTS-000814","geometry":{"type":"MultiLineString","coordinates":[[[39.244618,21.499505],[39.244358,21.499706]]]},"properties":{"duct_type":"Fiber Optic","status":"Planned","branch":"السليمانية","length_m":34.968,"duct_id":"UTL_TELECOM_DUCTS-000814"}},{"type":"Feature","id":"UTL_TELECOM_DUCTS-000815","geometry":{"type":"MultiLineString","coordinates":[[[39.234012,21.487604],[39.233987,21.487549],[39.233958,21.487497],[39.233952,21.487489],[39.233948,21.487486],[39.233943,21.487484],[39.233929,21.487483],[39.233821,21.487497],[39.233815,21.487498]]]},"properties":{"status":"Planned","branch":"السليمانية","length_m":28.612,"duct_id":"UTL_TELECOM_DUCTS-000815"}},{"type":"Feature","id":"UTL_TELECOM_DUCTS-000816","geometry":{"type":"MultiLineString","coordinates":[[[39.233746,21.487496],[39.233785,21.487502],[39.233803,21.4875],[39.233815,21.487498]]]},"properties":{"status":"Planned","branch":"السليمانية","length_m":7.285,"duct_id":"UTL_TELECOM_DUCTS-000816"}},{"type":"Feature","id":"UTL_TELECOM_DUCTS-000817","geometry":{"type":"MultiLineString","coordinates":[[[39.249812,21.485814],[39.249804,21.485813],[39.248405,21.485584],[39.248397,21.485582]]]},"properties":{"duct_type":"Fiber Optic","status":"Planned","branch":"السليمانية","length_m":148.84,"duct_id":"UTL_TELECOM_DUCTS-000817"}},{"type":"Feature","id":"UTL_TELECOM_DUCTS-000818","geometry":{"type":"MultiLineString","coordinates":[[[39.238261,21.498464],[39.239274,21.498341],[39.239345,21.498342],[39.239398,21.498355],[39.239451,21.49838],[39.239515,21.498437],[39.239515,21.498438],[39.239518,21.498444],[39.239551,21.498502],[39.239571,21.498558],[39.239577,21.498574],[39.239583,21.498591],[39.239585,21.498594],[39.239585,21.498596]]]},"properties":{"duct_type":"Fiber Optic","status":"Planned","branch":"السليمانية","length_m":153.217,"duct_id":"UTL_TELECOM_DUCTS-000818"}},{"type":"Feature","id":"UTL_TELECOM_DUCTS-000819","geometry":{"type":"MultiLineString","coordinates":[[[39.243075,21.486528],[39.243077,21.486519],[39.24319,21.486034],[39.243191,21.486033],[39.243314,21.485506],[39.243315,21.485499]]]},"properties":{"duct_type":"Fiber Optic","status":"Planned","branch":"السليمانية","length_m":116.614,"duct_id":"UTL_TELECOM_DUCTS-000819"}},{"type":"Feature","id":"UTL_TELECOM_DUCTS-000820","geometry":{"type":"MultiLineString","coordinates":[[[39.242909,21.48742],[39.24291,21.487411],[39.243073,21.486537],[39.243075,21.486528]]]},"properties":{"duct_type":"Fiber Optic","status":"Planned","branch":"السليمانية","length_m":100.195,"duct_id":"UTL_TELECOM_DUCTS-000820"}},{"type":"Feature","id":"UTL_TELECOM_DUCTS-000821","geometry":{"type":"MultiLineString","coordinates":[[[39.242747,21.488299],[39.242749,21.48829],[39.242907,21.487429],[39.242909,21.48742]]]},"properties":{"duct_type":"Fiber Optic","status":"Planned","branch":"السليمانية","length_m":98.71,"duct_id":"UTL_TELECOM_DUCTS-000821"}},{"type":"Feature","id":"UTL_TELECOM_DUCTS-000822","geometry":{"type":"MultiLineString","coordinates":[[[39.242578,21.489314],[39.242579,21.489303],[39.242585,21.489266],[39.242746,21.488308],[39.242747,21.488299]]]},"properties":{"duct_type":"Fiber Optic","status":"Planned","branch":"السليمانية","length_m":113.656,"duct_id":"UTL_TELECOM_DUCTS-000822"}},{"type":"Feature","id":"UTL_TELECOM_DUCTS-000823","geometry":{"type":"MultiLineString","coordinates":[[[39.243471,21.490776],[39.243929,21.491359]]]},"properties":{"duct_type":"Fiber Optic","status":"Planned","branch":"السليمانية","length_m":80.152,"duct_id":"UTL_TELECOM_DUCTS-000823"}},{"type":"Feature","id":"UTL_TELECOM_DUCTS-000824","geometry":{"type":"MultiLineString","coordinates":[[[39.243322,21.489616],[39.243323,21.489622],[39.243471,21.490776]]]},"properties":{"duct_type":"Fiber Optic","status":"Planned","branch":"السليمانية","length_m":129.259,"duct_id":"UTL_TELECOM_DUCTS-000824"}},{"type":"Feature","id":"UTL_TELECOM_DUCTS-000825","geometry":{"type":"MultiLineString","coordinates":[[[39.250545,21.488467],[39.250547,21.488459],[39.25066,21.48783],[39.250661,21.487822]]]},"properties":{"duct_type":"Fiber Optic","status":"Planned","branch":"السليمانية","length_m":72.41,"duct_id":"UTL_TELECOM_DUCTS-000825"}},{"type":"Feature","id":"UTL_TELECOM_DUCTS-000826","geometry":{"type":"MultiLineString","coordinates":[[[39.250784,21.486231],[39.25078,21.486231],[39.250724,21.486222],[39.250719,21.486221]]]},"properties":{"duct_type":"Fiber Optic","status":"Planned","branch":"السليمانية","length_m":6.873,"duct_id":"UTL_TELECOM_DUCTS-000826"}},{"type":"Feature","id":"UTL_TELECOM_DUCTS-000827","geometry":{"type":"MultiLineString","coordinates":[[[39.250831,21.485983],[39.250822,21.485982],[39.249821,21.485816],[39.249812,21.485814]]]},"properties":{"duct_type":"Fiber Optic","status":"Planned","branch":"السليمانية","length_m":107.148,"duct_id":"UTL_TELECOM_DUCTS-000827"}},{"type":"Feature","id":"UTL_TELECOM_DUCTS-000828","geometry":{"type":"MultiLineString","coordinates":[[[39.250719,21.486221],[39.250714,21.48622],[39.250683,21.486215]]]},"properties":{"duct_type":"Fiber Optic","status":"Planned","branch":"السليمانية","length_m":3.735,"duct_id":"UTL_TELECOM_DUCTS-000828"}},{"type":"Feature","id":"UTL_TELECOM_DUCTS-000829","geometry":{"type":"MultiLineString","coordinates":[[[39.243384,21.489432],[39.242587,21.489316],[39.242578,21.489314]]]},"properties":{"duct_type":"Fiber Optic","status":"Planned","branch":"السليمانية","length_m":84.567,"duct_id":"UTL_TELECOM_DUCTS-000829"}},{"type":"Feature","id":"UTL_TELECOM_DUCTS-000830","geometry":{"type":"MultiLineString","coordinates":[[[39.250633,21.487077],[39.250635,21.48707],[39.250784,21.486236],[39.250784,21.486231]]]},"properties":{"duct_type":"Fiber Optic","status":"Planned","branch":"السليمانية","length_m":94.893,"duct_id":"UTL_TELECOM_DUCTS-000830"}},{"type":"Feature","id":"UTL_TELECOM_DUCTS-000831","geometry":{"type":"MultiLineString","coordinates":[[[39.250784,21.486231],[39.250785,21.486228],[39.250829,21.485991],[39.250831,21.485983]]]},"properties":{"duct_type":"Fiber Optic","status":"Planned","branch":"السليمانية","length_m":27.923,"duct_id":"UTL_TELECOM_DUCTS-000831"}},{"type":"Feature","id":"UTL_TELECOM_DUCTS-000832","geometry":{"type":"MultiLineString","coordinates":[[[39.243501,21.48521],[39.2435,21.48521],[39.243423,21.48516]]]},"properties":{"duct_type":"Fiber Optic","status":"Planned","branch":"السليمانية","length_m":9.859,"duct_id":"UTL_TELECOM_DUCTS-000832"}},{"type":"Feature","id":"UTL_TELECOM_DUCTS-000833","geometry":{"type":"MultiLineString","coordinates":[[[39.243423,21.48516],[39.243367,21.485157]]]},"properties":{"duct_type":"Fiber Optic","status":"Planned","branch":"السليمانية","length_m":5.782,"duct_id":"UTL_TELECOM_DUCTS-000833"}},{"type":"Feature","id":"UTL_TELECOM_DUCTS-000834","geometry":{"type":"MultiLineString","coordinates":[[[39.265658,21.490818],[39.264971,21.491015],[39.264966,21.491017]]]},"properties":{"status":"Planned","branch":"السليمانية","length_m":75.047,"duct_id":"UTL_TELECOM_DUCTS-000834"}},{"type":"Feature","id":"UTL_TELECOM_DUCTS-000835","geometry":{"type":"MultiLineString","coordinates":[[[39.24106,21.487382],[39.241058,21.48739],[39.241049,21.48743]]]},"properties":{"duct_type":"Fiber Optic","status":"Planned","branch":"السليمانية","length_m":5.447,"duct_id":"UTL_TELECOM_DUCTS-000835"}},{"type":"Feature","id":"UTL_TELECOM_DUCTS-000836","geometry":{"type":"MultiLineString","coordinates":[[[39.242314,21.488535],[39.242298,21.488538],[39.241941,21.488618],[39.241931,21.48862]]]},"properties":{"duct_type":"Fiber Optic","status":"Planned","branch":"السليمانية","length_m":40.797,"duct_id":"UTL_TELECOM_DUCTS-000836"}},{"type":"Feature","id":"UTL_TELECOM_DUCTS-000837","geometry":{"type":"MultiLineString","coordinates":[[[39.241947,21.488509],[39.241944,21.488518],[39.241931,21.48862]]]},"properties":{"duct_type":"Fiber Optic","status":"Planned","branch":"السليمانية","length_m":12.459,"duct_id":"UTL_TELECOM_DUCTS-000837"}},{"type":"Feature","id":"UTL_TELECOM_DUCTS-000838","geometry":{"type":"MultiLineString","coordinates":[[[39.242437,21.48583],[39.242485,21.485838]]]},"properties":{"duct_type":"Fiber Optic","status":"Planned","branch":"السليمانية","length_m":5.047,"duct_id":"UTL_TELECOM_DUCTS-000838"}},{"type":"Feature","id":"UTL_TELECOM_DUCTS-000839","geometry":{"type":"MultiLineString","coordinates":[[[39.242501,21.485753],[39.242485,21.485838],[39.242485,21.485838]]]},"properties":{"duct_type":"Fiber Optic","status":"Planned","branch":"السليمانية","length_m":9.563,"duct_id":"UTL_TELECOM_DUCTS-000839"}},{"type":"Feature","id":"UTL_TELECOM_DUCTS-000840","geometry":{"type":"MultiLineString","coordinates":[[[39.263291,21.48995],[39.263305,21.490005],[39.263306,21.490009],[39.263307,21.490014],[39.263579,21.490873],[39.263579,21.490876]]]},"properties":{"duct_type":"Fiber Optic","status":"Planned","branch":"السليمانية","length_m":106.726,"duct_id":"UTL_TELECOM_DUCTS-000840"}},{"type":"Feature","id":"UTL_TELECOM_DUCTS-000841","geometry":{"type":"MultiLineString","coordinates":[[[39.249535,21.48644],[39.249594,21.48645]]]},"properties":{"duct_type":"Fiber Optic","status":"Planned","branch":"السليمانية","length_m":6.253,"duct_id":"UTL_TELECOM_DUCTS-000841"}},{"type":"Feature","id":"UTL_TELECOM_DUCTS-000842","geometry":{"type":"MultiLineString","coordinates":[[[39.242463,21.487177],[39.242452,21.487178],[39.242329,21.487192]]]},"properties":{"duct_type":"Fiber Optic","status":"Planned","branch":"السليمانية","length_m":13.918,"duct_id":"UTL_TELECOM_DUCTS-000842"}},{"type":"Feature","id":"UTL_TELECOM_DUCTS-000843","geometry":{"type":"MultiLineString","coordinates":[[[39.264966,21.491017],[39.26496,21.491019],[39.264936,21.491025]]]},"properties":{"duct_type":"Fiber Optic","status":"Planned","branch":"السليمانية","length_m":3.252,"duct_id":"UTL_TELECOM_DUCTS-000843"}},{"type":"Feature","id":"UTL_TELECOM_DUCTS-000844","geometry":{"type":"MultiLineString","coordinates":[[[39.233535,21.493261],[39.233533,21.493248],[39.233514,21.493114],[39.233304,21.49314],[39.233265,21.493124],[39.233264,21.493115],[39.233253,21.493097]]]},"properties":{"duct_type":"Fiber Optic","status":"Planned","branch":"السليمانية","length_m":46.051,"duct_id":"UTL_TELECOM_DUCTS-000844"}},{"type":"Feature","id":"UTL_TELECOM_DUCTS-000845","geometry":{"type":"MultiLineString","coordinates":[[[39.244612,21.491659],[39.244691,21.492568]]]},"properties":{"duct_type":"Fiber Optic","status":"Planned","branch":"السليمانية","length_m":101.005,"duct_id":"UTL_TELECOM_DUCTS-000845"}},{"type":"Feature","id":"UTL_TELECOM_DUCTS-000846","geometry":{"type":"MultiLineString","coordinates":[[[39.236463,21.491031],[39.235818,21.491089],[39.235811,21.49109]]]},"properties":{"duct_type":"Primary","status":"Planned","branch":"السليمانية","length_m":67.86,"duct_id":"UTL_TELECOM_DUCTS-000846"}},{"type":"Feature","id":"UTL_TELECOM_DUCTS-000847","geometry":{"type":"MultiLineString","coordinates":[[[39.236168,21.490328],[39.236161,21.489959],[39.236161,21.489949]]]},"properties":{"duct_type":"Primary","status":"Planned","branch":"السليمانية","length_m":41.925,"duct_id":"UTL_TELECOM_DUCTS-000847"}},{"type":"Feature","id":"UTL_TELECOM_DUCTS-000848","geometry":{"type":"MultiLineString","coordinates":[[[39.236222,21.490765],[39.236173,21.490372],[39.236168,21.490328]]]},"properties":{"duct_type":"Primary","status":"Planned","branch":"السليمانية","length_m":48.697,"duct_id":"UTL_TELECOM_DUCTS-000848"}},{"type":"Feature","id":"UTL_TELECOM_DUCTS-000849","geometry":{"type":"MultiLineString","coordinates":[[[39.236161,21.489949],[39.236159,21.489942],[39.236095,21.489487]]]},"properties":{"duct_type":"Primary","status":"Planned","branch":"السليمانية","length_m":51.512,"duct_id":"UTL_TELECOM_DUCTS-000849"}},{"type":"Feature","id":"UTL_TELECOM_DUCTS-000850","geometry":{"type":"MultiLineString","coordinates":[[[39.236463,21.491031],[39.236222,21.490765]]]},"properties":{"duct_type":"Primary","status":"Planned","branch":"السليمانية","length_m":38.596,"duct_id":"UTL_TELECOM_DUCTS-000850"}},{"type":"Feature","id":"UTL_TELECOM_DUCTS-000851","geometry":{"type":"MultiLineString","coordinates":[[[39.23779,21.490844],[39.237785,21.490845],[39.237176,21.490956]]]},"properties":{"duct_type":"Primary","status":"Planned","branch":"السليمانية","length_m":64.895,"duct_id":"UTL_TELECOM_DUCTS-000851"}},{"type":"Feature","id":"UTL_TELECOM_DUCTS-000852","geometry":{"type":"MultiLineString","coordinates":[[[39.237176,21.490956],[39.236463,21.491031]]]},"properties":{"duct_type":"Primary","status":"Planned","branch":"السليمانية","length_m":74.33,"duct_id":"UTL_TELECOM_DUCTS-000852"}},{"type":"Feature","id":"UTL_TELECOM_DUCTS-000853","geometry":{"type":"MultiLineString","coordinates":[[[39.23779,21.490844],[39.237794,21.490852],[39.237837,21.491167],[39.237839,21.491181]]]},"properties":{"duct_type":"Primary","status":"Planned","branch":"السليمانية","length_m":37.745,"duct_id":"UTL_TELECOM_DUCTS-000853"}},{"type":"Feature","id":"UTL_TELECOM_DUCTS-000854","geometry":{"type":"MultiLineString","coordinates":[[[39.237815,21.490543],[39.238237,21.49049],[39.238245,21.490488]]]},"properties":{"duct_type":"Primary","status":"Planned","branch":"السليمانية","length_m":44.937,"duct_id":"UTL_TELECOM_DUCTS-000854"}},{"type":"Feature","id":"UTL_TELECOM_DUCTS-000855","geometry":{"type":"MultiLineString","coordinates":[[[39.238242,21.490463],[39.238245,21.490481],[39.238245,21.490488]]]},"properties":{"duct_type":"Primary","status":"Planned","branch":"السليمانية","length_m":2.769,"duct_id":"UTL_TELECOM_DUCTS-000855"}},{"type":"Feature","id":"UTL_TELECOM_DUCTS-000856","geometry":{"type":"MultiLineString","coordinates":[[[39.237686,21.48958],[39.237693,21.48957],[39.23832,21.489469]]]},"properties":{"duct_type":"Primary","status":"Planned","branch":"السليمانية","length_m":67.146,"duct_id":"UTL_TELECOM_DUCTS-000856"}},{"type":"Feature","id":"UTL_TELECOM_DUCTS-000857","geometry":{"type":"MultiLineString","coordinates":[[[39.23832,21.489469],[39.238713,21.489421]]]},"properties":{"duct_type":"Primary","status":"Planned","branch":"السليمانية","length_m":41.081,"duct_id":"UTL_TELECOM_DUCTS-000857"}},{"type":"Feature","id":"UTL_TELECOM_DUCTS-000858","geometry":{"type":"MultiLineString","coordinates":[[[39.238713,21.489421],[39.23872,21.489465]]]},"properties":{"duct_type":"Primary","status":"Planned","branch":"السليمانية","length_m":4.889,"duct_id":"UTL_TELECOM_DUCTS-000858"}},{"type":"Feature","id":"UTL_TELECOM_DUCTS-000859","geometry":{"type":"MultiLineString","coordinates":[[[39.238713,21.489421],[39.238711,21.489397]]]},"properties":{"duct_type":"Primary","status":"Planned","branch":"السليمانية","length_m":2.731,"duct_id":"UTL_TELECOM_DUCTS-000859"}},{"type":"Feature","id":"UTL_TELECOM_DUCTS-000860","geometry":{"type":"MultiLineString","coordinates":[[[39.235811,21.49109],[39.235801,21.491092],[39.235545,21.491297],[39.235264,21.491324]]]},"properties":{"duct_type":"Primary","status":"Planned","branch":"السليمانية","length_m":65.148,"duct_id":"UTL_TELECOM_DUCTS-000860"}},{"type":"Feature","id":"UTL_TELECOM_DUCTS-000861","geometry":{"type":"MultiLineString","coordinates":[[[39.235264,21.491324],[39.234866,21.491372]]]},"properties":{"duct_type":"Primary","status":"Planned","branch":"السليمانية","length_m":41.553,"duct_id":"UTL_TELECOM_DUCTS-000861"}},{"type":"Feature","id":"UTL_TELECOM_DUCTS-000862","geometry":{"type":"MultiLineString","coordinates":[[[39.234866,21.491372],[39.234862,21.491347]]]},"properties":{"duct_type":"Primary","status":"Planned","branch":"السليمانية","length_m":2.788,"duct_id":"UTL_TELECOM_DUCTS-000862"}},{"type":"Feature","id":"UTL_TELECOM_DUCTS-000863","geometry":{"type":"MultiLineString","coordinates":[[[39.234866,21.491372],[39.23489,21.491587]]]},"properties":{"duct_type":"Primary","status":"Planned","branch":"السليمانية","length_m":23.93,"duct_id":"UTL_TELECOM_DUCTS-000863"}},{"type":"Feature","id":"UTL_TELECOM_DUCTS-000864","geometry":{"type":"MultiLineString","coordinates":[[[39.23489,21.491587],[39.234795,21.491597]]]},"properties":{"duct_type":"Primary","status":"Planned","branch":"السليمانية","length_m":9.853,"duct_id":"UTL_TELECOM_DUCTS-000864"}},{"type":"Feature","id":"UTL_TELECOM_DUCTS-000865","geometry":{"type":"MultiLineString","coordinates":[[[39.23489,21.491587],[39.234926,21.491855]]]},"properties":{"duct_type":"Primary","status":"Planned","branch":"السليمانية","length_m":29.951,"duct_id":"UTL_TELECOM_DUCTS-000865"}},{"type":"Feature","id":"UTL_TELECOM_DUCTS-000866","geometry":{"type":"MultiLineString","coordinates":[[[39.234926,21.491855],[39.234928,21.491881]]]},"properties":{"duct_type":"Primary","status":"Planned","branch":"السليمانية","length_m":2.895,"duct_id":"UTL_TELECOM_DUCTS-000866"}},{"type":"Feature","id":"UTL_TELECOM_DUCTS-000867","geometry":{"type":"MultiLineString","coordinates":[[[39.234926,21.491855],[39.234897,21.491857]]]},"properties":{"duct_type":"Primary","status":"Planned","branch":"السليمانية","length_m":2.976,"duct_id":"UTL_TELECOM_DUCTS-000867"}},{"type":"Feature","id":"UTL_TELECOM_DUCTS-000868","geometry":{"type":"MultiLineString","coordinates":[[[39.235264,21.491324],[39.235268,21.491349]]]},"properties":{"duct_type":"Primary","status":"Planned","branch":"السليمانية","length_m":2.729,"duct_id":"UTL_TELECOM_DUCTS-000868"}},{"type":"Feature","id":"UTL_TELECOM_DUCTS-000869","geometry":{"type":"MultiLineString","coordinates":[[[39.235264,21.491324],[39.235261,21.491304]]]},"properties":{"duct_type":"Primary","status":"Planned","branch":"السليمانية","length_m":2.3,"duct_id":"UTL_TELECOM_DUCTS-000869"}},{"type":"Feature","id":"UTL_TELECOM_DUCTS-000870","geometry":{"type":"MultiLineString","coordinates":[[[39.821399,22.310671],[39.821759,22.310489]]]},"properties":{"duct_type":"UPVC","status":"Planned","branch":"فرع الكامل","length_m":42.218,"duct_id":"UTL_TELECOM_DUCTS-000870"}},{"type":"Feature","id":"UTL_TELECOM_DUCTS-000871","geometry":{"type":"MultiLineString","coordinates":[[[39.817975,22.310781],[39.818075,22.310666]]]},"properties":{"duct_type":"UPVC","status":"Planned","branch":"فرع الكامل","length_m":16.393,"duct_id":"UTL_TELECOM_DUCTS-000871"}},{"type":"Feature","id":"UTL_TELECOM_DUCTS-000872","geometry":{"type":"MultiLineString","coordinates":[[[39.818214,22.31045],[39.818328,22.310316]]]},"properties":{"duct_type":"UPVC","status":"Planned","branch":"فرع الكامل","length_m":18.959,"duct_id":"UTL_TELECOM_DUCTS-000872"}},{"type":"Feature","id":"UTL_TELECOM_DUCTS-000873","geometry":{"type":"MultiLineString","coordinates":[[[39.818037,22.310859],[39.817975,22.310781]]]},"properties":{"duct_type":"UPVC","status":"Planned","branch":"فرع الكامل","length_m":10.762,"duct_id":"UTL_TELECOM_DUCTS-000873"}},{"type":"Feature","id":"UTL_TELECOM_DUCTS-000874","geometry":{"type":"MultiLineString","coordinates":[[[39.818075,22.310666],[39.818214,22.31045]]]},"properties":{"duct_type":"UPVC","status":"Planned","branch":"فرع الكامل","length_m":27.839,"duct_id":"UTL_TELECOM_DUCTS-000874"}},{"type":"Feature","id":"UTL_TELECOM_DUCTS-000875","geometry":{"type":"MultiLineString","coordinates":[[[39.821399,22.310671],[39.821416,22.310704]]]},"properties":{"duct_type":"UPVC","status":"Planned","branch":"فرع الكامل","length_m":4.063,"duct_id":"UTL_TELECOM_DUCTS-000875"}},{"type":"Feature","id":"UTL_TELECOM_DUCTS-000876","geometry":{"type":"MultiLineString","coordinates":[[[39.258294,21.503317],[39.258299,21.503266],[39.258305,21.503202],[39.258308,21.50317],[39.258311,21.503144],[39.258317,21.503082],[39.258331,21.502945],[39.258337,21.50288],[39.258337,21.502876],[39.258336,21.502855],[39.258336,21.502846],[39.258335,21.502833],[39.258334,21.502828],[39.25833,21.502821],[39.258316,21.502797],[39.258299,21.502766],[39.258289,21.502744],[39.258288,21.502743],[39.258287,21.502742],[39.258287,21.502741],[39.258286,21.50274],[39.258285,21.502739],[39.258284,21.502738],[39.258283,21.502737],[39.258282,21.502736],[39.25828,21.502736],[39.258279,21.502735],[39.258278,21.502735],[39.258277,21.502734],[39.258275,21.502734],[39.258274,21.502734],[39.258273,21.502733],[39.25817,21.502726],[39.258145,21.502724],[39.258076,21.502719],[39.257997,21.502714],[39.25791,21.502708],[39.257827,21.502703],[39.257723,21.502696],[39.257623,21.502689],[39.257497,21.502681],[39.257396,21.502675],[39.257309,21.502668],[39.257224,21.502662],[39.257201,21.50266],[39.257199,21.50266],[39.257198,21.502659],[39.257197,21.502659],[39.257195,21.502659],[39.257194,21.502658],[39.257193,21.502658],[39.257192,21.502657],[39.257191,21.502656],[39.25719,21.502656],[39.257189,21.502655],[39.257188,21.502654],[39.257187,21.502653],[39.257186,21.502652],[39.257186,21.502651],[39.257185,21.50265],[39.257184,21.502649],[39.257184,21.502648],[39.257184,21.502646],[39.257183,21.502645],[39.257183,21.502644],[39.257183,21.502643],[39.257183,21.502642],[39.257183,21.50264],[39.257185,21.502612],[39.257188,21.502577],[39.257193,21.502519],[39.2572,21.502439]]]},"properties":{"duct_type":"COOREGATED PIPE","status":"Planned","length_m":203.675,"duct_id":"UTL_TELECOM_DUCTS-000876"}},{"type":"Feature","id":"UTL_TELECOM_DUCTS-000877","geometry":{"type":"MultiLineString","coordinates":[[[39.235965,21.498987],[39.235977,21.498984],[39.235983,21.498982],[39.235988,21.498981],[39.235993,21.49898],[39.235995,21.498979],[39.236001,21.498977],[39.236003,21.498975],[39.236006,21.498971],[39.23601,21.498967],[39.236011,21.498967],[39.236015,21.498962],[39.236018,21.498954],[39.236021,21.498948],[39.236026,21.498938],[39.236026,21.498931],[39.236027,21.498914],[39.236027,21.498892],[39.236026,21.498879],[39.236026,21.498875],[39.236024,21.498855],[39.236023,21.498835],[39.236021,21.49881],[39.236021,21.498799],[39.236021,21.49878],[39.236021,21.498764],[39.236022,21.498759],[39.236023,21.498752],[39.236027,21.498742],[39.23603,21.498732],[39.236037,21.498715],[39.236044,21.498699],[39.236052,21.498683],[39.236063,21.498665],[39.236069,21.498655],[39.236071,21.498652],[39.236076,21.498647],[39.236082,21.498642],[39.236092,21.498635],[39.236101,21.498629],[39.236107,21.498625],[39.236117,21.498622],[39.236131,21.498619],[39.236144,21.498617],[39.236191,21.498611],[39.236247,21.498605],[39.236337,21.498593],[39.236424,21.498582],[39.236516,21.498571],[39.236602,21.498561],[39.236728,21.498546],[39.236831,21.498534],[39.236966,21.498517],[39.237168,21.498493],[39.237304,21.498476],[39.23746,21.498457],[39.237681,21.498429],[39.237893,21.498403],[39.238185,21.498367],[39.23843,21.498336],[39.238636,21.49831],[39.238778,21.498292],[39.23879,21.498291],[39.238803,21.498288],[39.238814,21.498285],[39.238855,21.498274],[39.238886,21.498266],[39.238911,21.498257],[39.238951,21.498241],[39.238995,21.498224],[39.239002,21.498221],[39.239025,21.498208],[39.239067,21.498186],[39.239102,21.498169],[39.239148,21.498146],[39.239152,21.498144],[39.239167,21.498136],[39.239224,21.498109],[39.239256,21.498093],[39.239261,21.498091],[39.239287,21.498081],[39.2393,21.498076],[39.239332,21.498064],[39.239374,21.498054],[39.239396,21.49805],[39.239413,21.498051],[39.239444,21.498054],[39.239467,21.498058],[39.239497,21.498065],[39.239532,21.498077],[39.239593,21.498095],[39.239659,21.498113],[39.239689,21.498122],[39.239708,21.498127],[39.239725,21.498131],[39.239737,21.498134],[39.239757,21.498139],[39.239765,21.498141],[39.239789,21.498145],[39.239868,21.498146],[39.239964,21.498148],[39.240068,21.49815],[39.240073,21.49815],[39.240173,21.498138],[39.240262,21.498128],[39.240321,21.498121],[39.240367,21.498116],[39.240406,21.498112],[39.24048,21.498103],[39.240531,21.498097],[39.240603,21.498088],[39.240643,21.498085],[39.240718,21.498079],[39.240773,21.498075],[39.240838,21.498073],[39.240915,21.498072],[39.240943,21.498071],[39.240948,21.498071],[39.240971,21.498071],[39.241024,21.498072],[39.241053,21.498073],[39.241082,21.498074],[39.241112,21.498075],[39.241154,21.498079],[39.241198,21.498082],[39.241237,21.498086],[39.24127,21.498091],[39.241306,21.498095],[39.241346,21.4981],[39.241372,21.498105],[39.241399,21.498109],[39.241411,21.49811],[39.241427,21.498113],[39.241466,21.498119],[39.241484,21.498122],[39.24149,21.498123],[39.241523,21.498129],[39.241552,21.498135],[39.241558,21.498136],[39.241564,21.498138],[39.241584,21.498142],[39.24159,21.498143],[39.241604,21.498147],[39.241651,21.498159],[39.241737,21.498181],[39.241861,21.498215],[39.241905,21.498228],[39.241972,21.498247],[39.242043,21.498267],[39.242121,21.498288],[39.242163,21.498299],[39.242193,21.498307],[39.242345,21.498351],[39.242551,21.49841],[39.242706,21.498454],[39.242856,21.498496],[39.242951,21.498524],[39.243019,21.498543],[39.243071,21.498558],[39.243105,21.498567],[39.243147,21.498579],[39.24318,21.498589],[39.243191,21.498591],[39.243192,21.498592],[39.243193,21.498592],[39.243194,21.498593],[39.243195,21.498593],[39.243197,21.498594],[39.243198,21.498595],[39.243199,21.498596],[39.243199,21.498597],[39.2432,21.498597],[39.243201,21.498598],[39.243202,21.498599],[39.243202,21.4986],[39.243203,21.498602],[39.24324,21.498722],[39.24324,21.498723],[39.243241,21.498724],[39.243242,21.498737],[39.243243,21.498749],[39.243243,21.49875],[39.243241,21.498783],[39.24324,21.498803],[39.24324,21.498804],[39.243239,21.498836],[39.243239,21.498837],[39.243236,21.498846],[39.243233,21.498855],[39.243232,21.498858],[39.243225,21.498874],[39.243222,21.498882],[39.243215,21.498897],[39.243212,21.498903],[39.243203,21.498922],[39.243189,21.498955],[39.24318,21.498974],[39.243174,21.498986],[39.243159,21.499017],[39.243106,21.49913],[39.243083,21.499178],[39.243063,21.499222],[39.243004,21.499347],[39.242976,21.499407],[39.242959,21.499444],[39.242929,21.49951],[39.242876,21.49963],[39.242854,21.49968],[39.242848,21.499694],[39.242838,21.499724],[39.242819,21.499783],[39.242799,21.499846],[39.242771,21.499933],[39.242757,21.499975],[39.242754,21.499989],[39.242742,21.500047],[39.242729,21.500109],[39.242723,21.500135],[39.242715,21.50019],[39.242704,21.500262],[39.242698,21.500327],[39.242695,21.500361],[39.242692,21.500392],[39.242691,21.500415],[39.242696,21.500542],[39.242699,21.500636],[39.242702,21.500712],[39.242702,21.500715],[39.242703,21.500731],[39.24271,21.500815],[39.242716,21.500886],[39.242722,21.500969],[39.242731,21.501076],[39.242733,21.501112],[39.242738,21.501187],[39.242741,21.501234],[39.242742,21.501237],[39.242744,21.501288],[39.242746,21.501328],[39.242748,21.50136],[39.242749,21.501376],[39.24275,21.501378],[39.242755,21.501395],[39.242756,21.501406],[39.242756,21.501423],[39.242757,21.501441],[39.242757,21.50145],[39.242757,21.501453],[39.242756,21.501463],[39.242751,21.501488],[39.242746,21.5015],[39.242736,21.501525],[39.242728,21.501543],[39.242725,21.501551],[39.242724,21.501552],[39.242715,21.501564],[39.242702,21.501581],[39.242689,21.501599],[39.242688,21.5016],[39.242668,21.501617],[39.242638,21.501644],[39.24263,21.501649],[39.242623,21.501655],[39.242597,21.501669],[39.242571,21.501684],[39.242551,21.501695],[39.242547,21.501696],[39.242514,21.501703],[39.242483,21.501709],[39.242479,21.501709],[39.242479,21.501709],[39.242463,21.50171],[39.242439,21.501711],[39.242421,21.501712],[39.242383,21.501711],[39.242307,21.50171],[39.242211,21.501709],[39.242186,21.501709],[39.242184,21.501709],[39.242183,21.501709],[39.242182,21.501709],[39.242181,21.501708],[39.242179,21.501708],[39.242178,21.501708],[39.242177,21.501707],[39.242176,21.501707],[39.242175,21.501706],[39.242174,21.501705],[39.242173,21.501704],[39.242172,21.501703],[39.242171,21.501702],[39.24217,21.501702],[39.242169,21.5017],[39.242169,21.501699],[39.242168,21.501698],[39.242168,21.501697],[39.242167,21.501696],[39.242167,21.501695],[39.242167,21.501694],[39.242167,21.501692],[39.242167,21.501691],[39.242166,21.501663],[39.242166,21.501629]]]},"properties":{"duct_type":"COOREGATED PIPE","status":"Planned","length_m":1210.634,"duct_id":"UTL_TELECOM_DUCTS-000877"}},{"type":"Feature","id":"UTL_TELECOM_DUCTS-000878","geometry":{"type":"MultiLineString","coordinates":[[[39.258935,21.50258],[39.258889,21.502653],[39.258849,21.502671],[39.258664,21.502687],[39.25845,21.502692],[39.258437,21.502689],[39.258406,21.502687],[39.258384,21.502685],[39.258335,21.502681],[39.258264,21.502676],[39.258213,21.502673],[39.258165,21.502669],[39.258105,21.502665],[39.258051,21.502661],[39.257993,21.502657],[39.25793,21.502653],[39.257873,21.502649],[39.257813,21.502645],[39.257756,21.502641],[39.257699,21.502637],[39.257655,21.502634],[39.257619,21.502632],[39.25761,21.502631],[39.257609,21.502631],[39.257608,21.502631],[39.257606,21.502631],[39.257605,21.50263],[39.257604,21.50263],[39.257603,21.502629],[39.257602,21.502629],[39.2576,21.502628],[39.257599,21.502627],[39.257598,21.502626],[39.257598,21.502626],[39.257597,21.502625],[39.257596,21.502624],[39.257595,21.502623],[39.257595,21.502621],[39.257594,21.50262],[39.257594,21.502619],[39.257593,21.502618],[39.257593,21.502617],[39.257593,21.502616],[39.257593,21.502614],[39.257592,21.502613],[39.257593,21.502612],[39.257593,21.502608],[39.257598,21.502552],[39.257612,21.502397],[39.257628,21.502231],[39.257644,21.502059],[39.257651,21.501979],[39.257669,21.501778],[39.257681,21.501651],[39.257694,21.501514],[39.257706,21.501381],[39.257716,21.501277],[39.257719,21.501244],[39.257721,21.501217],[39.257723,21.501178],[39.257726,21.50112],[39.257729,21.501076],[39.25773,21.501047],[39.257732,21.501013],[39.257734,21.500972],[39.257735,21.500959],[39.257735,21.500958],[39.257735,21.500957],[39.257734,21.500954],[39.257734,21.50095],[39.257733,21.500945],[39.257727,21.500907],[39.25771,21.500788],[39.257705,21.500755],[39.257703,21.500744],[39.257703,21.500742],[39.257694,21.500729],[39.25769,21.500723],[39.257573,21.500542],[39.257572,21.500541],[39.257571,21.50054],[39.257571,21.500539],[39.25757,21.500538],[39.257569,21.500537],[39.257568,21.500537],[39.257567,21.500536],[39.257566,21.500535],[39.257565,21.500535],[39.257564,21.500534],[39.257562,21.500534],[39.257561,21.500534],[39.25756,21.500533],[39.257559,21.500533],[39.257558,21.500533],[39.257537,21.500532],[39.2575,21.500529],[39.25745,21.500526],[39.257414,21.500523],[39.25735,21.500518],[39.257277,21.500513],[39.257184,21.500506],[39.257071,21.500498],[39.256934,21.500488],[39.25678,21.500477],[39.256532,21.500459],[39.256423,21.500451],[39.25623,21.500437],[39.25609,21.500426],[39.255881,21.500411],[39.255503,21.500384],[39.25514,21.500357],[39.254672,21.500324],[39.254392,21.500303],[39.254188,21.500288],[39.254107,21.500282],[39.254025,21.500276],[39.253991,21.500274],[39.253951,21.500268],[39.253949,21.500268],[39.253928,21.500262],[39.253887,21.500251],[39.253852,21.500242],[39.253851,21.500242],[39.253849,21.500241],[39.253846,21.50024],[39.253838,21.500236],[39.253803,21.50022],[39.253766,21.500204],[39.253761,21.500202],[39.253602,21.500117],[39.253569,21.50009],[39.25353,21.500056],[39.253521,21.500048],[39.253519,21.500047],[39.253488,21.500027],[39.253469,21.500015],[39.253443,21.499999],[39.253404,21.499989],[39.253366,21.49998],[39.253351,21.499976],[39.253333,21.499972],[39.253298,21.499975],[39.253256,21.499978],[39.25321,21.499992],[39.253171,21.500005],[39.253139,21.500024],[39.253117,21.500036],[39.25308,21.500058],[39.253057,21.500071],[39.25305,21.500073],[39.25298,21.500092],[39.252938,21.500104],[39.252907,21.500112],[39.252868,21.500124],[39.252838,21.500134],[39.252831,21.500135],[39.252812,21.50014],[39.252786,21.500147],[39.252764,21.500152],[39.252755,21.500153],[39.252734,21.500155],[39.252704,21.500159],[39.252657,21.500165],[39.252625,21.500168],[39.252611,21.50017],[39.252604,21.500171],[39.252601,21.500171],[39.252586,21.500171],[39.252568,21.500171],[39.252559,21.500172],[39.252551,21.500171],[39.25254,21.50017],[39.252529,21.500169],[39.252497,21.500168],[39.252463,21.500166],[39.252422,21.500163],[39.252344,21.500157],[39.252269,21.500152],[39.252189,21.500146],[39.252133,21.500142],[39.252076,21.500137],[39.252033,21.500134],[39.252023,21.500133],[39.25196,21.500129],[39.251888,21.500124],[39.251839,21.500121],[39.251789,21.500117],[39.251707,21.500111],[39.25167,21.500108],[39.251657,21.500107],[39.251618,21.500104],[39.251546,21.500099],[39.251465,21.500093],[39.25145,21.500092],[39.251414,21.500089],[39.251356,21.500085],[39.251253,21.500078],[39.25112,21.500068],[39.250862,21.50005],[39.250637,21.500034],[39.250494,21.500024],[39.250392,21.500017],[39.250328,21.500012],[39.250326,21.500012],[39.250202,21.500003],[39.250008,21.499989],[39.249841,21.499977],[39.249742,21.499969],[39.249626,21.499961],[39.249493,21.499951],[39.249308,21.499937],[39.24914,21.499925],[39.249084,21.49992],[39.249022,21.499916],[39.248948,21.499911],[39.248823,21.499903],[39.248684,21.499894],[39.24854,21.499883],[39.248425,21.499875],[39.248337,21.499868],[39.24829,21.499863],[39.248254,21.499859],[39.248248,21.499859],[39.248204,21.499853],[39.248171,21.499848],[39.248164,21.499847],[39.248149,21.499843],[39.248126,21.499837],[39.248121,21.499835],[39.248098,21.499827],[39.248073,21.499818],[39.248046,21.499808],[39.248004,21.499786],[39.247967,21.499767],[39.247962,21.499765],[39.247954,21.49976],[39.247951,21.499757],[39.247948,21.499752],[39.247937,21.499739],[39.247916,21.499712],[39.247882,21.499668],[39.247868,21.49965],[39.247854,21.499633],[39.24783,21.499606],[39.247818,21.499591],[39.247802,21.499578],[39.247781,21.499559],[39.247757,21.499543],[39.247734,21.499528],[39.247727,21.499524],[39.247723,21.499522],[39.247717,21.499519],[39.247707,21.499515],[39.247691,21.499509],[39.247665,21.499499],[39.247643,21.499491],[39.247632,21.499487],[39.247624,21.499485],[39.247617,21.499484],[39.247611,21.499482],[39.247594,21.499479],[39.247573,21.499476],[39.247551,21.499475],[39.24753,21.499474],[39.247521,21.499474],[39.247519,21.499474],[39.247516,21.499474],[39.247496,21.499476],[39.247471,21.499478],[39.247466,21.499479],[39.24744,21.499485],[39.24742,21.499489],[39.247411,21.499493],[39.24738,21.499504],[39.247348,21.499517],[39.24732,21.499528],[39.247297,21.499537],[39.247289,21.49954],[39.247265,21.499548],[39.247241,21.499556],[39.247228,21.499561],[39.247213,21.499567],[39.247208,21.499569],[39.247199,21.499574],[39.247171,21.499587],[39.247125,21.499609],[39.247099,21.499622],[39.24709,21.499627],[39.24708,21.499631],[39.247076,21.499632],[39.247074,21.499632],[39.247071,21.499633],[39.247068,21.499633],[39.247064,21.499633],[39.247039,21.499634],[39.247008,21.499634],[39.247005,21.499634],[39.246983,21.499633],[39.246965,21.499632],[39.246961,21.499632],[39.246956,21.499632],[39.246931,21.499629],[39.246922,21.499628],[39.2469,21.499625],[39.246873,21.499621],[39.246839,21.499613],[39.246818,21.499608],[39.246795,21.499602],[39.246722,21.499582],[39.246633,21.499557],[39.246472,21.499511],[39.246188,21.499431],[39.245916,21.499355],[39.245698,21.499294],[39.245491,21.499236],[39.245232,21.499163],[39.244838,21.499051],[39.244232,21.498881],[39.243844,21.49877],[39.243671,21.49872],[39.243404,21.498645],[39.243343,21.498628],[39.243283,21.498611],[39.243224,21.498595],[39.243214,21.49859],[39.243206,21.498585],[39.243183,21.498579],[39.24315,21.49857],[39.243108,21.498558],[39.243074,21.498548],[39.243022,21.498533],[39.242954,21.498514],[39.242859,21.498487],[39.242709,21.498444],[39.242554,21.4984],[39.242348,21.498341],[39.242196,21.498298],[39.242166,21.49829],[39.242124,21.498278],[39.242046,21.498258],[39.241975,21.498237],[39.241908,21.498218],[39.241864,21.498206],[39.24174,21.498172],[39.241653,21.498149],[39.241607,21.498137],[39.241592,21.498134],[39.241586,21.498132],[39.241567,21.498128],[39.24156,21.498127],[39.241554,21.498125],[39.241525,21.49812],[39.241492,21.498113],[39.241486,21.498112],[39.241468,21.498109],[39.241429,21.498103],[39.241412,21.4981],[39.241401,21.498099],[39.241374,21.498095],[39.241348,21.49809],[39.241308,21.498085],[39.241272,21.498081],[39.241239,21.498076],[39.241199,21.498073],[39.241155,21.498069],[39.241113,21.498065],[39.241083,21.498064],[39.241053,21.498063],[39.241024,21.498063],[39.240972,21.498062],[39.240949,21.498061],[39.240943,21.498061],[39.240915,21.498062],[39.240838,21.498063],[39.240773,21.498065],[39.240718,21.498069],[39.240642,21.498075],[39.240602,21.498078],[39.24053,21.498087],[39.240479,21.498093],[39.240405,21.498102],[39.240366,21.498106],[39.240319,21.498112],[39.240261,21.498118],[39.240171,21.498129],[39.240072,21.49814],[39.240068,21.49814],[39.239965,21.498138],[39.239868,21.498136],[39.23979,21.498135],[39.239767,21.498131],[39.239759,21.498129],[39.23974,21.498124],[39.239728,21.498121],[39.239711,21.498117],[39.239692,21.498112],[39.239662,21.498104],[39.239596,21.498085],[39.239535,21.498068],[39.2395,21.498056],[39.239469,21.498048],[39.239445,21.498044],[39.239414,21.498041],[39.239395,21.49804],[39.239372,21.498044],[39.239329,21.498054],[39.239296,21.498067],[39.239283,21.498072],[39.239257,21.498082],[39.239251,21.498084],[39.239219,21.4981],[39.239162,21.498128],[39.239147,21.498135],[39.239143,21.498137],[39.239097,21.49816],[39.239062,21.498177],[39.23902,21.498199],[39.238997,21.498212],[39.238991,21.498214],[39.238946,21.498232],[39.238907,21.498247],[39.238882,21.498257],[39.238853,21.498264],[39.238811,21.498275],[39.2388,21.498278],[39.238788,21.498281],[39.238776,21.498283],[39.238635,21.4983],[39.238428,21.498326],[39.238184,21.498357],[39.237892,21.498393],[39.23768,21.498419],[39.237458,21.498447],[39.237303,21.498467],[39.237166,21.498483],[39.236965,21.498507],[39.236829,21.498524],[39.236726,21.498536],[39.236601,21.498551],[39.236515,21.498561],[39.236423,21.498573],[39.236335,21.498583],[39.236246,21.498595],[39.23619,21.498601],[39.236143,21.498607],[39.236128,21.49861],[39.236115,21.498613],[39.236102,21.498616],[39.236094,21.498621],[39.236086,21.498627],[39.236076,21.498634],[39.236068,21.49864],[39.236063,21.498646],[39.23606,21.498649],[39.236054,21.49866],[39.236042,21.498679],[39.236034,21.498695],[39.236027,21.498712],[39.23602,21.498729],[39.236017,21.498739],[39.236013,21.49875],[39.236012,21.498758],[39.236011,21.498763],[39.236011,21.498779],[39.23601,21.498799],[39.23601,21.49881],[39.236012,21.498835],[39.236014,21.498856],[39.236015,21.498876],[39.236016,21.498879],[39.236016,21.498892],[39.236016,21.498914],[39.236016,21.498931],[39.236015,21.498936],[39.236011,21.498944],[39.236009,21.49895],[39.236006,21.498957],[39.236002,21.498961],[39.236002,21.498961],[39.235999,21.498964],[39.235995,21.498968],[39.235995,21.498968],[39.235991,21.49897],[39.23599,21.49897],[39.235985,21.498971],[39.23598,21.498973],[39.235974,21.498975],[39.235964,21.498977]]]},"properties":{"duct_type":"COOREGATED PIPE","status":"Planned","length_m":2719.313,"duct_id":"UTL_TELECOM_DUCTS-000878"}},{"type":"Feature","id":"UTL_TELECOM_DUCTS-000879","geometry":{"type":"MultiLineString","coordinates":[[[39.25894,21.502583],[39.258893,21.502657],[39.258851,21.502676],[39.258665,21.502693],[39.258451,21.502698],[39.258444,21.502701],[39.258443,21.502717],[39.258442,21.502718],[39.258442,21.502719],[39.258442,21.50272],[39.258442,21.502722],[39.258441,21.502723],[39.258441,21.502724],[39.25844,21.502725],[39.258439,21.502726],[39.258438,21.502727],[39.258437,21.502728],[39.258437,21.502729],[39.258436,21.50273],[39.258434,21.50273],[39.258433,21.502731],[39.258432,21.502732],[39.258431,21.502732],[39.25843,21.502733],[39.258429,21.502733],[39.258427,21.502733],[39.258426,21.502733],[39.258425,21.502734],[39.258423,21.502734],[39.258422,21.502734],[39.258292,21.502725],[39.258146,21.502714],[39.258077,21.502709],[39.257998,21.502704],[39.257911,21.502698],[39.257828,21.502693],[39.257724,21.502686],[39.257624,21.50268],[39.257497,21.502671],[39.257397,21.502665],[39.257309,21.502658],[39.257225,21.502652],[39.257212,21.502651],[39.257211,21.502651],[39.257209,21.50265],[39.257208,21.50265],[39.257207,21.50265],[39.257206,21.502649],[39.257205,21.502649],[39.257203,21.502648],[39.257202,21.502647],[39.257201,21.502647],[39.2572,21.502646],[39.257199,21.502645],[39.257198,21.502644],[39.257198,21.502643],[39.257197,21.502642],[39.257196,21.502641],[39.257196,21.50264],[39.257195,21.502639],[39.257195,21.502637],[39.257195,21.502636],[39.257194,21.502635],[39.257194,21.502634],[39.257194,21.502632],[39.257194,21.502631],[39.257196,21.502613],[39.257199,21.502578],[39.257204,21.50252],[39.257211,21.50244]]]},"properties":{"duct_type":"COOREGATED PIPE","status":"Planned","length_m":211.738,"duct_id":"UTL_TELECOM_DUCTS-000879"}},{"type":"Feature","id":"UTL_TELECOM_DUCTS-000880","geometry":{"type":"MultiLineString","coordinates":[[[39.258938,21.502582],[39.258892,21.502656],[39.258851,21.502674],[39.258665,21.502691],[39.25845,21.502696],[39.258437,21.502702],[39.258405,21.502699],[39.258383,21.502698],[39.258333,21.502694],[39.258263,21.502689],[39.258212,21.502685],[39.258164,21.502682],[39.258104,21.502678],[39.25805,21.502674],[39.257992,21.50267],[39.257929,21.502665],[39.257872,21.502661],[39.257812,21.502657],[39.257755,21.502654],[39.257699,21.50265],[39.257654,21.502647],[39.257618,21.502645],[39.257592,21.502643],[39.257589,21.502641],[39.257535,21.502638],[39.257433,21.502631],[39.257345,21.502625],[39.257266,21.50262],[39.257165,21.502613],[39.257099,21.502609],[39.257048,21.502605],[39.256946,21.502599],[39.256837,21.502591],[39.256749,21.502585],[39.256663,21.50258],[39.256572,21.502573],[39.256497,21.502568],[39.256412,21.502563],[39.256334,21.502558],[39.256235,21.502552],[39.256136,21.502545],[39.256034,21.502539],[39.255925,21.502532],[39.255857,21.502528],[39.255787,21.502523],[39.255676,21.502516],[39.255597,21.502511],[39.255515,21.502506],[39.255415,21.502499],[39.255315,21.502492],[39.255081,21.502477],[39.254972,21.50247],[39.254871,21.502464],[39.254719,21.502454],[39.254532,21.502442],[39.254286,21.502426],[39.25413,21.502415],[39.253977,21.502405],[39.253854,21.502397],[39.25339,21.502366],[39.253209,21.502354],[39.25302,21.502341],[39.252819,21.502328],[39.252627,21.502315],[39.252249,21.50229],[39.252089,21.50228],[39.251962,21.502271],[39.251849,21.502264],[39.25175,21.502257],[39.251656,21.502252],[39.251465,21.502239],[39.251396,21.502235],[39.251375,21.502235],[39.251358,21.502235],[39.25107,21.502268],[39.251025,21.502263],[39.250972,21.50226],[39.250916,21.502256],[39.250703,21.502242],[39.250552,21.502231],[39.250395,21.502221],[39.250302,21.502215],[39.250196,21.502207],[39.250038,21.502197],[39.249983,21.502193],[39.249856,21.502185],[39.249714,21.502175],[39.249581,21.502166],[39.249404,21.502154],[39.249267,21.502145],[39.249101,21.502134],[39.248983,21.502126],[39.24887,21.502119],[39.248787,21.502113],[39.248722,21.502109],[39.248631,21.502102],[39.248559,21.502097],[39.248495,21.502093],[39.248411,21.502087],[39.248329,21.502082],[39.248154,21.50207],[39.248018,21.502061],[39.247889,21.502052],[39.247792,21.502045],[39.247752,21.502043],[39.247711,21.50204],[39.24771,21.50204],[39.247671,21.502037],[39.24763,21.502034],[39.247585,21.502031],[39.247536,21.502027],[39.247483,21.502023],[39.247482,21.502023],[39.247474,21.502022],[39.247422,21.502017],[39.24736,21.502011],[39.247335,21.502008],[39.247307,21.502005],[39.24728,21.502002],[39.247252,21.501999],[39.247211,21.501995],[39.247166,21.50199],[39.247101,21.501982],[39.247053,21.501977],[39.246999,21.501971],[39.246943,21.501965],[39.246936,21.501964],[39.246931,21.501963],[39.246891,21.501952],[39.246839,21.501938],[39.2468,21.501928],[39.246797,21.501927],[39.24677,21.501915],[39.24671,21.501888],[39.246678,21.501874],[39.246678,21.501874],[39.246649,21.501862],[39.246616,21.501848],[39.246612,21.501847],[39.246594,21.501845],[39.246579,21.501842],[39.246571,21.501842],[39.246564,21.501842],[39.246548,21.501841],[39.246534,21.50184],[39.246505,21.50184],[39.246432,21.501839],[39.246394,21.501839],[39.246368,21.501838],[39.246326,21.501838],[39.246301,21.501837],[39.246268,21.501836],[39.246209,21.501835],[39.246165,21.501835],[39.24614,21.501835],[39.246108,21.501835],[39.24605,21.501834],[39.246,21.501833],[39.245948,21.501833],[39.245876,21.501832],[39.245784,21.50183],[39.245716,21.501829],[39.245636,21.501828],[39.245604,21.501828],[39.245568,21.501827],[39.245541,21.501827],[39.245516,21.501827],[39.245507,21.501827],[39.245407,21.501825],[39.245335,21.501824],[39.245265,21.501823],[39.245163,21.501822],[39.245001,21.50182],[39.244922,21.501819],[39.244821,21.501817],[39.244666,21.501815],[39.244473,21.501813],[39.244323,21.501811],[39.244141,21.501808],[39.243965,21.501806],[39.2438,21.501804],[39.243674,21.501802],[39.243515,21.5018],[39.24332,21.501797],[39.243169,21.501795],[39.242989,21.501793],[39.242879,21.501792],[39.242778,21.50179],[39.242603,21.501788],[39.24255,21.501787],[39.242405,21.501786],[39.242294,21.501784],[39.242214,21.501783],[39.242191,21.501783],[39.242168,21.501782],[39.242166,21.501782],[39.242165,21.501782],[39.242164,21.501782],[39.242162,21.501781],[39.242161,21.501781],[39.24216,21.501781],[39.242159,21.50178],[39.242158,21.50178],[39.242157,21.501779],[39.242156,21.501778],[39.242155,21.501778],[39.242154,21.501777],[39.242153,21.501776],[39.242152,21.501775],[39.242151,21.501774],[39.24215,21.501773],[39.24215,21.501772],[39.242149,21.501771],[39.242149,21.50177],[39.242148,21.501769],[39.242148,21.501767],[39.242148,21.501766],[39.242148,21.501765],[39.242148,21.501764],[39.242147,21.501731],[39.242147,21.501693],[39.242147,21.501663],[39.242147,21.501628]]]},"properties":{"duct_type":"COOREGATED PIPE","status":"Planned","length_m":1766.723,"duct_id":"UTL_TELECOM_DUCTS-000880"}},{"type":"Feature","id":"UTL_TELECOM_DUCTS-000881","geometry":{"type":"MultiLineString","coordinates":[[[39.258937,21.502581],[39.25889,21.502654],[39.25885,21.502672],[39.258664,21.502689],[39.25845,21.502694],[39.258437,21.502695],[39.258405,21.502693],[39.258383,21.502691],[39.258334,21.502688],[39.258264,21.502683],[39.258212,21.502679],[39.258165,21.502676],[39.258105,21.502671],[39.25805,21.502667],[39.257992,21.502663],[39.257929,21.502659],[39.257873,21.502655],[39.257812,21.502651],[39.257755,21.502647],[39.257699,21.502644],[39.257655,21.502641],[39.257619,21.502638],[39.257594,21.502637],[39.257585,21.502631],[39.257536,21.502628],[39.257433,21.502621],[39.257346,21.502615],[39.257267,21.50261],[39.257166,21.502603],[39.2571,21.502599],[39.257049,21.502595],[39.256947,21.502589],[39.256838,21.502581],[39.25675,21.502575],[39.256664,21.50257],[39.256573,21.502564],[39.256498,21.502559],[39.256413,21.502553],[39.256335,21.502548],[39.256236,21.502542],[39.256137,21.502535],[39.256035,21.502529],[39.255926,21.502522],[39.255858,21.502518],[39.255787,21.502513],[39.255677,21.502506],[39.255598,21.502501],[39.255515,21.502496],[39.255415,21.502489],[39.255315,21.502483],[39.255081,21.502467],[39.254973,21.50246],[39.254872,21.502454],[39.254719,21.502444],[39.254533,21.502432],[39.254286,21.502416],[39.25413,21.502405],[39.253978,21.502395],[39.253855,21.502387],[39.253391,21.502356],[39.25321,21.502344],[39.253021,21.502331],[39.25282,21.502318],[39.252628,21.502305],[39.25225,21.50228],[39.252089,21.50227],[39.251963,21.502261],[39.25185,21.502254],[39.25175,21.502248],[39.251657,21.502242],[39.251466,21.502229],[39.251396,21.502225],[39.251375,21.502225],[39.251357,21.502225],[39.251357,21.502225],[39.251069,21.502258],[39.251026,21.502253],[39.250972,21.50225],[39.250917,21.502246],[39.250704,21.502232],[39.250553,21.502222],[39.250395,21.502211],[39.250303,21.502205],[39.250197,21.502198],[39.250038,21.502187],[39.249984,21.502183],[39.249857,21.502175],[39.249715,21.502165],[39.249582,21.502156],[39.249405,21.502144],[39.249268,21.502135],[39.249102,21.502124],[39.248984,21.502116],[39.248871,21.502109],[39.248788,21.502103],[39.248723,21.502099],[39.248631,21.502092],[39.24856,21.502088],[39.248496,21.502083],[39.248411,21.502078],[39.248329,21.502072],[39.248155,21.50206],[39.248018,21.502051],[39.24789,21.502042],[39.247793,21.502035],[39.247753,21.502033],[39.247711,21.50203],[39.24771,21.50203],[39.247672,21.502027],[39.247631,21.502024],[39.247586,21.502021],[39.247537,21.502017],[39.247484,21.502014],[39.247484,21.502013],[39.247475,21.502013],[39.247424,21.502007],[39.247361,21.502001],[39.247336,21.501998],[39.247308,21.501995],[39.247281,21.501992],[39.247253,21.501989],[39.247213,21.501985],[39.247168,21.50198],[39.247102,21.501973],[39.247054,21.501967],[39.247,21.501961],[39.246944,21.501955],[39.246938,21.501954],[39.246934,21.501953],[39.246894,21.501943],[39.246842,21.501929],[39.246803,21.501919],[39.246801,21.501918],[39.246775,21.501906],[39.246714,21.501879],[39.246683,21.501865],[39.246682,21.501865],[39.246653,21.501853],[39.246619,21.501839],[39.246615,21.501837],[39.246596,21.501835],[39.24658,21.501833],[39.246571,21.501832],[39.246564,21.501832],[39.246549,21.501831],[39.246534,21.50183],[39.246505,21.50183],[39.246433,21.501829],[39.246394,21.501829],[39.246368,21.501828],[39.246326,21.501828],[39.246301,21.501827],[39.246268,21.501827],[39.246209,21.501825],[39.246165,21.501825],[39.24614,21.501825],[39.246108,21.501825],[39.24605,21.501824],[39.246,21.501823],[39.245949,21.501823],[39.245876,21.501822],[39.245784,21.50182],[39.245717,21.50182],[39.245636,21.501818],[39.245604,21.501818],[39.245568,21.501817],[39.245541,21.501817],[39.245516,21.501817],[39.245507,21.501817],[39.245407,21.501815],[39.245335,21.501814],[39.245265,21.501813],[39.245164,21.501812],[39.245002,21.50181],[39.244922,21.501809],[39.244821,21.501807],[39.244666,21.501805],[39.244473,21.501803],[39.244324,21.501801],[39.244141,21.501798],[39.243966,21.501796],[39.2438,21.501794],[39.243674,21.501792],[39.243515,21.50179],[39.24332,21.501787],[39.243169,21.501786],[39.24299,21.501783],[39.242879,21.501782],[39.242778,21.50178],[39.242603,21.501778],[39.24255,21.501777],[39.242405,21.501776],[39.242294,21.501774],[39.242214,21.501773],[39.242191,21.501773],[39.242176,21.501772],[39.242175,21.501772],[39.242173,21.501772],[39.242172,21.501772],[39.242171,21.501771],[39.24217,21.501771],[39.242168,21.50177],[39.242167,21.50177],[39.242166,21.501769],[39.242165,21.501769],[39.242164,21.501768],[39.242163,21.501767],[39.242162,21.501766],[39.242161,21.501765],[39.242161,21.501764],[39.24216,21.501763],[39.242159,21.501762],[39.242159,21.501761],[39.242158,21.50176],[39.242158,21.501759],[39.242158,21.501758],[39.242157,21.501756],[39.242157,21.501755],[39.242157,21.501754],[39.242157,21.50175],[39.242157,21.501731],[39.242157,21.501693],[39.242157,21.501663],[39.242157,21.501628]]]},"properties":{"duct_type":"COOREGATED PIPE","status":"Planned","length_m":1764.435,"duct_id":"UTL_TELECOM_DUCTS-000881"}},{"type":"Feature","id":"UTL_TELECOM_DUCTS-000882","geometry":{"type":"MultiLineString","coordinates":[[[39.245891,21.499996],[39.245886,21.500092],[39.245885,21.500101]]]},"properties":{"duct_type":"Primary","status":"Planned","branch":"السليمانية","length_m":11.695,"duct_id":"UTL_TELECOM_DUCTS-000882"}},{"type":"Feature","id":"UTL_TELECOM_DUCTS-000883","geometry":{"type":"MultiLineString","coordinates":[[[39.245885,21.500101],[39.245888,21.500107],[39.245962,21.500207],[39.245968,21.500215]]]},"properties":{"duct_type":"Primary","status":"Planned","branch":"السليمانية","length_m":15.202,"duct_id":"UTL_TELECOM_DUCTS-000883"}},{"type":"Feature","id":"UTL_TELECOM_DUCTS-000884","geometry":{"type":"MultiLineString","coordinates":[[[39.245968,21.500215],[39.245971,21.500221],[39.245961,21.500366],[39.245962,21.500377]]]},"properties":{"duct_type":"Primary","status":"Planned","branch":"السليمانية","length_m":18.068,"duct_id":"UTL_TELECOM_DUCTS-000884"}},{"type":"Feature","id":"UTL_TELECOM_DUCTS-000885","geometry":{"type":"MultiLineString","coordinates":[[[39.245962,21.500377],[39.245959,21.500384],[39.245948,21.500414],[39.245941,21.500432],[39.245934,21.50045],[39.24593,21.500463],[39.245919,21.500505],[39.245911,21.500547],[39.24591,21.500555]]]},"properties":{"duct_type":"Primary","status":"Planned","branch":"السليمانية","length_m":20.527,"duct_id":"UTL_TELECOM_DUCTS-000885"}},{"type":"Feature","id":"UTL_TELECOM_DUCTS-000886","geometry":{"type":"MultiLineString","coordinates":[[[39.24591,21.500555],[39.245911,21.500563],[39.245912,21.50061],[39.245915,21.50066],[39.24593,21.500772],[39.245933,21.500803],[39.245935,21.500833],[39.245931,21.500855],[39.245928,21.500864]]]},"properties":{"duct_type":"Primary","status":"Planned","branch":"السليمانية","length_m":34.354,"duct_id":"UTL_TELECOM_DUCTS-000886"}},{"type":"Feature","id":"UTL_TELECOM_DUCTS-000887","geometry":{"type":"MultiLineString","coordinates":[[[39.245928,21.500864],[39.245924,21.500872],[39.245907,21.500918],[39.245892,21.500952],[39.245875,21.500988],[39.245839,21.501062],[39.245816,21.501117],[39.245815,21.501126]]]},"properties":{"duct_type":"Primary","status":"Planned","branch":"السليمانية","length_m":31.362,"duct_id":"UTL_TELECOM_DUCTS-000887"}},{"type":"Feature","id":"UTL_TELECOM_DUCTS-000888","geometry":{"type":"MultiLineString","coordinates":[[[39.245815,21.501126],[39.245815,21.501133],[39.245832,21.501197]]]},"properties":{"duct_type":"Primary","status":"Planned","branch":"السليمانية","length_m":8.072,"duct_id":"UTL_TELECOM_DUCTS-000888"}},{"type":"Feature","id":"UTL_TELECOM_DUCTS-000889","geometry":{"type":"MultiLineString","coordinates":[[[39.245962,21.500377],[39.245972,21.500375],[39.246196,21.500331],[39.246207,21.500329]]]},"properties":{"duct_type":"Primary","status":"Planned","branch":"السليمانية","length_m":25.895,"duct_id":"UTL_TELECOM_DUCTS-000889"}},{"type":"Feature","id":"UTL_TELECOM_DUCTS-000890","geometry":{"type":"MultiLineString","coordinates":[[[39.185912,21.583044],[39.185938,21.583049]]]},"properties":{"duct_type":"Primary","status":"Planned","branch":"FAISALIAH","length_m":2.765,"duct_id":"UTL_TELECOM_DUCTS-000890"}},{"type":"Feature","id":"UTL_TELECOM_DUCTS-000891","geometry":{"type":"MultiLineString","coordinates":[[[39.185762,21.583654],[39.185905,21.583048]]]},"properties":{"duct_type":"PVC PIPE (TYP)","status":"Planned","branch":"FAISALIAH","length_m":68.741,"duct_id":"UTL_TELECOM_DUCTS-000891"}},{"type":"Feature","id":"UTL_TELECOM_DUCTS-000892","geometry":{"type":"MultiLineString","coordinates":[[[39.185907,21.583037],[39.186011,21.582596]]]},"properties":{"duct_type":"PVC PIPE (TYP)","status":"Planned","branch":"FAISALIAH","length_m":50.0,"duct_id":"UTL_TELECOM_DUCTS-000892"}},{"type":"Feature","id":"UTL_TELECOM_DUCTS-000893","geometry":{"type":"MultiLineString","coordinates":[[[39.186011,21.582596],[39.186111,21.582165]]]},"properties":{"duct_type":"PVC PIPE (TYP)","status":"Planned","branch":"FAISALIAH","length_m":48.8,"duct_id":"UTL_TELECOM_DUCTS-000893"}},{"type":"Feature","id":"UTL_TELECOM_DUCTS-000894","geometry":{"type":"MultiLineString","coordinates":[[[39.186107,21.582159],[39.185863,21.582109]]]},"properties":{"duct_type":"PVC PIPE (TYP)","status":"Planned","branch":"FAISALIAH","length_m":25.854,"duct_id":"UTL_TELECOM_DUCTS-000894"}},{"type":"Feature","id":"UTL_TELECOM_DUCTS-000895","geometry":{"type":"MultiLineString","coordinates":[[[39.185908,21.583673],[39.185895,21.58368],[39.185895,21.58368],[39.185895,21.583681],[39.185895,21.583681],[39.185895,21.583681],[39.185895,21.583681],[39.185895,21.583681],[39.185894,21.583681],[39.185894,21.583681],[39.185894,21.583681],[39.185894,21.583681],[39.185894,21.583681],[39.185894,21.583681],[39.185894,21.583681],[39.185762,21.583654]]]},"properties":{"duct_type":"PVC PIPE","status":"Planned","branch":"FAISALIAH","length_m":15.638,"duct_id":"UTL_TELECOM_DUCTS-000895"}},{"type":"Feature","id":"UTL_TELECOM_DUCTS-000896","geometry":{"type":"MultiLineString","coordinates":[[[39.257916,21.5001],[39.257917,21.500096],[39.258327,21.499503],[39.259413,21.497998],[39.260718,21.496189],[39.260722,21.496185]]]},"properties":{"duct_type":"FIBER","status":"Planned","branch":"السليمانية","length_m":521.802,"duct_id":"UTL_TELECOM_DUCTS-000896"}},{"type":"Feature","id":"UTL_TELECOM_DUCTS-000897","geometry":{"type":"MultiLineString","coordinates":[[[39.260722,21.496185],[39.260724,21.496182],[39.261721,21.494801],[39.261724,21.494796]]]},"properties":{"duct_type":"FIBER","status":"Planned","branch":"السليمانية","length_m":185.478,"duct_id":"UTL_TELECOM_DUCTS-000897"}},{"type":"Feature","id":"UTL_TELECOM_DUCTS-000898","geometry":{"type":"MultiLineString","coordinates":[[[39.262291,21.493867],[39.262276,21.493858],[39.262312,21.493809],[39.262318,21.493807],[39.262322,21.493807],[39.262401,21.493859],[39.261727,21.494792],[39.261724,21.494796]]]},"properties":{"duct_type":"FIBER","status":"Planned","branch":"السليمانية","length_m":144.643,"duct_id":"UTL_TELECOM_DUCTS-000898"}},{"type":"Feature","id":"UTL_TELECOM_DUCTS-000899","geometry":{"type":"MultiLineString","coordinates":[[[39.261709,21.494787],[39.261719,21.494793],[39.261724,21.494796]]]},"properties":{"duct_type":"FIBER","status":"Planned","branch":"السليمانية","length_m":1.788,"duct_id":"UTL_TELECOM_DUCTS-000899"}},{"type":"Feature","id":"UTL_TELECOM_DUCTS-000900","geometry":{"type":"MultiLineString","coordinates":[[[39.260708,21.496176],[39.260722,21.496185]]]},"properties":{"duct_type":"FIBER","status":"Planned","branch":"السليمانية","length_m":1.794,"duct_id":"UTL_TELECOM_DUCTS-000900"}},{"type":"Feature","id":"UTL_TELECOM_DUCTS-000901","geometry":{"type":"MultiLineString","coordinates":[[[39.259416,21.497994],[39.259411,21.49799],[39.259349,21.49795],[39.259344,21.497949],[39.259338,21.49795],[39.259304,21.497986],[39.259304,21.49799],[39.259304,21.497995],[39.25932,21.498009]]]},"properties":{"duct_type":"FIBER","status":"Planned","branch":"السليمانية","length_m":18.218,"duct_id":"UTL_TELECOM_DUCTS-000901"}},{"type":"Feature","id":"UTL_TELECOM_DUCTS-000902","geometry":{"type":"MultiLineString","coordinates":[[[39.25833,21.499498],[39.258323,21.499493]]]},"properties":{"duct_type":"FIBER","status":"Planned","branch":"السليمانية","length_m":0.901,"duct_id":"UTL_TELECOM_DUCTS-000902"}},{"type":"Feature","id":"UTL_TELECOM_DUCTS-000903","geometry":{"type":"MultiLineString","coordinates":[[[39.231848,21.494693],[39.231173,21.494782],[39.23064,21.494453],[39.230734,21.494415],[39.230753,21.494228],[39.230639,21.494214],[39.230749,21.493953],[39.231143,21.49322],[39.231579,21.492416],[39.231973,21.491685],[39.232356,21.490979],[39.232754,21.490237],[39.233056,21.489564],[39.233171,21.48935],[39.233297,21.48891],[39.233521,21.488134],[39.233669,21.487421],[39.23387,21.486206],[39.234011,21.485372],[39.234506,21.484701],[39.235189,21.484488],[39.236046,21.48441],[39.236819,21.484343],[39.236973,21.484335],[39.237079,21.484452],[39.237601,21.484371],[39.238177,21.484307],[39.238631,21.484504],[39.238932,21.485363],[39.239128,21.485343]]]},"properties":{"duct_type":"FIBER OPTIC","status":"Planned","branch":"السليمانية","length_m":1883.214,"duct_id":"UTL_TELECOM_DUCTS-000903"}},{"type":"Feature","id":"UTL_TELECOM_DUCTS-000904","geometry":{"type":"MultiLineString","coordinates":[[[39.231862,21.494801],[39.231848,21.494693]]]},"properties":{"duct_type":"FIBER OPTIC","status":"Planned","branch":"السليمانية","length_m":12.069,"duct_id":"UTL_TELECOM_DUCTS-000904"}},{"type":"Feature","id":"UTL_TELECOM_DUCTS-000905","geometry":{"type":"MultiLineString","coordinates":[[[39.231862,21.494801],[39.232798,21.494681],[39.232746,21.494526],[39.232766,21.494503],[39.232768,21.494503]]]},"properties":{"duct_type":"FIBER OPTIC","status":"Planned","branch":"السليمانية","length_m":119.423,"duct_id":"UTL_TELECOM_DUCTS-000905"}},{"type":"Feature","id":"UTL_TELECOM_DUCTS-000906","geometry":{"type":"MultiLineString","coordinates":[[[39.239128,21.485343],[39.239336,21.485336],[39.239336,21.485381]]]},"properties":{"duct_type":"FIBER OPTIC","status":"Planned","branch":"السليمانية","length_m":26.443,"duct_id":"UTL_TELECOM_DUCTS-000906"}},{"type":"Feature","id":"UTL_TELECOM_DUCTS-000907","geometry":{"type":"MultiLineString","coordinates":[[[39.239336,21.485381],[39.239479,21.485379],[39.239478,21.485299]]]},"properties":{"duct_type":"FIBER OPTIC","status":"Planned","branch":"السليمانية","length_m":23.769,"duct_id":"UTL_TELECOM_DUCTS-000907"}},{"type":"Feature","id":"UTL_TELECOM_DUCTS-000908","geometry":{"type":"MultiLineString","coordinates":[[[39.238177,21.484307],[39.238171,21.484218]]]},"properties":{"duct_type":"FIBER OPTIC","status":"Planned","branch":"السليمانية","length_m":9.898,"duct_id":"UTL_TELECOM_DUCTS-000908"}},{"type":"Feature","id":"UTL_TELECOM_DUCTS-000909","geometry":{"type":"MultiLineString","coordinates":[[[39.237585,21.48427],[39.237601,21.484371]]]},"properties":{"duct_type":"FIBER OPTIC","status":"Planned","branch":"السليمانية","length_m":11.273,"duct_id":"UTL_TELECOM_DUCTS-000909"}},{"type":"Feature","id":"UTL_TELECOM_DUCTS-000910","geometry":{"type":"MultiLineString","coordinates":[[[39.239913,21.485359],[39.239478,21.485298]]]},"properties":{"duct_type":"FIBER OPTIC","status":"Planned","branch":"السليمانية","length_m":45.514,"duct_id":"UTL_TELECOM_DUCTS-000910"}},{"type":"Feature","id":"UTL_TELECOM_DUCTS-000911","geometry":{"type":"MultiLineString","coordinates":[[[39.238711,21.48444],[39.238631,21.484504]]]},"properties":{"duct_type":"FIBER OPTIC","status":"Planned","branch":"السليمانية","length_m":10.92,"duct_id":"UTL_TELECOM_DUCTS-000911"}},{"type":"Feature","id":"UTL_TELECOM_DUCTS-000912","geometry":{"type":"MultiLineString","coordinates":[[[39.239964,21.48512],[39.240697,21.485227],[39.240781,21.484798]]]},"properties":{"duct_type":"FIBER OPTIC","status":"Planned","branch":"السليمانية","length_m":125.148,"duct_id":"UTL_TELECOM_DUCTS-000912"}},{"type":"Feature","id":"UTL_TELECOM_DUCTS-000913","geometry":{"type":"MultiLineString","coordinates":[[[39.240781,21.484798],[39.240724,21.484208],[39.241291,21.484291]]]},"properties":{"duct_type":"FIBER OPTIC","status":"Planned","branch":"السليمانية","length_m":124.99,"duct_id":"UTL_TELECOM_DUCTS-000913"}},{"type":"Feature","id":"UTL_TELECOM_DUCTS-000914","geometry":{"type":"MultiLineString","coordinates":[[[39.241977,21.484454],[39.241986,21.484411]]]},"properties":{"duct_type":"FIBER OPTIC","status":"Planned","branch":"السليمانية","length_m":4.817,"duct_id":"UTL_TELECOM_DUCTS-000914"}},{"type":"Feature","id":"UTL_TELECOM_DUCTS-000915","geometry":{"type":"MultiLineString","coordinates":[[[39.243649,21.484748],[39.244428,21.484875],[39.245187,21.485],[39.245938,21.485129],[39.246637,21.485241]]]},"properties":{"duct_type":"FIBER OPTIC","status":"Planned","branch":"السليمانية","length_m":314.266,"duct_id":"UTL_TELECOM_DUCTS-000915"}},{"type":"Feature","id":"UTL_TELECOM_DUCTS-000916","geometry":{"type":"MultiLineString","coordinates":[[[39.241291,21.484291],[39.241986,21.484411]]]},"properties":{"duct_type":"FIBER OPTIC","status":"Planned","branch":"السليمانية","length_m":73.203,"duct_id":"UTL_TELECOM_DUCTS-000916"}},{"type":"Feature","id":"UTL_TELECOM_DUCTS-000917","geometry":{"type":"MultiLineString","coordinates":[[[39.243649,21.484748],[39.243601,21.484985]]]},"properties":{"duct_type":"FIBER OPTIC","status":"Planned","branch":"السليمانية","length_m":26.682,"duct_id":"UTL_TELECOM_DUCTS-000917"}},{"type":"Feature","id":"UTL_TELECOM_DUCTS-000918","geometry":{"type":"MultiLineString","coordinates":[[[39.239964,21.48512],[39.239913,21.485359]]]},"properties":{"duct_type":"FIBER OPTIC","status":"Planned","branch":"السليمانية","length_m":26.963,"duct_id":"UTL_TELECOM_DUCTS-000918"}},{"type":"Feature","id":"UTL_TELECOM_DUCTS-000919","geometry":{"type":"MultiLineString","coordinates":[[[39.242864,21.484589],[39.241977,21.484454]]]},"properties":{"duct_type":"FIBER OPTIC","status":"Planned","branch":"السليمانية","length_m":93.057,"duct_id":"UTL_TELECOM_DUCTS-000919"}},{"type":"Feature","id":"UTL_TELECOM_DUCTS-000920","geometry":{"type":"MultiLineString","coordinates":[[[39.242864,21.484589],[39.242817,21.484838],[39.243601,21.484985]]]},"properties":{"duct_type":"FIBER OPTIC","status":"Planned","branch":"السليمانية","length_m":110.816,"duct_id":"UTL_TELECOM_DUCTS-000920"}},{"type":"Feature","id":"UTL_TELECOM_DUCTS-000921","geometry":{"type":"MultiLineString","coordinates":[[[39.243649,21.484748],[39.24366,21.484676]]]},"properties":{"duct_type":"FIBER OPTIC","status":"Planned","branch":"السليمانية","length_m":8.035,"duct_id":"UTL_TELECOM_DUCTS-000921"}},{"type":"Feature","id":"UTL_TELECOM_DUCTS-000922","geometry":{"type":"MultiLineString","coordinates":[[[39.244428,21.484875],[39.244439,21.484799]]]},"properties":{"duct_type":"FIBER OPTIC","status":"Planned","branch":"السليمانية","length_m":8.49,"duct_id":"UTL_TELECOM_DUCTS-000922"}},{"type":"Feature","id":"UTL_TELECOM_DUCTS-000923","geometry":{"type":"MultiLineString","coordinates":[[[39.245187,21.485],[39.245205,21.484945]]]},"properties":{"duct_type":"FIBER OPTIC","status":"Planned","branch":"السليمانية","length_m":6.363,"duct_id":"UTL_TELECOM_DUCTS-000923"}},{"type":"Feature","id":"UTL_TELECOM_DUCTS-000924","geometry":{"type":"MultiLineString","coordinates":[[[39.245938,21.485129],[39.245952,21.485051]]]},"properties":{"duct_type":"FIBER OPTIC","status":"Planned","branch":"السليمانية","length_m":8.696,"duct_id":"UTL_TELECOM_DUCTS-000924"}},{"type":"Feature","id":"UTL_TELECOM_DUCTS-000925","geometry":{"type":"MultiLineString","coordinates":[[[39.246637,21.485241],[39.246619,21.485323]]]},"properties":{"duct_type":"FIBER OPTIC","status":"Planned","branch":"السليمانية","length_m":9.241,"duct_id":"UTL_TELECOM_DUCTS-000925"}},{"type":"Feature","id":"UTL_TELECOM_DUCTS-000926","geometry":{"type":"MultiLineString","coordinates":[[[39.246636,21.485241],[39.246898,21.485289],[39.247664,21.485416],[39.248308,21.485523],[39.248324,21.485454],[39.248438,21.485476],[39.249304,21.485618],[39.250066,21.485747],[39.250943,21.485883],[39.251764,21.486023],[39.25241,21.486134],[39.252381,21.486277],[39.252534,21.486589],[39.252775,21.486627],[39.252961,21.486655],[39.252972,21.4866],[39.253237,21.48663],[39.253284,21.486276],[39.253352,21.486294],[39.254068,21.486411],[39.25473,21.486521],[39.25543,21.48664],[39.255972,21.486727],[39.256668,21.486842],[39.257529,21.486984],[39.258134,21.487085],[39.258766,21.487188],[39.259617,21.487326],[39.26057,21.487487],[39.261373,21.487621],[39.262001,21.487725],[39.262005,21.487725]]]},"properties":{"duct_type":"FIBER OPTIC","status":"Planned","branch":"السليمانية","length_m":1703.298,"duct_id":"UTL_TELECOM_DUCTS-000926"}},{"type":"Feature","id":"UTL_TELECOM_DUCTS-000927","geometry":{"type":"MultiLineString","coordinates":[[[39.257528,21.486984],[39.257643,21.48716]]]},"properties":{"duct_type":"FIBER OPTIC","status":"Planned","branch":"السليمانية","length_m":22.797,"duct_id":"UTL_TELECOM_DUCTS-000927"}},{"type":"Feature","id":"UTL_TELECOM_DUCTS-000928","geometry":{"type":"MultiLineString","coordinates":[[[39.246628,21.485283],[39.246617,21.485322]]]},"properties":{"duct_type":"FIBER OPTIC","status":"Planned","branch":"السليمانية","length_m":4.527,"duct_id":"UTL_TELECOM_DUCTS-000928"}},{"type":"Feature","id":"UTL_TELECOM_DUCTS-000929","geometry":{"type":"MultiLineString","coordinates":[[[39.246898,21.485289],[39.246917,21.485208]]]},"properties":{"duct_type":"FIBER OPTIC","status":"Planned","branch":"السليمانية","length_m":9.167,"duct_id":"UTL_TELECOM_DUCTS-000929"}},{"type":"Feature","id":"UTL_TELECOM_DUCTS-000930","geometry":{"type":"MultiLineString","coordinates":[[[39.247664,21.485416],[39.24768,21.485334]]]},"properties":{"duct_type":"FIBER OPTIC","status":"Planned","branch":"السليمانية","length_m":9.164,"duct_id":"UTL_TELECOM_DUCTS-000930"}},{"type":"Feature","id":"UTL_TELECOM_DUCTS-000931","geometry":{"type":"MultiLineString","coordinates":[[[39.246637,21.485241],[39.246628,21.485283]]]},"properties":{"duct_type":"FIBER OPTIC","status":"Planned","branch":"السليمانية","length_m":4.666,"duct_id":"UTL_TELECOM_DUCTS-000931"}},{"type":"Feature","id":"UTL_TELECOM_DUCTS-000932","geometry":{"type":"MultiLineString","coordinates":[[[39.262937,21.487879],[39.262942,21.48788],[39.262831,21.488193],[39.263035,21.488847],[39.263247,21.489523],[39.263493,21.490304],[39.263766,21.491171],[39.263766,21.491171]]]},"properties":{"duct_type":"FIBER OPTIC","status":"Planned","branch":"السليمانية","length_m":380.618,"duct_id":"UTL_TELECOM_DUCTS-000932"}},{"type":"Feature","id":"UTL_TELECOM_DUCTS-000933","geometry":{"type":"MultiLineString","coordinates":[[[39.263793,21.488141],[39.26461,21.48842],[39.265408,21.488764],[39.266133,21.489232],[39.266601,21.489778],[39.266832,21.490501],[39.266799,21.491172],[39.2666,21.491821],[39.266476,21.492207],[39.266306,21.492691],[39.26606,21.493247],[39.265829,21.493737],[39.265594,21.494185],[39.265331,21.49404]]]},"properties":{"duct_type":"FIBER OPTIC","status":"Planned","branch":"السليمانية","length_m":896.261,"duct_id":"UTL_TELECOM_DUCTS-000933"}},{"type":"Feature","id":"UTL_TELECOM_DUCTS-000934","geometry":{"type":"MultiLineString","coordinates":[[[39.265594,21.494185],[39.264988,21.495126]]]},"properties":{"duct_type":"FIBER OPTIC","status":"Planned","branch":"السليمانية","length_m":121.617,"duct_id":"UTL_TELECOM_DUCTS-000934"}},{"type":"Feature","id":"UTL_TELECOM_DUCTS-000935","geometry":{"type":"MultiLineString","coordinates":[[[39.263793,21.488141],[39.262942,21.48788]]]},"properties":{"duct_type":"FIBER OPTIC","status":"Planned","branch":"السليمانية","length_m":92.784,"duct_id":"UTL_TELECOM_DUCTS-000935"}},{"type":"Feature","id":"UTL_TELECOM_DUCTS-000936","geometry":{"type":"MultiLineString","coordinates":[[[39.263766,21.491171],[39.263834,21.491394],[39.26418,21.4913],[39.264484,21.491216]]]},"properties":{"duct_type":"FIBER OPTIC","status":"Planned","branch":"السليمانية","length_m":95.823,"duct_id":"UTL_TELECOM_DUCTS-000936"}},{"type":"Feature","id":"UTL_TELECOM_DUCTS-000937","geometry":{"type":"MultiLineString","coordinates":[[[39.262942,21.48788],[39.262622,21.487829]]]},"properties":{"duct_type":"FIBER OPTIC","status":"Planned","branch":"السليمانية","length_m":33.571,"duct_id":"UTL_TELECOM_DUCTS-000937"}},{"type":"Feature","id":"UTL_TELECOM_DUCTS-000938","geometry":{"type":"MultiLineString","coordinates":[[[39.264484,21.491216],[39.264466,21.491155],[39.264449,21.491101]]]},"properties":{"duct_type":"FIBER OPTIC","status":"Planned","branch":"السليمانية","length_m":13.199,"duct_id":"UTL_TELECOM_DUCTS-000938"}},{"type":"Feature","id":"UTL_TELECOM_DUCTS-000939","geometry":{"type":"MultiLineString","coordinates":[[[39.264731,21.495558],[39.264679,21.495529],[39.264636,21.495601],[39.264683,21.495626],[39.264561,21.495833],[39.26433,21.49622],[39.263886,21.496922],[39.263472,21.49754],[39.262798,21.498425],[39.262283,21.499082],[39.261769,21.499741],[39.2612,21.50047],[39.26114,21.500429],[39.260683,21.500861]]]},"properties":{"duct_type":"FIBER OPTIC","status":"Planned","branch":"السليمانية","length_m":742.863,"duct_id":"UTL_TELECOM_DUCTS-000939"}},{"type":"Feature","id":"UTL_TELECOM_DUCTS-000940","geometry":{"type":"MultiLineString","coordinates":[[[39.257887,21.502573],[39.257169,21.502524],[39.256407,21.502475],[39.255517,21.502411],[39.254787,21.502362],[39.254016,21.50231],[39.252948,21.502237],[39.252042,21.502175],[39.251175,21.502118],[39.250685,21.502087],[39.250621,21.50208],[39.250373,21.502056],[39.249705,21.502015],[39.248925,21.501963],[39.24894,21.501641]]]},"properties":{"duct_type":"FIBER OPTIC","status":"Planned","branch":"السليمانية","length_m":966.422,"duct_id":"UTL_TELECOM_DUCTS-000940"}},{"type":"Feature","id":"UTL_TELECOM_DUCTS-000941","geometry":{"type":"MultiLineString","coordinates":[[[39.260684,21.500861],[39.260565,21.501012],[39.26045,21.501173],[39.259055,21.500811],[39.258044,21.500882],[39.257985,21.501604],[39.257887,21.502573]]]},"properties":{"duct_type":"FIBER OPTIC","status":"Planned","branch":"السليمانية","length_m":485.028,"duct_id":"UTL_TELECOM_DUCTS-000941"}},{"type":"Feature","id":"UTL_TELECOM_DUCTS-000942","geometry":{"type":"MultiLineString","coordinates":[[[39.250621,21.50208],[39.250373,21.502056],[39.249705,21.502015],[39.248925,21.501963],[39.24894,21.501641]]]},"properties":{"duct_type":"FIBER OPTIC","status":"Planned","branch":"السليمانية","length_m":211.779,"duct_id":"UTL_TELECOM_DUCTS-000942"}},{"type":"Feature","id":"UTL_TELECOM_DUCTS-000943","geometry":{"type":"MultiLineString","coordinates":[[[39.249168,21.500093],[39.250103,21.500163],[39.250895,21.500215],[39.250744,21.50126]]]},"properties":{"duct_type":"FIBER OPTIC","status":"Planned","branch":"السليمانية","length_m":296.187,"duct_id":"UTL_TELECOM_DUCTS-000943"}},{"type":"Feature","id":"UTL_TELECOM_DUCTS-000944","geometry":{"type":"MultiLineString","coordinates":[[[39.248925,21.501963],[39.248386,21.501927],[39.247813,21.501884],[39.247833,21.501778],[39.247665,21.501756],[39.247676,21.501645],[39.247562,21.501632],[39.247533,21.501338],[39.247347,21.50133],[39.247051,21.501299],[39.246951,21.501684],[39.24607,21.501669],[39.245201,21.50166],[39.244042,21.501641],[39.242923,21.501325],[39.24269,21.501312]]]},"properties":{"duct_type":"FIBER OPTIC","status":"Planned","branch":"السليمانية","length_m":742.495,"duct_id":"UTL_TELECOM_DUCTS-000944"}},{"type":"Feature","id":"UTL_TELECOM_DUCTS-000945","geometry":{"type":"MultiLineString","coordinates":[[[39.241817,21.501618],[39.241511,21.501613],[39.240546,21.5016],[39.239735,21.501592],[39.239687,21.500782],[39.239688,21.500076],[39.239679,21.499538],[39.239676,21.499175],[39.239408,21.499186],[39.239181,21.499163],[39.239098,21.49954]]]},"properties":{"duct_type":"FIBER OPTIC","status":"Planned","branch":"السليمانية","length_m":577.344,"duct_id":"UTL_TELECOM_DUCTS-000945"}},{"type":"Feature","id":"UTL_TELECOM_DUCTS-000946","geometry":{"type":"MultiLineString","coordinates":[[[39.239062,21.499575],[39.238814,21.499595],[39.238006,21.499666],[39.237454,21.499706],[39.237439,21.499671],[39.237384,21.499675],[39.23738,21.499715],[39.237196,21.499733],[39.236033,21.499833],[39.235426,21.499885],[39.234287,21.499983],[39.233709,21.500029],[39.233677,21.499829],[39.233435,21.499866],[39.233302,21.499884],[39.232923,21.499968],[39.232493,21.500047],[39.2325,21.500122],[39.231679,21.5002]]]},"properties":{"duct_type":"FIBER OPTIC","status":"Planned","branch":"السليمانية","length_m":804.467,"duct_id":"UTL_TELECOM_DUCTS-000946"}},{"type":"Feature","id":"UTL_TELECOM_DUCTS-000947","geometry":{"type":"MultiLineString","coordinates":[[[39.250744,21.50126],[39.250621,21.50208]]]},"properties":{"duct_type":"FIBER OPTIC","status":"Planned","branch":"السليمانية","length_m":91.657,"duct_id":"UTL_TELECOM_DUCTS-000947"}},{"type":"Feature","id":"UTL_TELECOM_DUCTS-000948","geometry":{"type":"MultiLineString","coordinates":[[[39.231679,21.5002],[39.231671,21.500169]]]},"properties":{"duct_type":"FIBER OPTIC","status":"Planned","branch":"السليمانية","length_m":3.503,"duct_id":"UTL_TELECOM_DUCTS-000948"}},{"type":"Feature","id":"UTL_TELECOM_DUCTS-000949","geometry":{"type":"MultiLineString","coordinates":[[[39.24269,21.501312],[39.242653,21.500599]]]},"properties":{"duct_type":"FIBER OPTIC","status":"Planned","branch":"السليمانية","length_m":78.948,"duct_id":"UTL_TELECOM_DUCTS-000949"}},{"type":"Feature","id":"UTL_TELECOM_DUCTS-000950","geometry":{"type":"MultiLineString","coordinates":[[[39.239098,21.49954],[39.239062,21.499575]]]},"properties":{"duct_type":"FIBER OPTIC","status":"Planned","branch":"السليمانية","length_m":5.328,"duct_id":"UTL_TELECOM_DUCTS-000950"}},{"type":"Feature","id":"UTL_TELECOM_DUCTS-000951","geometry":{"type":"MultiLineString","coordinates":[[[39.249169,21.500054],[39.249168,21.500093]]]},"properties":{"duct_type":"FIBER OPTIC","status":"Planned","branch":"السليمانية","length_m":4.276,"duct_id":"UTL_TELECOM_DUCTS-000951"}},{"type":"Feature","id":"UTL_TELECOM_DUCTS-000952","geometry":{"type":"MultiLineString","coordinates":[[[39.231679,21.5002],[39.231399,21.500205],[39.230491,21.500298],[39.229692,21.500366],[39.228834,21.500436],[39.228064,21.500502],[39.228037,21.500287],[39.227929,21.499484],[39.227296,21.499078],[39.228005,21.498118],[39.228495,21.497445],[39.228992,21.496778],[39.229558,21.49648],[39.230441,21.495927],[39.23113,21.495429],[39.231903,21.495166],[39.231872,21.494955],[39.231862,21.494801]]]},"properties":{"duct_type":"FIBER OPTIC","status":"Planned","branch":"السليمانية","length_m":1271.644,"duct_id":"UTL_TELECOM_DUCTS-000952"}},{"type":"Feature","id":"UTL_TELECOM_DUCTS-000953","geometry":{"type":"MultiLineString","coordinates":[[[39.231862,21.494801],[39.232798,21.494681],[39.232746,21.494526],[39.232766,21.494503],[39.232768,21.494503]]]},"properties":{"duct_type":"FIBER OPTIC","status":"Planned","branch":"السليمانية","length_m":119.423,"duct_id":"UTL_TELECOM_DUCTS-000953"}},{"type":"Feature","id":"UTL_TELECOM_DUCTS-000954","geometry":{"type":"MultiLineString","coordinates":[[[39.231679,21.5002],[39.231671,21.500169]]]},"properties":{"duct_type":"FIBER OPTIC","status":"Planned","branch":"السليمانية","length_m":3.503,"duct_id":"UTL_TELECOM_DUCTS-000954"}},{"type":"Feature","id":"UTL_TELECOM_DUCTS-000955","geometry":{"type":"MultiLineString","coordinates":[[[39.232766,21.494504],[39.232627,21.493379]]]},"properties":{"duct_type":"FIBER OPTIC","status":"Planned","branch":"السليمانية","length_m":125.252,"duct_id":"UTL_TELECOM_DUCTS-000955"}},{"type":"Feature","id":"UTL_TELECOM_DUCTS-000956","geometry":{"type":"MultiLineString","coordinates":[[[39.23322,21.493199],[39.233237,21.493295]]]},"properties":{"duct_type":"FIBER OPTIC","status":"Planned","branch":"السليمانية","length_m":10.766,"duct_id":"UTL_TELECOM_DUCTS-000956"}},{"type":"Feature","id":"UTL_TELECOM_DUCTS-000957","geometry":{"type":"MultiLineString","coordinates":[[[39.232959,21.493335],[39.233237,21.493295]]]},"properties":{"duct_type":"FIBER OPTIC","status":"Planned","branch":"السليمانية","length_m":29.12,"duct_id":"UTL_TELECOM_DUCTS-000957"}},{"type":"Feature","id":"UTL_TELECOM_DUCTS-000958","geometry":{"type":"MultiLineString","coordinates":[[[39.232959,21.493335],[39.232627,21.493379]]]},"properties":{"duct_type":"FIBER OPTIC","status":"Planned","branch":"السليمانية","length_m":34.705,"duct_id":"UTL_TELECOM_DUCTS-000958"}},{"type":"Feature","id":"UTL_TELECOM_DUCTS-000959","geometry":{"type":"MultiLineString","coordinates":[[[39.247609,21.497067],[39.247606,21.49732]]]},"properties":{"duct_type":"Primary","status":"Planned","branch":"السليمانية","length_m":27.949,"duct_id":"UTL_TELECOM_DUCTS-000959"}},{"type":"Feature","id":"UTL_TELECOM_DUCTS-000960","geometry":{"type":"MultiLineString","coordinates":[[[39.24761,21.49706],[39.247626,21.496973]]]},"properties":{"duct_type":"Primary","status":"Planned","branch":"السليمانية","length_m":9.807,"duct_id":"UTL_TELECOM_DUCTS-000960"}},{"type":"Feature","id":"UTL_TELECOM_DUCTS-000961","geometry":{"type":"MultiLineString","coordinates":[[[39.248131,21.497049],[39.247907,21.497014]]]},"properties":{"duct_type":"Primary","status":"Planned","branch":"السليمانية","length_m":23.57,"duct_id":"UTL_TELECOM_DUCTS-000961"}},{"type":"Feature","id":"UTL_TELECOM_DUCTS-000962","geometry":{"type":"MultiLineString","coordinates":[[[39.247609,21.497324],[39.248067,21.497395]]]},"properties":{"duct_type":"Primary","status":"Planned","branch":"السليمانية","length_m":48.13,"duct_id":"UTL_TELECOM_DUCTS-000962"}},{"type":"Feature","id":"UTL_TELECOM_DUCTS-000963","geometry":{"type":"MultiLineString","coordinates":[[[39.248075,21.497396],[39.248517,21.497465]]]},"properties":{"duct_type":"Primary","status":"Planned","branch":"السليمانية","length_m":46.42,"duct_id":"UTL_TELECOM_DUCTS-000963"}},{"type":"Feature","id":"UTL_TELECOM_DUCTS-000964","geometry":{"type":"MultiLineString","coordinates":[[[39.247601,21.497323],[39.24756,21.497299]]]},"properties":{"duct_type":"Primary","status":"Planned","branch":"السليمانية","length_m":5.041,"duct_id":"UTL_TELECOM_DUCTS-000964"}},{"type":"Feature","id":"UTL_TELECOM_DUCTS-000965","geometry":{"type":"MultiLineString","coordinates":[[[39.247901,21.497013],[39.247872,21.497008]]]},"properties":{"duct_type":"Primary","status":"Planned","branch":"السليمانية","length_m":3.113,"duct_id":"UTL_TELECOM_DUCTS-000965"}},{"type":"Feature","id":"UTL_TELECOM_DUCTS-000966","geometry":{"type":"MultiLineString","coordinates":[[[39.247868,21.497008],[39.247629,21.49697]]]},"properties":{"duct_type":"Primary","status":"Planned","branch":"السليمانية","length_m":25.129,"duct_id":"UTL_TELECOM_DUCTS-000966"}},{"type":"Feature","id":"UTL_TELECOM_DUCTS-000967","geometry":{"type":"MultiLineString","coordinates":[[[39.248202,21.496716],[39.248195,21.496715]]]},"properties":{"duct_type":"Primary","status":"Planned","branch":"السليمانية","length_m":0.695,"duct_id":"UTL_TELECOM_DUCTS-000967"}},{"type":"Feature","id":"UTL_TELECOM_DUCTS-000968","geometry":{"type":"MultiLineString","coordinates":[[[39.248192,21.496718],[39.248134,21.497046]]]},"properties":{"duct_type":"Primary","status":"Planned","branch":"السليمانية","length_m":36.899,"duct_id":"UTL_TELECOM_DUCTS-000968"}}]}